Date,Ticker,Lookback_Index,Attention_Weight
2025-03-20,AAPL,1,0.050387777388095856
2025-03-20,AAPL,2,0.05031927302479744
2025-03-20,AAPL,3,0.05033291503787041
2025-03-20,AAPL,4,0.05030428618192673
2025-03-20,AAPL,5,0.05011449754238129
2025-03-20,AAPL,6,0.05004511773586273
2025-03-20,AAPL,7,0.05004687234759331
2025-03-20,AAPL,8,0.05008783936500549
2025-03-20,AAPL,9,0.05006694048643112
2025-03-20,AAPL,10,0.05003897473216057
2025-03-20,AAPL,11,0.05004842206835747
2025-03-20,AAPL,12,0.05016212537884712
2025-03-20,AAPL,13,0.05000986158847809
2025-03-20,AAPL,14,0.049826063215732574
2025-03-20,AAPL,15,0.049669601023197174
2025-03-20,AAPL,16,0.04956551268696785
2025-03-20,AAPL,17,0.04968438297510147
2025-03-20,AAPL,18,0.049773696810007095
2025-03-20,AAPL,19,0.04978485405445099
2025-03-20,AAPL,20,0.04973095655441284
2025-03-20,ADBE,1,0.050147853791713715
2025-03-20,ADBE,2,0.05012301728129387
2025-03-20,ADBE,3,0.05022584646940231
2025-03-20,ADBE,4,0.0502452552318573
2025-03-20,ADBE,5,0.05022092163562775
2025-03-20,ADBE,6,0.05019104480743408
2025-03-20,ADBE,7,0.05016854777932167
2025-03-20,ADBE,8,0.05028950050473213
2025-03-20,ADBE,9,0.050304144620895386
2025-03-20,ADBE,10,0.05027741193771362
2025-03-20,ADBE,11,0.050194647163152695
2025-03-20,ADBE,12,0.05023232474923134
2025-03-20,ADBE,13,0.05015534535050392
2025-03-20,ADBE,14,0.05017996206879616
2025-03-20,ADBE,15,0.05015712231397629
2025-03-20,ADBE,16,0.04944347217679024
2025-03-20,ADBE,17,0.04939759895205498
2025-03-20,ADBE,18,0.04941878467798233
2025-03-20,ADBE,19,0.04936244711279869
2025-03-20,ADBE,20,0.04926484450697899
2025-03-20,AMD,1,0.05005341023206711
2025-03-20,AMD,2,0.04999065771698952
2025-03-20,AMD,3,0.05003032460808754
2025-03-20,AMD,4,0.04998156800866127
2025-03-20,AMD,5,0.0499764159321785
2025-03-20,AMD,6,0.049860745668411255
2025-03-20,AMD,7,0.04985336586833
2025-03-20,AMD,8,0.04992690309882164
2025-03-20,AMD,9,0.04991695284843445
2025-03-20,AMD,10,0.04993235692381859
2025-03-20,AMD,11,0.04996534064412117
2025-03-20,AMD,12,0.050071898847818375
2025-03-20,AMD,13,0.05005316063761711
2025-03-20,AMD,14,0.0501004122197628
2025-03-20,AMD,15,0.05007215216755867
2025-03-20,AMD,16,0.049979932606220245
2025-03-20,AMD,17,0.050033874809741974
2025-03-20,AMD,18,0.050082042813301086
2025-03-20,AMD,19,0.05007246509194374
2025-03-20,AMD,20,0.05004597455263138
2025-03-20,CMCSA,1,0.04985063523054123
2025-03-20,CMCSA,2,0.04984281584620476
2025-03-20,CMCSA,3,0.049873948097229004
2025-03-20,CMCSA,4,0.049845702946186066
2025-03-20,CMCSA,5,0.04974876716732979
2025-03-20,CMCSA,6,0.049753714352846146
2025-03-20,CMCSA,7,0.04995650425553322
2025-03-20,CMCSA,8,0.05019548535346985
2025-03-20,CMCSA,9,0.05019016191363335
2025-03-20,CMCSA,10,0.050233665853738785
2025-03-20,CMCSA,11,0.05025246739387512
2025-03-20,CMCSA,12,0.05020466074347496
2025-03-20,CMCSA,13,0.050024814903736115
2025-03-20,CMCSA,14,0.05000485107302666
2025-03-20,CMCSA,15,0.04990969970822334
2025-03-20,CMCSA,16,0.049836818128824234
2025-03-20,CMCSA,17,0.049939267337322235
2025-03-20,CMCSA,18,0.050085846334695816
2025-03-20,CMCSA,19,0.05013856291770935
2025-03-20,CMCSA,20,0.05011153966188431
2025-03-20,COST,1,0.05047464743256569
2025-03-20,COST,2,0.05042082071304321
2025-03-20,COST,3,0.05040137469768524
2025-03-20,COST,4,0.050372522324323654
2025-03-20,COST,5,0.05019950494170189
2025-03-20,COST,6,0.050153180956840515
2025-03-20,COST,7,0.050198476761579514
2025-03-20,COST,8,0.050212424248456955
2025-03-20,COST,9,0.05017326772212982
2025-03-20,COST,10,0.05014892667531967
2025-03-20,COST,11,0.05005452409386635
2025-03-20,COST,12,0.049839410930871964
2025-03-20,COST,13,0.0497492216527462
2025-03-20,COST,14,0.049698032438755035
2025-03-20,COST,15,0.04963349923491478
2025-03-20,COST,16,0.04951141029596329
2025-03-20,COST,17,0.049660149961709976
2025-03-20,COST,18,0.04973875731229782
2025-03-20,COST,19,0.04971487447619438
2025-03-20,COST,20,0.04964502900838852
2025-03-20,INTC,1,0.04993806034326553
2025-03-20,INTC,2,0.04992195963859558
2025-03-20,INTC,3,0.050017256289720535
2025-03-20,INTC,4,0.05010412260890007
2025-03-20,INTC,5,0.05013566091656685
2025-03-20,INTC,6,0.05010276287794113
2025-03-20,INTC,7,0.050072140991687775
2025-03-20,INTC,8,0.05009160563349724
2025-03-20,INTC,9,0.05001097545027733
2025-03-20,INTC,10,0.04994884878396988
2025-03-20,INTC,11,0.04995741322636604
2025-03-20,INTC,12,0.050040364265441895
2025-03-20,INTC,13,0.050103019922971725
2025-03-20,INTC,14,0.05011777952313423
2025-03-20,INTC,15,0.05001724511384964
2025-03-20,INTC,16,0.049823831766843796
2025-03-20,INTC,17,0.04982928931713104
2025-03-20,INTC,18,0.04990554600954056
2025-03-20,INTC,19,0.049986205995082855
2025-03-20,INTC,20,0.0498759001493454
2025-03-20,INTU,1,0.05043836683034897
2025-03-20,INTU,2,0.05034464970231056
2025-03-20,INTU,3,0.05039238557219505
2025-03-20,INTU,4,0.05027079954743385
2025-03-20,INTU,5,0.04996568337082863
2025-03-20,INTU,6,0.04974183812737465
2025-03-20,INTU,7,0.04976549744606018
2025-03-20,INTU,8,0.04984607920050621
2025-03-20,INTU,9,0.04980621486902237
2025-03-20,INTU,10,0.049884118139743805
2025-03-20,INTU,11,0.04991950839757919
2025-03-20,INTU,12,0.050034049898386
2025-03-20,INTU,13,0.049991775304079056
2025-03-20,INTU,14,0.04993675649166107
2025-03-20,INTU,15,0.04986613243818283
2025-03-20,INTU,16,0.04982377961277962
2025-03-20,INTU,17,0.049920305609703064
2025-03-20,INTU,18,0.05003398284316063
2025-03-20,INTU,19,0.050042588263750076
2025-03-20,INTU,20,0.04997546225786209
2025-03-20,MSFT,1,0.05023011192679405
2025-03-20,MSFT,2,0.05003884434700012
2025-03-20,MSFT,3,0.04997081682085991
2025-03-20,MSFT,4,0.04987819120287895
2025-03-20,MSFT,5,0.04987691715359688
2025-03-20,MSFT,6,0.049853160977363586
2025-03-20,MSFT,7,0.05003855749964714
2025-03-20,MSFT,8,0.05006880313158035
2025-03-20,MSFT,9,0.050094328820705414
2025-03-20,MSFT,10,0.05007306486368179
2025-03-20,MSFT,11,0.04998950660228729
2025-03-20,MSFT,12,0.050032202154397964
2025-03-20,MSFT,13,0.04993519186973572
2025-03-20,MSFT,14,0.04991161450743675
2025-03-20,MSFT,15,0.04992547631263733
2025-03-20,MSFT,16,0.049915920943021774
2025-03-20,MSFT,17,0.05001555010676384
2025-03-20,MSFT,18,0.05008696764707565
2025-03-20,MSFT,19,0.05005284771323204
2025-03-20,MSFT,20,0.05001198127865791
2025-03-20,QCOM,1,0.0502152144908905
2025-03-20,QCOM,2,0.05001869052648544
2025-03-20,QCOM,3,0.05002424120903015
2025-03-20,QCOM,4,0.050043538212776184
2025-03-20,QCOM,5,0.0500018335878849
2025-03-20,QCOM,6,0.04985247552394867
2025-03-20,QCOM,7,0.04989292100071907
2025-03-20,QCOM,8,0.04993180185556412
2025-03-20,QCOM,9,0.04994572699069977
2025-03-20,QCOM,10,0.049936167895793915
2025-03-20,QCOM,11,0.04992689564824104
2025-03-20,QCOM,12,0.050023093819618225
2025-03-20,QCOM,13,0.049978408962488174
2025-03-20,QCOM,14,0.04995395615696907
2025-03-20,QCOM,15,0.04992971569299698
2025-03-20,QCOM,16,0.04994236305356026
2025-03-20,QCOM,17,0.05004585534334183
2025-03-20,QCOM,18,0.050130248069763184
2025-03-20,QCOM,19,0.05011651664972305
2025-03-20,QCOM,20,0.05009029433131218
2025-03-20,SBUX,1,0.05027226731181145
2025-03-20,SBUX,2,0.05019049346446991
2025-03-20,SBUX,3,0.05019731447100639
2025-03-20,SBUX,4,0.050149884074926376
2025-03-20,SBUX,5,0.050035230815410614
2025-03-20,SBUX,6,0.05007154121994972
2025-03-20,SBUX,7,0.050082575529813766
2025-03-20,SBUX,8,0.050137393176555634
2025-03-20,SBUX,9,0.050034381449222565
2025-03-20,SBUX,10,0.04998518154025078
2025-03-20,SBUX,11,0.04983017221093178
2025-03-20,SBUX,12,0.04993676766753197
2025-03-20,SBUX,13,0.049894582480192184
2025-03-20,SBUX,14,0.04986578971147537
2025-03-20,SBUX,15,0.04980356618762016
2025-03-20,SBUX,16,0.04978543519973755
2025-03-20,SBUX,17,0.04990358278155327
2025-03-20,SBUX,18,0.0499655120074749
2025-03-20,SBUX,19,0.04994639381766319
2025-03-20,SBUX,20,0.04991183802485466
2025-03-21,AAPL,1,0.05046641454100609
2025-03-21,AAPL,2,0.05040733143687248
2025-03-21,AAPL,3,0.05034525692462921
2025-03-21,AAPL,4,0.050141800194978714
2025-03-21,AAPL,5,0.05006660148501396
2025-03-21,AAPL,6,0.05006619542837143
2025-03-21,AAPL,7,0.050106488168239594
2025-03-21,AAPL,8,0.05008521303534508
2025-03-21,AAPL,9,0.050057075917720795
2025-03-21,AAPL,10,0.05006645992398262
2025-03-21,AAPL,11,0.05018017068505287
2025-03-21,AAPL,12,0.050027843564748764
2025-03-21,AAPL,13,0.04984397813677788
2025-03-21,AAPL,14,0.0496874563395977
2025-03-21,AAPL,15,0.049583327025175095
2025-03-21,AAPL,16,0.0497022420167923
2025-03-21,AAPL,17,0.04979158937931061
2025-03-21,AAPL,18,0.0498027466237545
2025-03-21,AAPL,19,0.04974883049726486
2025-03-21,AAPL,20,0.04982302710413933
2025-03-21,ADBE,1,0.05013330653309822
2025-03-21,ADBE,2,0.05024822801351547
2025-03-21,ADBE,3,0.050274476408958435
2025-03-21,ADBE,4,0.05025458708405495
2025-03-21,ADBE,5,0.050227560102939606
2025-03-21,ADBE,6,0.05020666494965553
2025-03-21,ADBE,7,0.050328876823186874
2025-03-21,ADBE,8,0.050344012677669525
2025-03-21,ADBE,9,0.050317469984292984
2025-03-21,ADBE,10,0.05023473873734474
2025-03-21,ADBE,11,0.05027250200510025
2025-03-21,ADBE,12,0.05019548535346985
2025-03-21,ADBE,13,0.05022013559937477
2025-03-21,ADBE,14,0.050197288393974304
2025-03-21,ADBE,15,0.04948306828737259
2025-03-21,ADBE,16,0.049437157809734344
2025-03-21,ADBE,17,0.04945836588740349
2025-03-21,ADBE,18,0.04940197989344597
2025-03-21,ADBE,19,0.0493043027818203
2025-03-21,ADBE,20,0.04945969209074974
2025-03-21,AMD,1,0.04998944327235222
2025-03-21,AMD,2,0.05002998933196068
2025-03-21,AMD,3,0.04997970908880234
2025-03-21,AMD,4,0.04997404292225838
2025-03-21,AMD,5,0.04985896125435829
2025-03-21,AMD,6,0.04985157027840614
2025-03-21,AMD,7,0.04992596060037613
2025-03-21,AMD,8,0.04991622641682625
2025-03-21,AMD,9,0.049931738525629044
2025-03-21,AMD,10,0.04996476694941521
2025-03-21,AMD,11,0.05007133260369301
2025-03-21,AMD,12,0.05005260184407234
2025-03-21,AMD,13,0.05009985342621803
2025-03-21,AMD,14,0.0500715933740139
2025-03-21,AMD,15,0.049979373812675476
2025-03-21,AMD,16,0.050033316016197205
2025-03-21,AMD,17,0.05008148029446602
2025-03-21,AMD,18,0.05007190257310867
2025-03-21,AMD,19,0.05004541203379631
2025-03-21,AMD,20,0.050070870667696
2025-03-21,CMCSA,1,0.04989597573876381
2025-03-21,CMCSA,2,0.049881089478731155
2025-03-21,CMCSA,3,0.04983555153012276
2025-03-21,CMCSA,4,0.049731772392988205
2025-03-21,CMCSA,5,0.04973364248871803
2025-03-21,CMCSA,6,0.04993457347154617
2025-03-21,CMCSA,7,0.05017349123954773
2025-03-21,CMCSA,8,0.05016809329390526
2025-03-21,CMCSA,9,0.05021155625581741
2025-03-21,CMCSA,10,0.050230395048856735
2025-03-21,CMCSA,11,0.050182752311229706
2025-03-21,CMCSA,12,0.05000291019678116
2025-03-21,CMCSA,13,0.0499829463660717
2025-03-21,CMCSA,14,0.04988780617713928
2025-03-21,CMCSA,15,0.049814995378255844
2025-03-21,CMCSA,16,0.049917493015527725
2025-03-21,CMCSA,17,0.05006388574838638
2025-03-21,CMCSA,18,0.050116539001464844
2025-03-21,CMCSA,19,0.050089508295059204
2025-03-21,CMCSA,20,0.05014509707689285
2025-03-21,COST,1,0.05062088370323181
2025-03-21,COST,2,0.050500690937042236
2025-03-21,COST,3,0.05042639747262001
2025-03-21,COST,4,0.05023576691746712
2025-03-21,COST,5,0.05018185079097748
2025-03-21,COST,6,0.050224173814058304
2025-03-21,COST,7,0.05023709312081337
2025-03-21,COST,8,0.05019736289978027
2025-03-21,COST,9,0.050172772258520126
2025-03-21,COST,10,0.05007821321487427
2025-03-21,COST,11,0.049862951040267944
2025-03-21,COST,12,0.049772702157497406
2025-03-21,COST,13,0.04972148686647415
2025-03-21,COST,14,0.04965692013502121
2025-03-21,COST,15,0.04953477159142494
2025-03-21,COST,16,0.049683578312397
2025-03-21,COST,17,0.04976222664117813
2025-03-21,COST,18,0.049738332629203796
2025-03-21,COST,19,0.04966845363378525
2025-03-21,COST,20,0.04972333088517189
2025-03-21,INTC,1,0.04997410625219345
2025-03-21,INTC,2,0.050025247037410736
2025-03-21,INTC,3,0.05010036379098892
2025-03-21,INTC,4,0.05012882500886917
2025-03-21,INTC,5,0.05009617283940315
2025-03-21,INTC,6,0.05006587877869606
2025-03-21,INTC,7,0.05008624494075775
2025-03-21,INTC,8,0.0500059649348259
2025-03-21,INTC,9,0.049944017082452774
2025-03-21,INTC,10,0.0499526783823967
2025-03-21,INTC,11,0.05003567412495613
2025-03-21,INTC,12,0.05009835213422775
2025-03-21,INTC,13,0.05011312663555145
2025-03-21,INTC,14,0.050012607127428055
2025-03-21,INTC,15,0.0498192124068737
2025-03-21,INTC,16,0.04982467368245125
2025-03-21,INTC,17,0.04990092292428017
2025-03-21,INTC,18,0.04998157545924187
2025-03-21,INTC,19,0.049871280789375305
2025-03-21,INTC,20,0.04996313527226448
2025-03-21,INTU,1,0.05047031491994858
2025-03-21,INTU,2,0.05046439170837402
2025-03-21,INTU,3,0.050309695303440094
2025-03-21,INTU,4,0.04998646676540375
2025-03-21,INTU,5,0.04975787177681923
2025-03-21,INTU,6,0.04977903142571449
2025-03-21,INTU,7,0.04985896870493889
2025-03-21,INTU,8,0.04981863498687744
2025-03-21,INTU,9,0.04989634454250336
2025-03-21,INTU,10,0.04993165284395218
2025-03-21,INTU,11,0.0500461719930172
2025-03-21,INTU,12,0.05000387504696846
2025-03-21,INTU,13,0.049948837608098984
2025-03-21,INTU,14,0.049878187477588654
2025-03-21,INTU,15,0.049835823476314545
2025-03-21,INTU,16,0.04993237182497978
2025-03-21,INTU,17,0.05004607513546944
2025-03-21,INTU,18,0.05005468800663948
2025-03-21,INTU,19,0.0499875433743
2025-03-21,INTU,20,0.049993064254522324
2025-03-21,MSFT,1,0.050204239785671234
2025-03-21,MSFT,2,0.0500495582818985
2025-03-21,MSFT,3,0.049910109490156174
2025-03-21,MSFT,4,0.04988837614655495
2025-03-21,MSFT,5,0.049855269491672516
2025-03-21,MSFT,6,0.05003639683127403
2025-03-21,MSFT,7,0.050065238028764725
2025-03-21,MSFT,8,0.05008998140692711
2025-03-21,MSFT,9,0.05006839707493782
2025-03-21,MSFT,10,0.04998469352722168
2025-03-21,MSFT,11,0.050027307122945786
2025-03-21,MSFT,12,0.049930281937122345
2025-03-21,MSFT,13,0.04990670084953308
2025-03-21,MSFT,14,0.04992055147886276
2025-03-21,MSFT,15,0.04991099610924721
2025-03-21,MSFT,16,0.05001061409711838
2025-03-21,MSFT,17,0.050082020461559296
2025-03-21,MSFT,18,0.05004790425300598
2025-03-21,MSFT,19,0.05000704526901245
2025-03-21,MSFT,20,0.05000433698296547
2025-03-21,QCOM,1,0.050047267228364944
2025-03-21,QCOM,2,0.050038665533065796
2025-03-21,QCOM,3,0.05005001649260521
2025-03-21,QCOM,4,0.05000601336359978
2025-03-21,QCOM,5,0.04985624551773071
2025-03-21,QCOM,6,0.049896832555532455
2025-03-21,QCOM,7,0.04993611201643944
2025-03-21,QCOM,8,0.04995015636086464
2025-03-21,QCOM,9,0.04994065314531326
2025-03-21,QCOM,10,0.04993141070008278
2025-03-21,QCOM,11,0.05002763867378235
2025-03-21,QCOM,12,0.049982961267232895
2025-03-21,QCOM,13,0.04995851218700409
2025-03-21,QCOM,14,0.049934271723032
2025-03-21,QCOM,15,0.04994692653417587
2025-03-21,QCOM,16,0.05005042627453804
2025-03-21,QCOM,17,0.05013483017683029
2025-03-21,QCOM,18,0.05012109503149986
2025-03-21,QCOM,19,0.05009487271308899
2025-03-21,QCOM,20,0.050095170736312866
2025-03-21,SBUX,1,0.050291143357753754
2025-03-21,SBUX,2,0.05024835094809532
2025-03-21,SBUX,3,0.0501759834587574
2025-03-21,SBUX,4,0.050051312893629074
2025-03-21,SBUX,5,0.05008357763290405
2025-03-21,SBUX,6,0.05009279027581215
2025-03-21,SBUX,7,0.05014696344733238
2025-03-21,SBUX,8,0.05004351958632469
2025-03-21,SBUX,9,0.049994125962257385
2025-03-21,SBUX,10,0.049838993698358536
2025-03-21,SBUX,11,0.04994557797908783
2025-03-21,SBUX,12,0.049903374165296555
2025-03-21,SBUX,13,0.04987457022070885
2025-03-21,SBUX,14,0.049812331795692444
2025-03-21,SBUX,15,0.04979420080780983
2025-03-21,SBUX,16,0.04991236329078674
2025-03-21,SBUX,17,0.04997430741786957
2025-03-21,SBUX,18,0.04995518550276756
2025-03-21,SBUX,19,0.04992062225937843
2025-03-21,SBUX,20,0.049940768629312515
2025-03-24,AAPL,1,0.050558436661958694
2025-03-24,AAPL,2,0.050425972789525986
2025-03-24,AAPL,3,0.05018597096204758
2025-03-24,AAPL,4,0.050092704594135284
2025-03-24,AAPL,5,0.05008412152528763
2025-03-24,AAPL,6,0.05012199655175209
2025-03-24,AAPL,7,0.050099439918994904
2025-03-24,AAPL,8,0.05007074773311615
2025-03-24,AAPL,9,0.05007988214492798
2025-03-24,AAPL,10,0.05019351467490196
2025-03-24,AAPL,11,0.05004110932350159
2025-03-24,AAPL,12,0.04985717684030533
2025-03-24,AAPL,13,0.04970061033964157
2025-03-24,AAPL,14,0.049596451222896576
2025-03-24,AAPL,15,0.049715396016836166
2025-03-24,AAPL,16,0.04980476573109627
2025-03-24,AAPL,17,0.04981592670083046
2025-03-24,AAPL,18,0.04976199194788933
2025-03-24,AAPL,19,0.04983621463179588
2025-03-24,AAPL,20,0.04995747283101082
2025-03-24,ADBE,1,0.050306178629398346
2025-03-24,ADBE,2,0.05031546205282211
2025-03-24,ADBE,3,0.050284579396247864
2025-03-24,ADBE,4,0.05025249719619751
2025-03-24,ADBE,5,0.05022907629609108
2025-03-24,ADBE,6,0.05035162344574928
2025-03-24,ADBE,7,0.05036675184965134
2025-03-24,ADBE,8,0.0503401979804039
2025-03-24,ADBE,9,0.05025746673345566
2025-03-24,ADBE,10,0.050295278429985046
2025-03-24,ADBE,11,0.050218261778354645
2025-03-24,ADBE,12,0.05024293437600136
2025-03-24,ADBE,13,0.050220079720020294
2025-03-24,ADBE,14,0.04950554668903351
2025-03-24,ADBE,15,0.04945961758494377
2025-03-24,ADBE,16,0.04948083311319351
2025-03-24,ADBE,17,0.0494244247674942
2025-03-24,ADBE,18,0.04932670295238495
2025-03-24,ADBE,19,0.04948216676712036
2025-03-24,ADBE,20,0.04964028298854828
2025-03-24,AMD,1,0.05009310320019722
2025-03-24,AMD,2,0.05000803992152214
2025-03-24,AMD,3,0.049978435039520264
2025-03-24,AMD,4,0.04985370114445686
2025-03-24,AMD,5,0.049840305000543594
2025-03-24,AMD,6,0.049914292991161346
2025-03-24,AMD,7,0.0499039851129055
2025-03-24,AMD,8,0.04991935193538666
2025-03-24,AMD,9,0.04995230212807655
2025-03-24,AMD,10,0.05005878210067749
2025-03-24,AMD,11,0.050040051341056824
2025-03-24,AMD,12,0.050087276846170425
2025-03-24,AMD,13,0.05005901679396629
2025-03-24,AMD,14,0.04996681585907936
2025-03-24,AMD,15,0.050020743161439896
2025-03-24,AMD,16,0.050068892538547516
2025-03-24,AMD,17,0.05005931854248047
2025-03-24,AMD,18,0.0500328354537487
2025-03-24,AMD,19,0.050058286637067795
2025-03-24,AMD,20,0.05008454993367195
2025-03-24,CMCSA,1,0.049942996352910995
2025-03-24,CMCSA,2,0.049857594072818756
2025-03-24,CMCSA,3,0.04973424971103668
2025-03-24,CMCSA,4,0.04972536861896515
2025-03-24,CMCSA,5,0.04991981014609337
2025-03-24,CMCSA,6,0.0501578263938427
2025-03-24,CMCSA,7,0.0501517653465271
2025-03-24,CMCSA,8,0.05019495263695717
2025-03-24,CMCSA,9,0.05021369457244873
2025-03-24,CMCSA,10,0.050166066735982895
2025-03-24,CMCSA,11,0.04998624324798584
2025-03-24,CMCSA,12,0.049966271966695786
2025-03-24,CMCSA,13,0.04987115412950516
2025-03-24,CMCSA,14,0.049798384308815
2025-03-24,CMCSA,15,0.04990088567137718
2025-03-24,CMCSA,16,0.05004717409610748
2025-03-24,CMCSA,17,0.050099797546863556
2025-03-24,CMCSA,18,0.05007276311516762
2025-03-24,CMCSA,19,0.05012833699584007
2025-03-24,CMCSA,20,0.050064653158187866
2025-03-24,COST,1,0.050682857632637024
2025-03-24,COST,2,0.05051950365304947
2025-03-24,COST,3,0.050290822982788086
2025-03-24,COST,4,0.05021844431757927
2025-03-24,COST,5,0.05025196447968483
2025-03-24,COST,6,0.05026229843497276
2025-03-24,COST,7,0.05022119730710983
2025-03-24,COST,8,0.05019601061940193
2025-03-24,COST,9,0.05010112747550011
2025-03-24,COST,10,0.049886010587215424
2025-03-24,COST,11,0.04979606717824936
2025-03-24,COST,12,0.04974506050348282
2025-03-24,COST,13,0.04968070983886719
2025-03-24,COST,14,0.04955872893333435
2025-03-24,COST,15,0.049707379192113876
2025-03-24,COST,16,0.04978605732321739
2025-03-24,COST,17,0.04976239055395126
2025-03-24,COST,18,0.04969270899891853
2025-03-24,COST,19,0.04974763095378876
2025-03-24,COST,20,0.04989306256175041
2025-03-24,INTC,1,0.05008716881275177
2025-03-24,INTC,2,0.05011980980634689
2025-03-24,INTC,3,0.05012812837958336
2025-03-24,INTC,4,0.0500890277326107
2025-03-24,INTC,5,0.050055839121341705
2025-03-24,INTC,6,0.05007666349411011
2025-03-24,INTC,7,0.04999658465385437
2025-03-24,INTC,8,0.04993477463722229
2025-03-24,INTC,9,0.04994354397058487
2025-03-24,INTC,10,0.05002658814191818
2025-03-24,INTC,11,0.05008930712938309
2025-03-24,INTC,12,0.05010410025715828
2025-03-24,INTC,13,0.05000361427664757
2025-03-24,INTC,14,0.0498102605342865
2025-03-24,INTC,15,0.04981572553515434
2025-03-24,INTC,16,0.04989195987582207
2025-03-24,INTC,17,0.049972597509622574
2025-03-24,INTC,18,0.0498623251914978
2025-03-24,INTC,19,0.049954164773225784
2025-03-24,INTC,20,0.050037823617458344
2025-03-24,INTU,1,0.05061313509941101
2025-03-24,INTU,2,0.05039290338754654
2025-03-24,INTU,3,0.050016824156045914
2025-03-24,INTU,4,0.04977547377347946
2025-03-24,INTU,5,0.04978896677494049
2025-03-24,INTU,6,0.04986701160669327
2025-03-24,INTU,7,0.04982547461986542
2025-03-24,INTU,8,0.04990266636013985
2025-03-24,INTU,9,0.04993773624300957
2025-03-24,INTU,10,0.05005216225981712
2025-03-24,INTU,11,0.05000981688499451
2025-03-24,INTU,12,0.04995475709438324
2025-03-24,INTU,13,0.049884092062711716
2025-03-24,INTU,14,0.04984171688556671
2025-03-24,INTU,15,0.049938276410102844
2025-03-24,INTU,16,0.05005199462175369
2025-03-24,INTU,17,0.05006060376763344
2025-03-24,INTU,18,0.049993451684713364
2025-03-24,INTU,19,0.04999897629022598
2025-03-24,INTU,20,0.05009391903877258
2025-03-24,MSFT,1,0.05025014653801918
2025-03-24,MSFT,2,0.05000123754143715
2025-03-24,MSFT,3,0.04992293938994408
2025-03-24,MSFT,4,0.04986227676272392
2025-03-24,MSFT,5,0.05002984777092934
2025-03-24,MSFT,6,0.05005446821451187
2025-03-24,MSFT,7,0.05007688328623772
2025-03-24,MSFT,8,0.050054315477609634
2025-03-24,MSFT,9,0.049970220774412155
2025-03-24,MSFT,10,0.05001263692975044
2025-03-24,MSFT,11,0.04991556704044342
2025-03-24,MSFT,12,0.04989195987582207
2025-03-24,MSFT,13,0.049905791878700256
2025-03-24,MSFT,14,0.0498962365090847
2025-03-24,MSFT,15,0.049995820969343185
2025-03-24,MSFT,16,0.05006720870733261
2025-03-24,MSFT,17,0.050033099949359894
2025-03-24,MSFT,18,0.04999225214123726
2025-03-24,MSFT,19,0.049989547580480576
2025-03-24,MSFT,20,0.050077639520168304
2025-03-24,QCOM,1,0.05016467720270157
2025-03-24,QCOM,2,0.050099536776542664
2025-03-24,QCOM,3,0.0500168539583683
2025-03-24,QCOM,4,0.04985104873776436
2025-03-24,QCOM,5,0.049883775413036346
2025-03-24,QCOM,6,0.04992125183343887
2025-03-24,QCOM,7,0.04993430897593498
2025-03-24,QCOM,8,0.04992442578077316
2025-03-24,QCOM,9,0.04991506040096283
2025-03-24,QCOM,10,0.05001121386885643
2025-03-24,QCOM,11,0.04996655508875847
2025-03-24,QCOM,12,0.04994212090969086
2025-03-24,QCOM,13,0.04991788789629936
2025-03-24,QCOM,14,0.04993053898215294
2025-03-24,QCOM,15,0.05003400519490242
2025-03-24,QCOM,16,0.05011838674545288
2025-03-24,QCOM,17,0.05010465532541275
2025-03-24,QCOM,18,0.050078436732292175
2025-03-24,QCOM,19,0.05007874220609665
2025-03-24,QCOM,20,0.05010651797056198
2025-03-24,SBUX,1,0.050374459475278854
2025-03-24,SBUX,2,0.050240278244018555
2025-03-24,SBUX,3,0.05008324608206749
2025-03-24,SBUX,4,0.05010002478957176
2025-03-24,SBUX,5,0.05010189116001129
2025-03-24,SBUX,6,0.05015360563993454
2025-03-24,SBUX,7,0.050048839300870895
2025-03-24,SBUX,8,0.04999883845448494
2025-03-24,SBUX,9,0.04984342306852341
2025-03-24,SBUX,10,0.04994990676641464
2025-03-24,SBUX,11,0.04990766569972038
2025-03-24,SBUX,12,0.04987884312868118
2025-03-24,SBUX,13,0.049816589802503586
2025-03-24,SBUX,14,0.04979845508933067
2025-03-24,SBUX,15,0.04991662874817848
2025-03-24,SBUX,16,0.049978580325841904
2025-03-24,SBUX,17,0.0499594546854496
2025-03-24,SBUX,18,0.04992488771677017
2025-03-24,SBUX,19,0.04994503781199455
2025-03-24,SBUX,20,0.04997927322983742
2025-03-25,AAPL,1,0.05054933577775955
2025-03-25,AAPL,2,0.050261981785297394
2025-03-25,AAPL,3,0.0501372404396534
2025-03-25,AAPL,4,0.05011139437556267
2025-03-25,AAPL,5,0.05014246702194214
2025-03-25,AAPL,6,0.05011671781539917
2025-03-25,AAPL,7,0.05008653178811073
2025-03-25,AAPL,8,0.05009492114186287
2025-03-25,AAPL,9,0.050208210945129395
2025-03-25,AAPL,10,0.050055600702762604
2025-03-25,AAPL,11,0.04987155273556709
2025-03-25,AAPL,12,0.049714911729097366
2025-03-25,AAPL,13,0.04961070790886879
2025-03-25,AAPL,14,0.04972967505455017
2025-03-25,AAPL,15,0.04981906712055206
2025-03-25,AAPL,16,0.04983023181557655
2025-03-25,AAPL,17,0.04977628216147423
2025-03-25,AAPL,18,0.04985051974654198
2025-03-25,AAPL,19,0.049971818923950195
2025-03-25,AAPL,20,0.05006088316440582
2025-03-25,ADBE,1,0.050305869430303574
2025-03-25,ADBE,2,0.05030616745352745
2025-03-25,ADBE,3,0.050282593816518784
2025-03-25,ADBE,4,0.05026014894247055
2025-03-25,ADBE,5,0.050382502377033234
2025-03-25,ADBE,6,0.05039738118648529
2025-03-25,ADBE,7,0.05037050321698189
2025-03-25,ADBE,8,0.05028748884797096
2025-03-25,ADBE,9,0.05032513290643692
2025-03-25,ADBE,10,0.050247982144355774
2025-03-25,ADBE,11,0.0502726286649704
2025-03-25,ADBE,12,0.05024973675608635
2025-03-25,ADBE,13,0.049534767866134644
2025-03-25,ADBE,14,0.04948880523443222
2025-03-25,ADBE,15,0.049510035663843155
2025-03-25,ADBE,16,0.04945359006524086
2025-03-25,ADBE,17,0.04935580864548683
2025-03-25,ADBE,18,0.049511365592479706
2025-03-25,ADBE,19,0.04966957867145538
2025-03-25,ADBE,20,0.04978781193494797
2025-03-25,AMD,1,0.05002141743898392
2025-03-25,AMD,2,0.04999299347400665
2025-03-25,AMD,3,0.049862995743751526
2025-03-25,AMD,4,0.04984351992607117
2025-03-25,AMD,5,0.04991528019309044
2025-03-25,AMD,6,0.04990360513329506
2025-03-25,AMD,7,0.04991829767823219
2025-03-25,AMD,8,0.049950823187828064
2025-03-25,AMD,9,0.05005694553256035
2025-03-25,AMD,10,0.05003805086016655
2025-03-25,AMD,11,0.05008517950773239
2025-03-25,AMD,12,0.05005687102675438
2025-03-25,AMD,13,0.04996465519070625
2025-03-25,AMD,14,0.050018563866615295
2025-03-25,AMD,15,0.05006670206785202
2025-03-25,AMD,16,0.05005712807178497
2025-03-25,AMD,17,0.05003064125776291
2025-03-25,AMD,18,0.0500560887157917
2025-03-25,AMD,19,0.05008235201239586
2025-03-25,AMD,20,0.05007798597216606
2025-03-25,CMCSA,1,0.04988615959882736
2025-03-25,CMCSA,2,0.04974624142050743
2025-03-25,CMCSA,3,0.04972679913043976
2025-03-25,CMCSA,4,0.04991428926587105
2025-03-25,CMCSA,5,0.05014856904745102
2025-03-25,CMCSA,6,0.050140656530857086
2025-03-25,CMCSA,7,0.05018284544348717
2025-03-25,CMCSA,8,0.05020098388195038
2025-03-25,CMCSA,9,0.05015307664871216
2025-03-25,CMCSA,10,0.04997310787439346
2025-03-25,CMCSA,11,0.04995306581258774
2025-03-25,CMCSA,12,0.04985791817307472
2025-03-25,CMCSA,13,0.049785174429416656
2025-03-25,CMCSA,14,0.04988769069314003
2025-03-25,CMCSA,15,0.05003385990858078
2025-03-25,CMCSA,16,0.05008644238114357
2025-03-25,CMCSA,17,0.05005940794944763
2025-03-25,CMCSA,18,0.05011496692895889
2025-03-25,CMCSA,19,0.05005137622356415
2025-03-25,CMCSA,20,0.0500972755253315
2025-03-25,COST,1,0.050674401223659515
2025-03-25,COST,2,0.050380889326334
2025-03-25,COST,3,0.05027120187878609
2025-03-25,COST,4,0.05028403922915459
2025-03-25,COST,5,0.050286915153265
2025-03-25,COST,6,0.050242554396390915
2025-03-25,COST,7,0.05021600425243378
2025-03-25,COST,8,0.05012033134698868
2025-03-25,COST,9,0.04990673437714577
2025-03-25,COST,10,0.04981868714094162
2025-03-25,COST,11,0.04976891726255417
2025-03-25,COST,12,0.049705859273672104
2025-03-25,COST,13,0.0495850145816803
2025-03-25,COST,14,0.0497325174510479
2025-03-25,COST,15,0.049811214208602905
2025-03-25,COST,16,0.04978879168629646
2025-03-25,COST,17,0.04972028732299805
2025-03-25,COST,18,0.04977533593773842
2025-03-25,COST,19,0.049918822944164276
2025-03-25,COST,20,0.049991458654403687
2025-03-25,INTC,1,0.05013413727283478
2025-03-25,INTC,2,0.050127625465393066
2025-03-25,INTC,3,0.050086021423339844
2025-03-25,INTC,4,0.05005163699388504
2025-03-25,INTC,5,0.050071533769369125
2025-03-25,INTC,6,0.049991484731435776
2025-03-25,INTC,7,0.04992957413196564
2025-03-25,INTC,8,0.049938227981328964
2025-03-25,INTC,9,0.05002117156982422
2025-03-25,INTC,10,0.05008382722735405
2025-03-25,INTC,11,0.05009859427809715
2025-03-25,INTC,12,0.049998100847005844
2025-03-25,INTC,13,0.04980476200580597
2025-03-25,INTC,14,0.049810223281383514
2025-03-25,INTC,15,0.04988645017147064
2025-03-25,INTC,16,0.04996707662940025
2025-03-25,INTC,17,0.04985681548714638
2025-03-25,INTC,18,0.049948643893003464
2025-03-25,INTC,19,0.050032295286655426
2025-03-25,INTC,20,0.050161831080913544
2025-03-25,INTU,1,0.05048047751188278
2025-03-25,INTU,2,0.05006779357790947
2025-03-25,INTU,3,0.049811072647571564
2025-03-25,INTU,4,0.049813251942396164
2025-03-25,INTU,5,0.049887146800756454
2025-03-25,INTU,6,0.04984314367175102
2025-03-25,INTU,7,0.04991915822029114
2025-03-25,INTU,8,0.04995359107851982
2025-03-25,INTU,9,0.050067704170942307
2025-03-25,INTU,10,0.05002519488334656
2025-03-25,INTU,11,0.04997004196047783
2025-03-25,INTU,12,0.04989932104945183
2025-03-25,INTU,13,0.049856916069984436
2025-03-25,INTU,14,0.04995349794626236
2025-03-25,INTU,15,0.0500672422349453
2025-03-25,INTU,16,0.05007585510611534
2025-03-25,INTU,17,0.05000867694616318
2025-03-25,INTU,18,0.050014201551675797
2025-03-25,INTU,19,0.05010918155312538
2025-03-25,INTU,20,0.05017663165926933
2025-03-25,MSFT,1,0.05017148330807686
2025-03-25,MSFT,2,0.05000993609428406
2025-03-25,MSFT,3,0.0498969666659832
2025-03-25,MSFT,4,0.05003643408417702
2025-03-25,MSFT,5,0.05004983767867088
2025-03-25,MSFT,6,0.05006653442978859
2025-03-25,MSFT,7,0.050041329115629196
2025-03-25,MSFT,8,0.049956079572439194
2025-03-25,MSFT,9,0.04999791458249092
2025-03-25,MSFT,10,0.049900636076927185
2025-03-25,MSFT,11,0.04987693205475807
2025-03-25,MSFT,12,0.04989071562886238
2025-03-25,MSFT,13,0.049881137907505035
2025-03-25,MSFT,14,0.049980681389570236
2025-03-25,MSFT,15,0.050052039325237274
2025-03-25,MSFT,16,0.05001794174313545
2025-03-25,MSFT,17,0.04997710511088371
2025-03-25,MSFT,18,0.04997440055012703
2025-03-25,MSFT,19,0.05006246268749237
2025-03-25,MSFT,20,0.05015946179628372
2025-03-25,QCOM,1,0.05016671121120453
2025-03-25,QCOM,2,0.05005223676562309
2025-03-25,QCOM,3,0.04986441135406494
2025-03-25,QCOM,4,0.04988366365432739
2025-03-25,QCOM,5,0.04991563409566879
2025-03-25,QCOM,6,0.04992597550153732
2025-03-25,QCOM,7,0.04991476610302925
2025-03-25,QCOM,8,0.04990476742386818
2025-03-25,QCOM,9,0.050000566989183426
2025-03-25,QCOM,10,0.04995579272508621
2025-03-25,QCOM,11,0.049931298941373825
2025-03-25,QCOM,12,0.04990704730153084
2025-03-25,QCOM,13,0.04991967976093292
2025-03-25,QCOM,14,0.050023119896650314
2025-03-25,QCOM,15,0.050107475370168686
2025-03-25,QCOM,16,0.05009375140070915
2025-03-25,QCOM,17,0.050067536532878876
2025-03-25,QCOM,18,0.05006783828139305
2025-03-25,QCOM,19,0.050095610320568085
2025-03-25,QCOM,20,0.05020200461149216
2025-03-25,SBUX,1,0.05033435672521591
2025-03-25,SBUX,2,0.0501437671482563
2025-03-25,SBUX,3,0.05013507232069969
2025-03-25,SBUX,4,0.050121452659368515
2025-03-25,SBUX,5,0.050166379660367966
2025-03-25,SBUX,6,0.050058379769325256
2025-03-25,SBUX,7,0.05000694468617439
2025-03-25,SBUX,8,0.04985121265053749
2025-03-25,SBUX,9,0.04995764046907425
2025-03-25,SBUX,10,0.04991569742560387
2025-03-25,SBUX,11,0.04988691955804825
2025-03-25,SBUX,12,0.04982464760541916
2025-03-25,SBUX,13,0.04980684071779251
2025-03-25,SBUX,14,0.049925193190574646
2025-03-25,SBUX,15,0.049987152218818665
2025-03-25,SBUX,16,0.049967844039201736
2025-03-25,SBUX,17,0.049933064728975296
2025-03-25,SBUX,18,0.04995320364832878
2025-03-25,SBUX,19,0.04998766630887985
2025-03-25,SBUX,20,0.050036557018756866
2025-03-26,AAPL,1,0.050883304327726364
2025-03-26,AAPL,2,0.05044721066951752
2025-03-26,AAPL,3,0.05019881948828697
2025-03-26,AAPL,4,0.05012642964720726
2025-03-26,AAPL,5,0.050532758235931396
2025-03-26,AAPL,6,0.05063570290803909
2025-03-26,AAPL,7,0.0503968745470047
2025-03-26,AAPL,8,0.050130948424339294
2025-03-26,AAPL,9,0.05011230334639549
2025-03-26,AAPL,10,0.050369810312986374
2025-03-26,AAPL,11,0.05038517713546753
2025-03-26,AAPL,12,0.04999770224094391
2025-03-26,AAPL,13,0.04958954080939293
2025-03-26,AAPL,14,0.049311526119709015
2025-03-26,AAPL,15,0.049725767225027084
2025-03-26,AAPL,16,0.049798786640167236
2025-03-26,AAPL,17,0.04946498945355415
2025-03-26,AAPL,18,0.04928009584546089
2025-03-26,AAPL,19,0.049072735011577606
2025-03-26,AAPL,20,0.04953945428133011
2025-03-26,ADBE,1,0.05117261782288551
2025-03-26,ADBE,2,0.050609104335308075
2025-03-26,ADBE,3,0.05010174959897995
2025-03-26,ADBE,4,0.05009234696626663
2025-03-26,ADBE,5,0.05048604682087898
2025-03-26,ADBE,6,0.050670623779296875
2025-03-26,ADBE,7,0.05058537423610687
2025-03-26,ADBE,8,0.05028441175818443
2025-03-26,ADBE,9,0.05026087164878845
2025-03-26,ADBE,10,0.05062950775027275
2025-03-26,ADBE,11,0.0506366491317749
2025-03-26,ADBE,12,0.05012800544500351
2025-03-26,ADBE,13,0.04958834499120712
2025-03-26,ADBE,14,0.04928911104798317
2025-03-26,ADBE,15,0.049762703478336334
2025-03-26,ADBE,16,0.04985387995839119
2025-03-26,ADBE,17,0.04927389323711395
2025-03-26,ADBE,18,0.048950210213661194
2025-03-26,ADBE,19,0.04855800420045853
2025-03-26,ADBE,20,0.049066588282585144
2025-03-26,AMD,1,0.05092930793762207
2025-03-26,AMD,2,0.05031788721680641
2025-03-26,AMD,3,0.04973229393362999
2025-03-26,AMD,4,0.04966169595718384
2025-03-26,AMD,5,0.049940675497055054
2025-03-26,AMD,6,0.05011351406574249
2025-03-26,AMD,7,0.05013447254896164
2025-03-26,AMD,8,0.04982588812708855
2025-03-26,AMD,9,0.04985266178846359
2025-03-26,AMD,10,0.05017239972949028
2025-03-26,AMD,11,0.0500887855887413
2025-03-26,AMD,12,0.050055403262376785
2025-03-26,AMD,13,0.04976888373494148
2025-03-26,AMD,14,0.04948566481471062
2025-03-26,AMD,15,0.050127431750297546
2025-03-26,AMD,16,0.05017745867371559
2025-03-26,AMD,17,0.0498853363096714
2025-03-26,AMD,18,0.04984744265675545
2025-03-26,AMD,19,0.0496014840900898
2025-03-26,AMD,20,0.05028127506375313
2025-03-26,CMCSA,1,0.050314996391534805
2025-03-26,CMCSA,2,0.04918501153588295
2025-03-26,CMCSA,3,0.04949447512626648
2025-03-26,CMCSA,4,0.04988015815615654
2025-03-26,CMCSA,5,0.050505176186561584
2025-03-26,CMCSA,6,0.05057495832443237
2025-03-26,CMCSA,7,0.050166402012109756
2025-03-26,CMCSA,8,0.05014278367161751
2025-03-26,CMCSA,9,0.05006687343120575
2025-03-26,CMCSA,10,0.0504574291408062
2025-03-26,CMCSA,11,0.050600770860910416
2025-03-26,CMCSA,12,0.05015381798148155
2025-03-26,CMCSA,13,0.049766331911087036
2025-03-26,CMCSA,14,0.049500130116939545
2025-03-26,CMCSA,15,0.050008997321128845
2025-03-26,CMCSA,16,0.05015629157423973
2025-03-26,CMCSA,17,0.049833476543426514
2025-03-26,CMCSA,18,0.04974217712879181
2025-03-26,CMCSA,19,0.04943821579217911
2025-03-26,CMCSA,20,0.05001159757375717
2025-03-26,COST,1,0.050965480506420135
2025-03-26,COST,2,0.050628662109375
2025-03-26,COST,3,0.050346385687589645
2025-03-26,COST,4,0.050272777676582336
2025-03-26,COST,5,0.050593309104442596
2025-03-26,COST,6,0.05064171180129051
2025-03-26,COST,7,0.050526633858680725
2025-03-26,COST,8,0.05025000497698784
2025-03-26,COST,9,0.049820490181446075
2025-03-26,COST,10,0.0500522181391716
2025-03-26,COST,11,0.050101179629564285
2025-03-26,COST,12,0.04980648681521416
2025-03-26,COST,13,0.049515996128320694
2025-03-26,COST,14,0.049259837716817856
2025-03-26,COST,15,0.04969760775566101
2025-03-26,COST,16,0.049786027520895004
2025-03-26,COST,17,0.04953647032380104
2025-03-26,COST,18,0.04941672459244728
2025-03-26,COST,19,0.04919976368546486
2025-03-26,COST,20,0.04958206042647362
2025-03-26,INTC,1,0.051200445741415024
2025-03-26,INTC,2,0.050385817885398865
2025-03-26,INTC,3,0.05001867562532425
2025-03-26,INTC,4,0.049908656626939774
2025-03-26,INTC,5,0.050220660865306854
2025-03-26,INTC,6,0.05016090348362923
2025-03-26,INTC,7,0.04974894970655441
2025-03-26,INTC,8,0.04960973933339119
2025-03-26,INTC,9,0.049293629825115204
2025-03-26,INTC,10,0.04965005815029144
2025-03-26,INTC,11,0.04966948553919792
2025-03-26,INTC,12,0.04959267005324364
2025-03-26,INTC,13,0.049645163118839264
2025-03-26,INTC,14,0.049609605222940445
2025-03-26,INTC,15,0.0501876138150692
2025-03-26,INTC,16,0.050580769777297974
2025-03-26,INTC,17,0.05022823438048363
2025-03-26,INTC,18,0.05012000724673271
2025-03-26,INTC,19,0.04982157424092293
2025-03-26,INTC,20,0.050347376614809036
2025-03-26,INTU,1,0.05039912089705467
2025-03-26,INTU,2,0.050175413489341736
2025-03-26,INTU,3,0.050112735480070114
2025-03-26,INTU,4,0.05001338571310043
2025-03-26,INTU,5,0.050362344831228256
2025-03-26,INTU,6,0.05036948248744011
2025-03-26,INTU,7,0.050116006284952164
2025-03-26,INTU,8,0.049920570105314255
2025-03-26,INTU,9,0.04967114329338074
2025-03-26,INTU,10,0.050001487135887146
2025-03-26,INTU,11,0.0500931590795517
2025-03-26,INTU,12,0.04986707493662834
2025-03-26,INTU,13,0.049761489033699036
2025-03-26,INTU,14,0.04953499138355255
2025-03-26,INTU,15,0.04997987672686577
2025-03-26,INTU,16,0.050124641507864
2025-03-26,INTU,17,0.049925584346055984
2025-03-26,INTU,18,0.049819305539131165
2025-03-26,INTU,19,0.049637481570243835
2025-03-26,INTU,20,0.05011480301618576
2025-03-26,MSFT,1,0.05041765049099922
2025-03-26,MSFT,2,0.04995416849851608
2025-03-26,MSFT,3,0.04997440055012703
2025-03-26,MSFT,4,0.05004353076219559
2025-03-26,MSFT,5,0.05035844072699547
2025-03-26,MSFT,6,0.05033477395772934
2025-03-26,MSFT,7,0.0502479188144207
2025-03-26,MSFT,8,0.05007701739668846
2025-03-26,MSFT,9,0.04991486296057701
2025-03-26,MSFT,10,0.05017471686005592
2025-03-26,MSFT,11,0.05018435791134834
2025-03-26,MSFT,12,0.04994790256023407
2025-03-26,MSFT,13,0.049735359847545624
2025-03-26,MSFT,14,0.04954560846090317
2025-03-26,MSFT,15,0.0500035434961319
2025-03-26,MSFT,16,0.05006907880306244
2025-03-26,MSFT,17,0.049839459359645844
2025-03-26,MSFT,18,0.049692243337631226
2025-03-26,MSFT,19,0.049509529024362564
2025-03-26,MSFT,20,0.049975454807281494
2025-03-26,QCOM,1,0.05078619346022606
2025-03-26,QCOM,2,0.05047261342406273
2025-03-26,QCOM,3,0.0499458983540535
2025-03-26,QCOM,4,0.04985208809375763
2025-03-26,QCOM,5,0.05017014965415001
2025-03-26,QCOM,6,0.0502273365855217
2025-03-26,QCOM,7,0.05004400759935379
2025-03-26,QCOM,8,0.04980923980474472
2025-03-26,QCOM,9,0.04978156462311745
2025-03-26,QCOM,10,0.0501747652888298
2025-03-26,QCOM,11,0.05026004835963249
2025-03-26,QCOM,12,0.04997330904006958
2025-03-26,QCOM,13,0.04967416822910309
2025-03-26,QCOM,14,0.04949100315570831
2025-03-26,QCOM,15,0.04999079927802086
2025-03-26,QCOM,16,0.05007492005825043
2025-03-26,QCOM,17,0.04985799267888069
2025-03-26,QCOM,18,0.04975055158138275
2025-03-26,QCOM,19,0.04954906553030014
2025-03-26,QCOM,20,0.050114233046770096
2025-03-26,SBUX,1,0.050838105380535126
2025-03-26,SBUX,2,0.05056282877922058
2025-03-26,SBUX,3,0.05034719407558441
2025-03-26,SBUX,4,0.0504457950592041
2025-03-26,SBUX,5,0.050843510776758194
2025-03-26,SBUX,6,0.05088050663471222
2025-03-26,SBUX,7,0.05066407844424248
2025-03-26,SBUX,8,0.050116267055273056
2025-03-26,SBUX,9,0.04989105090498924
2025-03-26,SBUX,10,0.050127528607845306
2025-03-26,SBUX,11,0.05017721280455589
2025-03-26,SBUX,12,0.04979749023914337
2025-03-26,SBUX,13,0.049394331872463226
2025-03-26,SBUX,14,0.049213796854019165
2025-03-26,SBUX,15,0.04966844990849495
2025-03-26,SBUX,16,0.04979439079761505
2025-03-26,SBUX,17,0.04949650168418884
2025-03-26,SBUX,18,0.04928773641586304
2025-03-26,SBUX,19,0.04904137924313545
2025-03-26,SBUX,20,0.049411773681640625
2025-03-27,AAPL,1,0.050498031079769135
2025-03-27,AAPL,2,0.05024811625480652
2025-03-27,AAPL,3,0.05017835274338722
2025-03-27,AAPL,4,0.05058620497584343
2025-03-27,AAPL,5,0.050689805299043655
2025-03-27,AAPL,6,0.05045099928975105
2025-03-27,AAPL,7,0.05018489062786102
2025-03-27,AAPL,8,0.05016625300049782
2025-03-27,AAPL,9,0.05042404308915138
2025-03-27,AAPL,10,0.05043943226337433
2025-03-27,AAPL,11,0.05005154013633728
2025-03-27,AAPL,12,0.04964294284582138
2025-03-27,AAPL,13,0.04936462268233299
2025-03-27,AAPL,14,0.049779314547777176
2025-03-27,AAPL,15,0.049852415919303894
2025-03-27,AAPL,16,0.04951825737953186
2025-03-27,AAPL,17,0.04933315888047218
2025-03-27,AAPL,18,0.04912558197975159
2025-03-27,AAPL,19,0.04959280043840408
2025-03-27,AAPL,20,0.04987318441271782
2025-03-27,ADBE,1,0.05079324170947075
2025-03-27,ADBE,2,0.05020282790064812
2025-03-27,ADBE,3,0.05017498880624771
2025-03-27,ADBE,4,0.050575047731399536
2025-03-27,ADBE,5,0.050762686878442764
2025-03-27,ADBE,6,0.050678495317697525
2025-03-27,ADBE,7,0.050377532839775085
2025-03-27,ADBE,8,0.050354115664958954
2025-03-27,ADBE,9,0.05072355270385742
2025-03-27,ADBE,10,0.05073074623942375
2025-03-27,ADBE,11,0.05022117495536804
2025-03-27,ADBE,12,0.049680519849061966
2025-03-27,ADBE,13,0.04938073456287384
2025-03-27,ADBE,14,0.049855202436447144
2025-03-27,ADBE,15,0.04994655027985573
2025-03-27,ADBE,16,0.049365486949682236
2025-03-27,ADBE,17,0.049041204154491425
2025-03-27,ADBE,18,0.04864826798439026
2025-03-27,ADBE,19,0.049157798290252686
2025-03-27,ADBE,20,0.04932989552617073
2025-03-27,AMD,1,0.05061563849449158
2025-03-27,AMD,2,0.049794748425483704
2025-03-27,AMD,3,0.049667127430438995
2025-03-27,AMD,4,0.04993593692779541
2025-03-27,AMD,5,0.0501067154109478
2025-03-27,AMD,6,0.05012688785791397
2025-03-27,AMD,7,0.04981786385178566
2025-03-27,AMD,8,0.04984438419342041
2025-03-27,AMD,9,0.05016401410102844
2025-03-27,AMD,10,0.05008039250969887
2025-03-27,AMD,11,0.05004701018333435
2025-03-27,AMD,12,0.04976052790880203
2025-03-27,AMD,13,0.04947734996676445
2025-03-27,AMD,14,0.050119008868932724
2025-03-27,AMD,15,0.050169024616479874
2025-03-27,AMD,16,0.04987695440649986
2025-03-27,AMD,17,0.049839068204164505
2025-03-27,AMD,18,0.04959315061569214
2025-03-27,AMD,19,0.050272826105356216
2025-03-27,AMD,20,0.05069156363606453
2025-03-27,CMCSA,1,0.04974837973713875
2025-03-27,CMCSA,2,0.049634791910648346
2025-03-27,CMCSA,3,0.049900464713573456
2025-03-27,CMCSA,4,0.05048249289393425
2025-03-27,CMCSA,5,0.05053785815834999
2025-03-27,CMCSA,6,0.050123490393161774
2025-03-27,CMCSA,7,0.050097107887268066
2025-03-27,CMCSA,8,0.050020359456539154
2025-03-27,CMCSA,9,0.0504101924598217
2025-03-27,CMCSA,10,0.050553277134895325
2025-03-27,CMCSA,11,0.05010668560862541
2025-03-27,CMCSA,12,0.04971952736377716
2025-03-27,CMCSA,13,0.04945356398820877
2025-03-27,CMCSA,14,0.04996194690465927
2025-03-27,CMCSA,15,0.050109099596738815
2025-03-27,CMCSA,16,0.04978659003973007
2025-03-27,CMCSA,17,0.04969537630677223
2025-03-27,CMCSA,18,0.04939170181751251
2025-03-27,CMCSA,19,0.0499645434319973
2025-03-27,CMCSA,20,0.05030255392193794
2025-03-27,COST,1,0.0506434328854084
2025-03-27,COST,2,0.05039472132921219
2025-03-27,COST,3,0.05033097788691521
2025-03-27,COST,4,0.05065624415874481
2025-03-27,COST,5,0.05070613697171211
2025-03-27,COST,6,0.05059143900871277
2025-03-27,COST,7,0.050314657390117645
2025-03-27,COST,8,0.04988463968038559
2025-03-27,COST,9,0.050116684287786484
2025-03-27,COST,10,0.05016571655869484
2025-03-27,COST,11,0.04987064376473427
2025-03-27,COST,12,0.04957978427410126
2025-03-27,COST,13,0.04932329058647156
2025-03-27,COST,14,0.04976162686944008
2025-03-27,COST,15,0.049850162118673325
2025-03-27,COST,16,0.04960028454661369
2025-03-27,COST,17,0.0494803860783577
2025-03-27,COST,18,0.04926314204931259
2025-03-27,COST,19,0.04964593052864075
2025-03-27,COST,20,0.04981989786028862
2025-03-27,INTC,1,0.050792086869478226
2025-03-27,INTC,2,0.05012834072113037
2025-03-27,INTC,3,0.04994463920593262
2025-03-27,INTC,4,0.0502401664853096
2025-03-27,INTC,5,0.050175342708826065
2025-03-27,INTC,6,0.049761202186346054
2025-03-27,INTC,7,0.049620989710092545
2025-03-27,INTC,8,0.049304377287626266
2025-03-27,INTC,9,0.049660760909318924
2025-03-27,INTC,10,0.04968012869358063
2025-03-27,INTC,11,0.04960326477885246
2025-03-27,INTC,12,0.04965575411915779
2025-03-27,INTC,13,0.04962018504738808
2025-03-27,INTC,14,0.05019831284880638
2025-03-27,INTC,15,0.05059155449271202
2025-03-27,INTC,16,0.05023894086480141
2025-03-27,INTC,17,0.0501306876540184
2025-03-27,INTC,18,0.04983219504356384
2025-03-27,INTC,19,0.050358109176158905
2025-03-27,INTC,20,0.05046302452683449
2025-03-27,INTU,1,0.050406407564878464
2025-03-27,INTU,2,0.05014441907405853
2025-03-27,INTU,3,0.050013478845357895
2025-03-27,INTU,4,0.05035009607672691
2025-03-27,INTU,5,0.05035407841205597
2025-03-27,INTU,6,0.05009971559047699
2025-03-27,INTU,7,0.04990396276116371
2025-03-27,INTU,8,0.04965449869632721
2025-03-27,INTU,9,0.04998467490077019
2025-03-27,INTU,10,0.05007629841566086
2025-03-27,INTU,11,0.049850285053253174
2025-03-27,INTU,12,0.049744732677936554
2025-03-27,INTU,13,0.04951830953359604
2025-03-27,INTU,14,0.04996304586529732
2025-03-27,INTU,15,0.05010775849223137
2025-03-27,INTU,16,0.04990876466035843
2025-03-27,INTU,17,0.04980252683162689
2025-03-27,INTU,18,0.04962076246738434
2025-03-27,INTU,19,0.05009792372584343
2025-03-27,INTU,20,0.05039845034480095
2025-03-27,MSFT,1,0.050129882991313934
2025-03-27,MSFT,2,0.05000867694616318
2025-03-27,MSFT,3,0.05005541816353798
2025-03-27,MSFT,4,0.05036097392439842
2025-03-27,MSFT,5,0.0503348782658577
2025-03-27,MSFT,6,0.0502474419772625
2025-03-27,MSFT,7,0.05007627233862877
2025-03-27,MSFT,8,0.049914006143808365
2025-03-27,MSFT,9,0.050173819065093994
2025-03-27,MSFT,10,0.05018344521522522
2025-03-27,MSFT,11,0.04994698986411095
2025-03-27,MSFT,12,0.0497344508767128
2025-03-27,MSFT,13,0.04954470321536064
2025-03-27,MSFT,14,0.050002627074718475
2025-03-27,MSFT,15,0.05006816238164902
2025-03-27,MSFT,16,0.04983855038881302
2025-03-27,MSFT,17,0.0496913343667984
2025-03-27,MSFT,18,0.04950862005352974
2025-03-27,MSFT,19,0.04997454211115837
2025-03-27,MSFT,20,0.05020519718527794
2025-03-27,QCOM,1,0.05058908835053444
2025-03-27,QCOM,2,0.0499715693295002
2025-03-27,QCOM,3,0.04986506327986717
2025-03-27,QCOM,4,0.05018482357263565
2025-03-27,QCOM,5,0.05024337023496628
2025-03-27,QCOM,6,0.05006062239408493
2025-03-27,QCOM,7,0.049826089292764664
2025-03-27,QCOM,8,0.04979848489165306
2025-03-27,QCOM,9,0.05019186809659004
2025-03-27,QCOM,10,0.05027719959616661
2025-03-27,QCOM,11,0.049990370869636536
2025-03-27,QCOM,12,0.049691133201122284
2025-03-27,QCOM,13,0.049507904797792435
2025-03-27,QCOM,14,0.05000787228345871
2025-03-27,QCOM,15,0.050092022866010666
2025-03-27,QCOM,16,0.04987502098083496
2025-03-27,QCOM,17,0.049767546355724335
2025-03-27,QCOM,18,0.04956599324941635
2025-03-27,QCOM,19,0.05013135075569153
2025-03-27,QCOM,20,0.05036257952451706
2025-03-27,SBUX,1,0.05053146556019783
2025-03-27,SBUX,2,0.0503871850669384
2025-03-27,SBUX,3,0.05050555616617203
2025-03-27,SBUX,4,0.05091355741024017
2025-03-27,SBUX,5,0.05095398798584938
2025-03-27,SBUX,6,0.050738781690597534
2025-03-27,SBUX,7,0.05019010975956917
2025-03-27,SBUX,8,0.04996483400464058
2025-03-27,SBUX,9,0.050201598554849625
2025-03-27,SBUX,10,0.0502515584230423
2025-03-27,SBUX,11,0.049871478229761124
2025-03-27,SBUX,12,0.04946724697947502
2025-03-27,SBUX,13,0.04928633198142052
2025-03-27,SBUX,14,0.04974176362156868
2025-03-27,SBUX,15,0.049868036061525345
2025-03-27,SBUX,16,0.04956982657313347
2025-03-27,SBUX,17,0.049360670149326324
2025-03-27,SBUX,18,0.04911380261182785
2025-03-27,SBUX,19,0.049484651535749435
2025-03-27,SBUX,20,0.049597419798374176
2025-03-28,AAPL,1,0.049908433109521866
2025-03-28,AAPL,2,0.050159163773059845
2025-03-28,AAPL,3,0.05024784803390503
2025-03-28,AAPL,4,0.05024556815624237
2025-03-28,AAPL,5,0.05014118179678917
2025-03-28,AAPL,6,0.050008561462163925
2025-03-28,AAPL,7,0.05023713782429695
2025-03-28,AAPL,8,0.05026473104953766
2025-03-28,AAPL,9,0.05022471770644188
2025-03-28,AAPL,10,0.05005937069654465
2025-03-28,AAPL,11,0.049834635108709335
2025-03-28,AAPL,12,0.04987463355064392
2025-03-28,AAPL,13,0.04997090995311737
2025-03-28,AAPL,14,0.04992656782269478
2025-03-28,AAPL,15,0.049744293093681335
2025-03-28,AAPL,16,0.049695078283548355
2025-03-28,AAPL,17,0.049778178334236145
2025-03-28,AAPL,18,0.04989297688007355
2025-03-28,AAPL,19,0.049958936870098114
2025-03-28,AAPL,20,0.04982716590166092
2025-03-28,ADBE,1,0.04981589317321777
2025-03-28,ADBE,2,0.05011257156729698
2025-03-28,ADBE,3,0.05030638352036476
2025-03-28,ADBE,4,0.050275448709726334
2025-03-28,ADBE,5,0.05009295791387558
2025-03-28,ADBE,6,0.05000406503677368
2025-03-28,ADBE,7,0.05028165504336357
2025-03-28,ADBE,8,0.050389327108860016
2025-03-28,ADBE,9,0.050290025770664215
2025-03-28,ADBE,10,0.05021217092871666
2025-03-28,ADBE,11,0.05002197250723839
2025-03-28,ADBE,12,0.05008501186966896
2025-03-28,ADBE,13,0.05021371319890022
2025-03-28,ADBE,14,0.050102319568395615
2025-03-28,ADBE,15,0.049622006714344025
2025-03-28,ADBE,16,0.049515556544065475
2025-03-28,ADBE,17,0.049629095941782
2025-03-28,ADBE,18,0.04983944818377495
2025-03-28,ADBE,19,0.049745187163352966
2025-03-28,ADBE,20,0.04944518208503723
2025-03-28,AMD,1,0.04980999976396561
2025-03-28,AMD,2,0.04998013377189636
2025-03-28,AMD,3,0.050175853073596954
2025-03-28,AMD,4,0.050020959228277206
2025-03-28,AMD,5,0.04968274384737015
2025-03-28,AMD,6,0.0496484749019146
2025-03-28,AMD,7,0.049956005066633224
2025-03-28,AMD,8,0.050101909786462784
2025-03-28,AMD,9,0.04998555779457092
2025-03-28,AMD,10,0.04969651624560356
2025-03-28,AMD,11,0.04970903322100639
2025-03-28,AMD,12,0.04995696246623993
2025-03-28,AMD,13,0.050216421484947205
2025-03-28,AMD,14,0.050109148025512695
2025-03-28,AMD,15,0.04977508634328842
2025-03-28,AMD,16,0.049783628433942795
2025-03-28,AMD,17,0.05017746239900589
2025-03-28,AMD,18,0.05044072866439819
2025-03-28,AMD,19,0.050499316304922104
2025-03-28,AMD,20,0.05027413368225098
2025-03-28,CMCSA,1,0.04975603148341179
2025-03-28,CMCSA,2,0.05002516135573387
2025-03-28,CMCSA,3,0.05025628209114075
2025-03-28,CMCSA,4,0.0500737801194191
2025-03-28,CMCSA,5,0.04981608688831329
2025-03-28,CMCSA,6,0.05007612705230713
2025-03-28,CMCSA,7,0.05030013248324394
2025-03-28,CMCSA,8,0.05041181296110153
2025-03-28,CMCSA,9,0.050243254750967026
2025-03-28,CMCSA,10,0.04984058067202568
2025-03-28,CMCSA,11,0.04970629885792732
2025-03-28,CMCSA,12,0.04982113838195801
2025-03-28,CMCSA,13,0.05003484711050987
2025-03-28,CMCSA,14,0.04992741718888283
2025-03-28,CMCSA,15,0.0495997816324234
2025-03-28,CMCSA,16,0.049808792769908905
2025-03-28,CMCSA,17,0.04994279891252518
2025-03-28,CMCSA,18,0.050192005932331085
2025-03-28,CMCSA,19,0.05020105093717575
2025-03-28,CMCSA,20,0.04996659606695175
2025-03-28,COST,1,0.049900852143764496
2025-03-28,COST,2,0.05011622607707977
2025-03-28,COST,3,0.05020413547754288
2025-03-28,COST,4,0.05018320307135582
2025-03-28,COST,5,0.0502023845911026
2025-03-28,COST,6,0.0501878447830677
2025-03-28,COST,7,0.05014193430542946
2025-03-28,COST,8,0.0501137301325798
2025-03-28,COST,9,0.05009077116847038
2025-03-28,COST,10,0.0500398650765419
2025-03-28,COST,11,0.0498553030192852
2025-03-28,COST,12,0.049867209047079086
2025-03-28,COST,13,0.04999562352895737
2025-03-28,COST,14,0.04995743930339813
2025-03-28,COST,15,0.049852970987558365
2025-03-28,COST,16,0.049798231571912766
2025-03-28,COST,17,0.04983142763376236
2025-03-28,COST,18,0.04990916699171066
2025-03-28,COST,19,0.04992791265249252
2025-03-28,COST,20,0.0498238205909729
2025-03-28,INTC,1,0.05000656470656395
2025-03-28,INTC,2,0.05017061531543732
2025-03-28,INTC,3,0.05028272047638893
2025-03-28,INTC,4,0.05006130039691925
2025-03-28,INTC,5,0.04966560751199722
2025-03-28,INTC,6,0.049574751406908035
2025-03-28,INTC,7,0.04969033598899841
2025-03-28,INTC,8,0.049825724214315414
2025-03-28,INTC,9,0.04975428432226181
2025-03-28,INTC,10,0.049977030605077744
2025-03-28,INTC,11,0.04992801323533058
2025-03-28,INTC,12,0.050209008157253265
2025-03-28,INTC,13,0.050380732864141464
2025-03-28,INTC,14,0.05040048807859421
2025-03-28,INTC,15,0.04998448118567467
2025-03-28,INTC,16,0.049973029643297195
2025-03-28,INTC,17,0.050063975155353546
2025-03-28,INTC,18,0.05024714767932892
2025-03-28,INTC,19,0.05007394030690193
2025-03-28,INTC,20,0.049730245023965836
2025-03-28,INTU,1,0.04989311844110489
2025-03-28,INTU,2,0.050084710121154785
2025-03-28,INTU,3,0.0501587949693203
2025-03-28,INTU,4,0.050099339336156845
2025-03-28,INTU,5,0.05001925677061081
2025-03-28,INTU,6,0.04991975426673889
2025-03-28,INTU,7,0.050019316375255585
2025-03-28,INTU,8,0.05004258453845978
2025-03-28,INTU,9,0.05003111809492111
2025-03-28,INTU,10,0.049943968653678894
2025-03-28,INTU,11,0.04988161101937294
2025-03-28,INTU,12,0.04992804676294327
2025-03-28,INTU,13,0.05002514645457268
2025-03-28,INTU,14,0.050023071467876434
2025-03-28,INTU,15,0.04992641881108284
2025-03-28,INTU,16,0.04988323152065277
2025-03-28,INTU,17,0.0499509796500206
2025-03-28,INTU,18,0.050054825842380524
2025-03-28,INTU,19,0.050112977623939514
2025-03-28,INTU,20,0.05000178515911102
2025-03-28,MSFT,1,0.049783047288656235
2025-03-28,MSFT,2,0.05008450150489807
2025-03-28,MSFT,3,0.05014459416270256
2025-03-28,MSFT,4,0.050094880163669586
2025-03-28,MSFT,5,0.05007907375693321
2025-03-28,MSFT,6,0.049977608025074005
2025-03-28,MSFT,7,0.050123073160648346
2025-03-28,MSFT,8,0.050134457647800446
2025-03-28,MSFT,9,0.05006437376141548
2025-03-28,MSFT,10,0.049923695623874664
2025-03-28,MSFT,11,0.049849677830934525
2025-03-28,MSFT,12,0.049938250333070755
2025-03-28,MSFT,13,0.050067923963069916
2025-03-28,MSFT,14,0.05001842975616455
2025-03-28,MSFT,15,0.04989948123693466
2025-03-28,MSFT,16,0.04986279085278511
2025-03-28,MSFT,17,0.049930885434150696
2025-03-28,MSFT,18,0.0500280000269413
2025-03-28,MSFT,19,0.05007081478834152
2025-03-28,MSFT,20,0.049924444407224655
2025-03-28,QCOM,1,0.0498124398291111
2025-03-28,QCOM,2,0.050079070031642914
2025-03-28,QCOM,3,0.05017764866352081
2025-03-28,QCOM,4,0.05011659488081932
2025-03-28,QCOM,5,0.04994199424982071
2025-03-28,QCOM,6,0.04989028349518776
2025-03-28,QCOM,7,0.0501156710088253
2025-03-28,QCOM,8,0.05021218955516815
2025-03-28,QCOM,9,0.05012378469109535
2025-03-28,QCOM,10,0.04988057538866997
2025-03-28,QCOM,11,0.049777135252952576
2025-03-28,QCOM,12,0.04991486296057701
2025-03-28,QCOM,13,0.05009884387254715
2025-03-28,QCOM,14,0.050030216574668884
2025-03-28,QCOM,15,0.04984179139137268
2025-03-28,QCOM,16,0.04982290044426918
2025-03-28,QCOM,17,0.0499490462243557
2025-03-28,QCOM,18,0.050132740288972855
2025-03-28,QCOM,19,0.05013400688767433
2025-03-28,QCOM,20,0.04994819685816765
2025-03-28,SBUX,1,0.04996945336461067
2025-03-28,SBUX,2,0.050311192870140076
2025-03-28,SBUX,3,0.05046084150671959
2025-03-28,SBUX,4,0.05043875798583031
2025-03-28,SBUX,5,0.050385311245918274
2025-03-28,SBUX,6,0.05009805038571358
2025-03-28,SBUX,7,0.05020444467663765
2025-03-28,SBUX,8,0.050206851214170456
2025-03-28,SBUX,9,0.05014656484127045
2025-03-28,SBUX,10,0.049897316843271255
2025-03-28,SBUX,11,0.04971375688910484
2025-03-28,SBUX,12,0.04983549192547798
2025-03-28,SBUX,13,0.049977537244558334
2025-03-28,SBUX,14,0.04994266852736473
2025-03-28,SBUX,15,0.04974628612399101
2025-03-28,SBUX,16,0.049645066261291504
2025-03-28,SBUX,17,0.04973744973540306
2025-03-28,SBUX,18,0.04984111711382866
2025-03-28,SBUX,19,0.04980894550681114
2025-03-28,SBUX,20,0.04963289201259613
2025-03-31,AAPL,1,0.050177205353975296
2025-03-31,AAPL,2,0.050254061818122864
2025-03-31,AAPL,3,0.05025053024291992
2025-03-31,AAPL,4,0.05014597252011299
2025-03-31,AAPL,5,0.05001332238316536
2025-03-31,AAPL,6,0.05024191737174988
2025-03-31,AAPL,7,0.05026951804757118
2025-03-31,AAPL,8,0.050229500979185104
2025-03-31,AAPL,9,0.05006413906812668
2025-03-31,AAPL,10,0.049839381128549576
2025-03-31,AAPL,11,0.04987938702106476
2025-03-31,AAPL,12,0.049975670874118805
2025-03-31,AAPL,13,0.049931321293115616
2025-03-31,AAPL,14,0.04974902793765068
2025-03-31,AAPL,15,0.0496998094022274
2025-03-31,AAPL,16,0.04978292062878609
2025-03-31,AAPL,17,0.049897730350494385
2025-03-31,AAPL,18,0.04996369406580925
2025-03-31,AAPL,19,0.04983190819621086
2025-03-31,AAPL,20,0.04980308562517166
2025-03-31,ADBE,1,0.050308968871831894
2025-03-31,ADBE,2,0.05036013200879097
2025-03-31,ADBE,3,0.05029723793268204
2025-03-31,ADBE,4,0.05010458454489708
2025-03-31,ADBE,5,0.05001174286007881
2025-03-31,ADBE,6,0.0502883680164814
2025-03-31,ADBE,7,0.050395797938108444
2025-03-31,ADBE,8,0.05029640346765518
2025-03-31,ADBE,9,0.05021851137280464
2025-03-31,ADBE,10,0.050028275698423386
2025-03-31,ADBE,11,0.05009131878614426
2025-03-31,ADBE,12,0.05022003501653671
2025-03-31,ADBE,13,0.05010862648487091
2025-03-31,ADBE,14,0.049628254026174545
2025-03-31,ADBE,15,0.0495217889547348
2025-03-31,ADBE,16,0.04963534325361252
2025-03-31,ADBE,17,0.04984572157263756
2025-03-31,ADBE,18,0.04975144937634468
2025-03-31,ADBE,19,0.04945140331983566
2025-03-31,ADBE,20,0.04943600296974182
2025-03-31,AMD,1,0.05022239312529564
2025-03-31,AMD,2,0.05020489543676376
2025-03-31,AMD,3,0.05000804364681244
2025-03-31,AMD,4,0.049655646085739136
2025-03-31,AMD,5,0.04961493983864784
2025-03-31,AMD,6,0.049920547753572464
2025-03-31,AMD,7,0.05006582662463188
2025-03-31,AMD,8,0.04994937777519226
2025-03-31,AMD,9,0.04966048151254654
2025-03-31,AMD,10,0.049672964960336685
2025-03-31,AMD,11,0.049920704215765
2025-03-31,AMD,12,0.050179965794086456
2025-03-31,AMD,13,0.050072770565748215
2025-03-31,AMD,14,0.04973895102739334
2025-03-31,AMD,15,0.049747489392757416
2025-03-31,AMD,16,0.05014103651046753
2025-03-31,AMD,17,0.05040411278605461
2025-03-31,AMD,18,0.05046265944838524
2025-03-31,AMD,19,0.050237637013196945
2025-03-31,AMD,20,0.050119537860155106
2025-03-31,CMCSA,1,0.050246741622686386
2025-03-31,CMCSA,2,0.05029691755771637
2025-03-31,CMCSA,3,0.05007078871130943
2025-03-31,CMCSA,4,0.04979801923036575
2025-03-31,CMCSA,5,0.05005263164639473
2025-03-31,CMCSA,6,0.050275374203920364
2025-03-31,CMCSA,7,0.05038662999868393
2025-03-31,CMCSA,8,0.05021804943680763
2025-03-31,CMCSA,9,0.049815528094768524
2025-03-31,CMCSA,10,0.049681298434734344
2025-03-31,CMCSA,11,0.04979607090353966
2025-03-31,CMCSA,12,0.05000966787338257
2025-03-31,CMCSA,13,0.04990229383111
2025-03-31,CMCSA,14,0.049574822187423706
2025-03-31,CMCSA,15,0.04978372901678085
2025-03-31,CMCSA,16,0.049917664378881454
2025-03-31,CMCSA,17,0.050166744738817215
2025-03-31,CMCSA,18,0.05017578601837158
2025-03-31,CMCSA,19,0.049941450357437134
2025-03-31,CMCSA,20,0.04988974332809448
2025-03-31,COST,1,0.05012205243110657
2025-03-31,COST,2,0.050208594650030136
2025-03-31,COST,3,0.050188299268484116
2025-03-31,COST,4,0.05020771920681
2025-03-31,COST,5,0.050193268805742264
2025-03-31,COST,6,0.05014738813042641
2025-03-31,COST,7,0.05011918768286705
2025-03-31,COST,8,0.05009622499346733
2025-03-31,COST,9,0.05004531145095825
2025-03-31,COST,10,0.04986073076725006
2025-03-31,COST,11,0.049872640520334244
2025-03-31,COST,12,0.05000107362866402
2025-03-31,COST,13,0.049962881952524185
2025-03-31,COST,14,0.049858398735523224
2025-03-31,COST,15,0.049803659319877625
2025-03-31,COST,16,0.04983685538172722
2025-03-31,COST,17,0.04991460591554642
2025-03-31,COST,18,0.04993335157632828
2025-03-31,COST,19,0.04982924833893776
2025-03-31,COST,20,0.04979850724339485
2025-03-31,INTC,1,0.0504252091050148
2025-03-31,INTC,2,0.05035169795155525
2025-03-31,INTC,3,0.05008465051651001
2025-03-31,INTC,4,0.049673113971948624
2025-03-31,INTC,5,0.04957627132534981
2025-03-31,INTC,6,0.0496901199221611
2025-03-31,INTC,7,0.04982495680451393
2025-03-31,INTC,8,0.049753326922655106
2025-03-31,INTC,9,0.049975983798503876
2025-03-31,INTC,10,0.04992694780230522
2025-03-31,INTC,11,0.05020792782306671
2025-03-31,INTC,12,0.05037964880466461
2025-03-31,INTC,13,0.05039940029382706
2025-03-31,INTC,14,0.04998340457677841
2025-03-31,INTC,15,0.04997194930911064
2025-03-31,INTC,16,0.05006289482116699
2025-03-31,INTC,17,0.050246063619852066
2025-03-31,INTC,18,0.05007285997271538
2025-03-31,INTC,19,0.04972917214035988
2025-03-31,INTC,20,0.04966422915458679
2025-03-31,INTU,1,0.050095997750759125
2025-03-31,INTU,2,0.05015650391578674
2025-03-31,INTU,3,0.050096362829208374
2025-03-31,INTU,4,0.05001642554998398
2025-03-31,INTU,5,0.049917012453079224
2025-03-31,INTU,6,0.05001658946275711
2025-03-31,INTU,7,0.0500398688018322
2025-03-31,INTU,8,0.05002840608358383
2025-03-31,INTU,9,0.04994126409292221
2025-03-31,INTU,10,0.04987890645861626
2025-03-31,INTU,11,0.049925338476896286
2025-03-31,INTU,12,0.050022438168525696
2025-03-31,INTU,13,0.050020359456539154
2025-03-31,INTU,14,0.04992371425032616
2025-03-31,INTU,15,0.049880530685186386
2025-03-31,INTU,16,0.04994827136397362
2025-03-31,INTU,17,0.05005211383104324
2025-03-31,INTU,18,0.05011025816202164
2025-03-31,INTU,19,0.04999907687306404
2025-03-31,INTU,20,0.04993051663041115
2025-03-31,MSFT,1,0.050129037350416183
2025-03-31,MSFT,2,0.05014444887638092
2025-03-31,MSFT,3,0.05008791387081146
2025-03-31,MSFT,4,0.050070907920598984
2025-03-31,MSFT,5,0.049969110637903214
2025-03-31,MSFT,6,0.050114475190639496
2025-03-31,MSFT,7,0.050125852227211
2025-03-31,MSFT,8,0.05005577579140663
2025-03-31,MSFT,9,0.0499151237308979
2025-03-31,MSFT,10,0.04984111711382866
2025-03-31,MSFT,11,0.049929678440093994
2025-03-31,MSFT,12,0.050059325993061066
2025-03-31,MSFT,13,0.0500098392367363
2025-03-31,MSFT,14,0.0498909130692482
2025-03-31,MSFT,15,0.04985423386096954
2025-03-31,MSFT,16,0.049922313541173935
2025-03-31,MSFT,17,0.050019409507513046
2025-03-31,MSFT,18,0.050062213093042374
2025-03-31,MSFT,19,0.049915872514247894
2025-03-31,MSFT,20,0.04988245293498039
2025-03-31,QCOM,1,0.050182003527879715
2025-03-31,QCOM,2,0.05018944293260574
2025-03-31,QCOM,3,0.05011100322008133
2025-03-31,QCOM,4,0.04993189126253128
2025-03-31,QCOM,5,0.04987848922610283
2025-03-31,QCOM,6,0.05010344833135605
2025-03-31,QCOM,7,0.05019986256957054
2025-03-31,QCOM,8,0.05011145770549774
2025-03-31,QCOM,9,0.04986829683184624
2025-03-31,QCOM,10,0.049764882773160934
2025-03-31,QCOM,11,0.049902573227882385
2025-03-31,QCOM,12,0.05008650943636894
2025-03-31,QCOM,13,0.05001789703965187
2025-03-31,QCOM,14,0.04982952028512955
2025-03-31,QCOM,15,0.049810633063316345
2025-03-31,QCOM,16,0.049936745315790176
2025-03-31,QCOM,17,0.05012039840221405
2025-03-31,QCOM,18,0.05012166127562523
2025-03-31,QCOM,19,0.049935899674892426
2025-03-31,QCOM,20,0.04989748075604439
2025-03-31,SBUX,1,0.05032811686396599
2025-03-31,SBUX,2,0.050481025129556656
2025-03-31,SBUX,3,0.05046062171459198
2025-03-31,SBUX,4,0.05040778964757919
2025-03-31,SBUX,5,0.05012021213769913
2025-03-31,SBUX,6,0.050226885825395584
2025-03-31,SBUX,7,0.05022922530770302
2025-03-31,SBUX,8,0.05016893893480301
2025-03-31,SBUX,9,0.04991957172751427
2025-03-31,SBUX,10,0.04973560944199562
2025-03-31,SBUX,11,0.0498574934899807
2025-03-31,SBUX,12,0.04999968409538269
2025-03-31,SBUX,13,0.04996481165289879
2025-03-31,SBUX,14,0.04976831004023552
2025-03-31,SBUX,15,0.04966694861650467
2025-03-31,SBUX,16,0.04975945129990578
2025-03-31,SBUX,17,0.04986313357949257
2025-03-31,SBUX,18,0.04983092099428177
2025-03-31,SBUX,19,0.049654774367809296
2025-03-31,SBUX,20,0.04955650493502617
2025-04-01,AAPL,1,0.050256188958883286
2025-04-01,AAPL,2,0.05026368051767349
2025-04-01,AAPL,3,0.05016089603304863
2025-04-01,AAPL,4,0.05002832040190697
2025-04-01,AAPL,5,0.05025698244571686
2025-04-01,AAPL,6,0.05028453841805458
2025-04-01,AAPL,7,0.050244495272636414
2025-04-01,AAPL,8,0.05007908120751381
2025-04-01,AAPL,9,0.049854256212711334
2025-04-01,AAPL,10,0.049894269555807114
2025-04-01,AAPL,11,0.04999058321118355
2025-04-01,AAPL,12,0.049946218729019165
2025-04-01,AAPL,13,0.04976387321949005
2025-04-01,AAPL,14,0.04971463978290558
2025-04-01,AAPL,15,0.049797773361206055
2025-04-01,AAPL,16,0.04991262033581734
2025-04-01,AAPL,17,0.049978602677583694
2025-04-01,AAPL,18,0.04984678328037262
2025-04-01,AAPL,19,0.049817945808172226
2025-04-01,AAPL,20,0.049908291548490524
2025-04-01,ADBE,1,0.050533100962638855
2025-04-01,ADBE,2,0.0503668375313282
2025-04-01,ADBE,3,0.050141893327236176
2025-04-01,ADBE,4,0.050036851316690445
2025-04-01,ADBE,5,0.0503106415271759
2025-04-01,ADBE,6,0.05041717365384102
2025-04-01,ADBE,7,0.05031748488545418
2025-04-01,ADBE,8,0.05023948848247528
2025-04-01,ADBE,9,0.05004914104938507
2025-04-01,ADBE,10,0.050112199038267136
2025-04-01,ADBE,11,0.05024096742272377
2025-04-01,ADBE,12,0.05012951418757439
2025-04-01,ADBE,13,0.049648940563201904
2025-04-01,ADBE,14,0.04954243078827858
2025-04-01,ADBE,15,0.049656033515930176
2025-04-01,ADBE,16,0.04986650124192238
2025-04-01,ADBE,17,0.04977218434214592
2025-04-01,ADBE,18,0.04947201535105705
2025-04-01,ADBE,19,0.049456607550382614
2025-04-01,ADBE,20,0.04969000816345215
2025-04-01,AMD,1,0.050420742481946945
2025-04-01,AMD,2,0.05007325857877731
2025-04-01,AMD,3,0.04967218637466431
2025-04-01,AMD,4,0.0496104396879673
2025-04-01,AMD,5,0.04991056025028229
2025-04-01,AMD,6,0.050053853541612625
2025-04-01,AMD,7,0.04993686079978943
2025-04-01,AMD,8,0.04964789003133774
2025-04-01,AMD,9,0.04966029152274132
2025-04-01,AMD,10,0.049907948821783066
2025-04-01,AMD,11,0.05016713961958885
2025-04-01,AMD,12,0.050059974193573
2025-04-01,AMD,13,0.04972624033689499
2025-04-01,AMD,14,0.04973477125167847
2025-04-01,AMD,15,0.05012821778655052
2025-04-01,AMD,16,0.05039122328162193
2025-04-01,AMD,17,0.050449758768081665
2025-04-01,AMD,18,0.05022479593753815
2025-04-01,AMD,19,0.0501067228615284
2025-04-01,AMD,20,0.05011714994907379
2025-04-01,CMCSA,1,0.050515178591012955
2025-04-01,CMCSA,2,0.050134167075157166
2025-04-01,CMCSA,3,0.04981064796447754
2025-04-01,CMCSA,4,0.05004981905221939
2025-04-01,CMCSA,5,0.0502694807946682
2025-04-01,CMCSA,6,0.05037958547472954
2025-04-01,CMCSA,7,0.05021074414253235
2025-04-01,CMCSA,8,0.04980817809700966
2025-04-01,CMCSA,9,0.04967392608523369
2025-04-01,CMCSA,10,0.04978867247700691
2025-04-01,CMCSA,11,0.05000223219394684
2025-04-01,CMCSA,12,0.049894873052835464
2025-04-01,CMCSA,13,0.04956744983792305
2025-04-01,CMCSA,14,0.04977632313966751
2025-04-01,CMCSA,15,0.04991024360060692
2025-04-01,CMCSA,16,0.050159286707639694
2025-04-01,CMCSA,17,0.05016832426190376
2025-04-01,CMCSA,18,0.049934022128582
2025-04-01,CMCSA,19,0.049882326275110245
2025-04-01,CMCSA,20,0.0500645637512207
2025-04-01,COST,1,0.05019999295473099
2025-04-01,COST,2,0.050198040902614594
2025-04-01,COST,3,0.050221480429172516
2025-04-01,COST,4,0.05020807683467865
2025-04-01,COST,5,0.05016236752271652
2025-04-01,COST,6,0.05013417825102806
2025-04-01,COST,7,0.05011121928691864
2025-04-01,COST,8,0.050060294568538666
2025-04-01,COST,9,0.049875658005476
2025-04-01,COST,10,0.04988757148385048
2025-04-01,COST,11,0.05001604184508324
2025-04-01,COST,12,0.04997783899307251
2025-04-01,COST,13,0.04987332597374916
2025-04-01,COST,14,0.04981856793165207
2025-04-01,COST,15,0.04985177516937256
2025-04-01,COST,16,0.04992954805493355
2025-04-01,COST,17,0.049948301166296005
2025-04-01,COST,18,0.0498441644012928
2025-04-01,COST,19,0.049813415855169296
2025-04-01,COST,20,0.04986806586384773
2025-04-01,INTC,1,0.05058857053518295
2025-04-01,INTC,2,0.05016879737377167
2025-04-01,INTC,3,0.049707114696502686
2025-04-01,INTC,4,0.04959296062588692
2025-04-01,INTC,5,0.04970186948776245
2025-04-01,INTC,6,0.049835044890642166
2025-04-01,INTC,7,0.049762893468141556
2025-04-01,INTC,8,0.04998542368412018
2025-04-01,INTC,9,0.04993633180856705
2025-04-01,INTC,10,0.05021735280752182
2025-04-01,INTC,11,0.05038909986615181
2025-04-01,INTC,12,0.05040885508060455
2025-04-01,INTC,13,0.04999278113245964
2025-04-01,INTC,14,0.04998132586479187
2025-04-01,INTC,15,0.050072286278009415
2025-04-01,INTC,16,0.050255488604307175
2025-04-01,INTC,17,0.0500822551548481
2025-04-01,INTC,18,0.04973850026726723
2025-04-01,INTC,19,0.049673546105623245
2025-04-01,INTC,20,0.049909383058547974
2025-04-01,INTU,1,0.05015867203474045
2025-04-01,INTU,2,0.0501009076833725
2025-04-01,INTU,3,0.05002275109291077
2025-04-01,INTU,4,0.049923624843358994
2025-04-01,INTU,5,0.05002320930361748
2025-04-01,INTU,6,0.05004645138978958
2025-04-01,INTU,7,0.05003497377038002
2025-04-01,INTU,8,0.049947820603847504
2025-04-01,INTU,9,0.04988545924425125
2025-04-01,INTU,10,0.04993189498782158
2025-04-01,INTU,11,0.05002900958061218
2025-04-01,INTU,12,0.05002693086862564
2025-04-01,INTU,13,0.04993027076125145
2025-04-01,INTU,14,0.04988707974553108
2025-04-01,INTU,15,0.04995483160018921
2025-04-01,INTU,16,0.05005868524312973
2025-04-01,INTU,17,0.05011683702468872
2025-04-01,INTU,18,0.05000564455986023
2025-04-01,INTU,19,0.04993707314133644
2025-04-01,INTU,20,0.049977876245975494
2025-04-01,MSFT,1,0.05016293004155159
2025-04-01,MSFT,2,0.05009987950325012
2025-04-01,MSFT,3,0.050081539899110794
2025-04-01,MSFT,4,0.04997890815138817
2025-04-01,MSFT,5,0.05012401193380356
2025-04-01,MSFT,6,0.05013526976108551
2025-04-01,MSFT,7,0.05006515607237816
2025-04-01,MSFT,8,0.049924470484256744
2025-04-01,MSFT,9,0.049850448966026306
2025-04-01,MSFT,10,0.04993902146816254
2025-04-01,MSFT,11,0.0500686950981617
2025-04-01,MSFT,12,0.05001920089125633
2025-04-01,MSFT,13,0.049900252372026443
2025-04-01,MSFT,14,0.04986356198787689
2025-04-01,MSFT,15,0.04993165656924248
2025-04-01,MSFT,16,0.05002877488732338
2025-04-01,MSFT,17,0.050071585923433304
2025-04-01,MSFT,18,0.04992521554231644
2025-04-01,MSFT,19,0.04989178851246834
2025-04-01,MSFT,20,0.04993763566017151
2025-04-01,QCOM,1,0.05026742070913315
2025-04-01,QCOM,2,0.050138868391513824
2025-04-01,QCOM,3,0.04994624853134155
2025-04-01,QCOM,4,0.04988713562488556
2025-04-01,QCOM,5,0.05011090636253357
2025-04-01,QCOM,6,0.05020689591765404
2025-04-01,QCOM,7,0.05011837184429169
2025-04-01,QCOM,8,0.04987514391541481
2025-04-01,QCOM,9,0.04977170377969742
2025-04-01,QCOM,10,0.04990941286087036
2025-04-01,QCOM,11,0.05009337142109871
2025-04-01,QCOM,12,0.05002474784851074
2025-04-01,QCOM,13,0.04983634874224663
2025-04-01,QCOM,14,0.04981745779514313
2025-04-01,QCOM,15,0.04994358494877815
2025-04-01,QCOM,16,0.050127264112234116
2025-04-01,QCOM,17,0.05012853071093559
2025-04-01,QCOM,18,0.0499427430331707
2025-04-01,QCOM,19,0.049904316663742065
2025-04-01,QCOM,20,0.04994950816035271
2025-04-01,SBUX,1,0.050476282835006714
2025-04-01,SBUX,2,0.050486281514167786
2025-04-01,SBUX,3,0.050439152866601944
2025-04-01,SBUX,4,0.05015243589878082
2025-04-01,SBUX,5,0.0502595491707325
2025-04-01,SBUX,6,0.05026184394955635
2025-04-01,SBUX,7,0.05020154267549515
2025-04-01,SBUX,8,0.04995201528072357
2025-04-01,SBUX,9,0.04976767674088478
2025-04-01,SBUX,10,0.049889709800481796
2025-04-01,SBUX,11,0.05003206431865692
2025-04-01,SBUX,12,0.049997176975011826
2025-04-01,SBUX,13,0.04980051890015602
2025-04-01,SBUX,14,0.04969901591539383
2025-04-01,SBUX,15,0.049791645258665085
2025-04-01,SBUX,16,0.04989537224173546
2025-04-01,SBUX,17,0.04986311495304108
2025-04-01,SBUX,18,0.049686841666698456
2025-04-01,SBUX,19,0.04958844557404518
2025-04-01,SBUX,20,0.049759384244680405
2025-04-02,AAPL,1,0.05024005100131035
2025-04-02,AAPL,2,0.05016734078526497
2025-04-02,AAPL,3,0.05004122480750084
2025-04-02,AAPL,4,0.0502709224820137
2025-04-02,AAPL,5,0.05029866099357605
2025-04-02,AAPL,6,0.05025864019989967
2025-04-02,AAPL,7,0.05009319260716438
2025-04-02,AAPL,8,0.049868304282426834
2025-04-02,AAPL,9,0.04990833252668381
2025-04-02,AAPL,10,0.05000467598438263
2025-04-02,AAPL,11,0.04996029660105705
2025-04-02,AAPL,12,0.04977789893746376
2025-04-02,AAPL,13,0.04972865432500839
2025-04-02,AAPL,14,0.04981181025505066
2025-04-02,AAPL,15,0.04992668703198433
2025-04-02,AAPL,16,0.04999269172549248
2025-04-02,AAPL,17,0.04986082762479782
2025-04-02,AAPL,18,0.04983198642730713
2025-04-02,AAPL,19,0.049922358244657516
2025-04-02,AAPL,20,0.05003540217876434
2025-04-02,ADBE,1,0.05050625279545784
2025-04-02,ADBE,2,0.05020928010344505
2025-04-02,ADBE,3,0.050076041370630264
2025-04-02,ADBE,4,0.05034296214580536
2025-04-02,ADBE,5,0.050447721034288406
2025-04-02,ADBE,6,0.0503474697470665
2025-04-02,ADBE,7,0.05026929825544357
2025-04-02,ADBE,8,0.05007876083254814
2025-04-02,ADBE,9,0.050141841173172
2025-04-02,ADBE,10,0.050270676612854004
2025-04-02,ADBE,11,0.05015915259718895
2025-04-02,ADBE,12,0.04967829957604408
2025-04-02,ADBE,13,0.049571726471185684
2025-04-02,ADBE,14,0.049685392528772354
2025-04-02,ADBE,15,0.049895986914634705
2025-04-02,ADBE,16,0.04980161413550377
2025-04-02,ADBE,17,0.049501270055770874
2025-04-02,ADBE,18,0.04948585107922554
2025-04-02,ADBE,19,0.04971938952803612
2025-04-02,ADBE,20,0.04981096833944321
2025-04-02,AMD,1,0.05027993395924568
2025-04-02,AMD,2,0.04974009841680527
2025-04-02,AMD,3,0.04962306469678879
2025-04-02,AMD,4,0.049909353256225586
2025-04-02,AMD,5,0.05004830285906792
2025-04-02,AMD,6,0.04993008077144623
2025-04-02,AMD,7,0.04964081197977066
2025-04-02,AMD,8,0.04965303838253021
2025-04-02,AMD,9,0.049900609999895096
2025-04-02,AMD,10,0.050159748643636703
2025-04-02,AMD,11,0.05005259066820145
2025-04-02,AMD,12,0.04971890524029732
2025-04-02,AMD,13,0.049727436155080795
2025-04-02,AMD,14,0.050120823085308075
2025-04-02,AMD,15,0.0503837913274765
2025-04-02,AMD,16,0.05044231563806534
2025-04-02,AMD,17,0.050217386335134506
2025-04-02,AMD,18,0.05009933188557625
2025-04-02,AMD,19,0.05010975897312164
2025-04-02,AMD,20,0.05024265497922897
2025-04-02,CMCSA,1,0.05029681324958801
2025-04-02,CMCSA,2,0.04985573887825012
2025-04-02,CMCSA,3,0.0500590056180954
2025-04-02,CMCSA,4,0.0502711646258831
2025-04-02,CMCSA,5,0.05037875100970268
2025-04-02,CMCSA,6,0.05020926892757416
2025-04-02,CMCSA,7,0.04980645701289177
2025-04-02,CMCSA,8,0.049672096967697144
2025-04-02,CMCSA,9,0.04978681355714798
2025-04-02,CMCSA,10,0.050000354647636414
2025-04-02,CMCSA,11,0.04989299550652504
2025-04-02,CMCSA,12,0.04956557974219322
2025-04-02,CMCSA,13,0.049774449318647385
2025-04-02,CMCSA,14,0.0499083586037159
2025-04-02,CMCSA,15,0.050157394260168076
2025-04-02,CMCSA,16,0.050166431814432144
2025-04-02,CMCSA,17,0.04993214085698128
2025-04-02,CMCSA,18,0.04988044500350952
2025-04-02,CMCSA,19,0.05006267875432968
2025-04-02,CMCSA,20,0.05032297968864441
2025-04-02,COST,1,0.050173141062259674
2025-04-02,COST,2,0.05022750422358513
2025-04-02,COST,3,0.05022156238555908
2025-04-02,COST,4,0.05017707869410515
2025-04-02,COST,5,0.05014912411570549
2025-04-02,COST,6,0.05012620612978935
2025-04-02,COST,7,0.05007528141140938
2025-04-02,COST,8,0.04989059641957283
2025-04-02,COST,9,0.04990251362323761
2025-04-02,COST,10,0.05003102123737335
2025-04-02,COST,11,0.04999280720949173
2025-04-02,COST,12,0.04988826438784599
2025-04-02,COST,13,0.04983349144458771
2025-04-02,COST,14,0.049866706132888794
2025-04-02,COST,15,0.04994450509548187
2025-04-02,COST,16,0.04996326193213463
2025-04-02,COST,17,0.049859095364809036
2025-04-02,COST,18,0.049828335642814636
2025-04-02,COST,19,0.049883004277944565
2025-04-02,COST,20,0.049966540187597275
2025-04-02,INTC,1,0.050387490540742874
2025-04-02,INTC,2,0.04978572949767113
2025-04-02,INTC,3,0.04962163791060448
2025-04-02,INTC,4,0.04971567168831825
2025-04-02,INTC,5,0.04984433203935623
2025-04-02,INTC,6,0.04977075383067131
2025-04-02,INTC,7,0.04999280348420143
2025-04-02,INTC,8,0.04994357004761696
2025-04-02,INTC,9,0.05022457614541054
2025-04-02,INTC,10,0.05039633437991142
2025-04-02,INTC,11,0.050416089594364166
2025-04-02,INTC,12,0.04999995231628418
2025-04-02,INTC,13,0.04998849332332611
2025-04-02,INTC,14,0.05007946863770485
2025-04-02,INTC,15,0.050262700766325
2025-04-02,INTC,16,0.05008943751454353
2025-04-02,INTC,17,0.04974563419818878
2025-04-02,INTC,18,0.049680668860673904
2025-04-02,INTC,19,0.04991654306650162
2025-04-02,INTC,20,0.050138041377067566
2025-04-02,INTU,1,0.05007804185152054
2025-04-02,INTU,2,0.05001896992325783
2025-04-02,INTU,3,0.049924347549676895
2025-04-02,INTU,4,0.05002448335289955
2025-04-02,INTU,5,0.050047796219587326
2025-04-02,INTU,6,0.050036344677209854
2025-04-02,INTU,7,0.049949195235967636
2025-04-02,INTU,8,0.049886830151081085
2025-04-02,INTU,9,0.04993326961994171
2025-04-02,INTU,10,0.050030387938022614
2025-04-02,INTU,11,0.05002830922603607
2025-04-02,INTU,12,0.04993164539337158
2025-04-02,INTU,13,0.049888454377651215
2025-04-02,INTU,14,0.04995620623230934
2025-04-02,INTU,15,0.05006006360054016
2025-04-02,INTU,16,0.05011822283267975
2025-04-02,INTU,17,0.05000701919198036
2025-04-02,INTU,18,0.04993845149874687
2025-04-02,INTU,19,0.049979254603385925
2025-04-02,INTU,20,0.050162699073553085
2025-04-02,MSFT,1,0.05010329931974411
2025-04-02,MSFT,2,0.05008917674422264
2025-04-02,MSFT,3,0.049986258149147034
2025-04-02,MSFT,4,0.050130926072597504
2025-04-02,MSFT,5,0.05014205724000931
2025-04-02,MSFT,6,0.05007190257310867
2025-04-02,MSFT,7,0.04993119090795517
2025-04-02,MSFT,8,0.04985715448856354
2025-04-02,MSFT,9,0.04994574189186096
2025-04-02,MSFT,10,0.050075434148311615
2025-04-02,MSFT,11,0.050025928765535355
2025-04-02,MSFT,12,0.04990696534514427
2025-04-02,MSFT,13,0.04987027123570442
2025-04-02,MSFT,14,0.049938373267650604
2025-04-02,MSFT,15,0.0500355064868927
2025-04-02,MSFT,16,0.05007832124829292
2025-04-02,MSFT,17,0.049931932240724564
2025-04-02,MSFT,18,0.049898501485586166
2025-04-02,MSFT,19,0.049944352358579636
2025-04-02,MSFT,20,0.05003669112920761
2025-04-02,QCOM,1,0.05019203573465347
2025-04-02,QCOM,2,0.04996691271662712
2025-04-02,QCOM,3,0.049893975257873535
2025-04-02,QCOM,4,0.05011454597115517
2025-04-02,QCOM,5,0.0502096526324749
2025-04-02,QCOM,6,0.050120897591114044
2025-04-02,QCOM,7,0.0498775877058506
2025-04-02,QCOM,8,0.04977411404252052
2025-04-02,QCOM,9,0.04991181567311287
2025-04-02,QCOM,10,0.050095781683921814
2025-04-02,QCOM,11,0.050027161836624146
2025-04-02,QCOM,12,0.04983874782919884
2025-04-02,QCOM,13,0.04981985688209534
2025-04-02,QCOM,14,0.04994599148631096
2025-04-02,QCOM,15,0.05012967810034752
2025-04-02,QCOM,16,0.050130944699048996
2025-04-02,QCOM,17,0.04994514584541321
2025-04-02,QCOM,18,0.04990671947598457
2025-04-02,QCOM,19,0.04995191469788551
2025-04-02,QCOM,20,0.050146494060754776
2025-04-02,SBUX,1,0.050447750836610794
2025-04-02,SBUX,2,0.05045422166585922
2025-04-02,SBUX,3,0.05018145591020584
2025-04-02,SBUX,4,0.05029113590717316
2025-04-02,SBUX,5,0.050294049084186554
2025-04-02,SBUX,6,0.0502338744699955
2025-04-02,SBUX,7,0.04998422786593437
2025-04-02,SBUX,8,0.04979956895112991
2025-04-02,SBUX,9,0.04992175102233887
2025-04-02,SBUX,10,0.05006425082683563
2025-04-02,SBUX,11,0.05002934858202934
2025-04-02,SBUX,12,0.0498325414955616
2025-04-02,SBUX,13,0.04973091557621956
2025-04-02,SBUX,14,0.04982365295290947
2025-04-02,SBUX,15,0.049927424639463425
2025-04-02,SBUX,16,0.04989513382315636
2025-04-02,SBUX,17,0.04971873387694359
2025-04-02,SBUX,18,0.04962021857500076
2025-04-02,SBUX,19,0.04979117587208748
2025-04-02,SBUX,20,0.04995853081345558
2025-04-03,AAPL,1,0.050142426043748856
2025-04-03,AAPL,2,0.05004671961069107
2025-04-03,AAPL,3,0.05028147995471954
2025-04-03,AAPL,4,0.05031030997633934
2025-04-03,AAPL,5,0.05027048662304878
2025-04-03,AAPL,6,0.050105057656764984
2025-04-03,AAPL,7,0.04988013952970505
2025-04-03,AAPL,8,0.049920178949832916
2025-04-03,AAPL,9,0.05001654475927353
2025-04-03,AAPL,10,0.049972161650657654
2025-04-03,AAPL,11,0.04978971928358078
2025-04-03,AAPL,12,0.04974045976996422
2025-04-03,AAPL,13,0.049823638051748276
2025-04-03,AAPL,14,0.049938540905714035
2025-04-03,AAPL,15,0.05000456050038338
2025-04-03,AAPL,16,0.04987266659736633
2025-04-03,AAPL,17,0.049843817949295044
2025-04-03,AAPL,18,0.04993421211838722
2025-04-03,AAPL,19,0.05004728212952614
2025-04-03,AAPL,20,0.050059475004673004
2025-04-03,ADBE,1,0.05034039542078972
2025-04-03,ADBE,2,0.05013188347220421
2025-04-03,ADBE,3,0.05038411542773247
2025-04-03,ADBE,4,0.0504862405359745
2025-04-03,ADBE,5,0.0503852516412735
2025-04-03,ADBE,6,0.050306860357522964
2025-04-03,ADBE,7,0.05011609196662903
2025-04-03,ADBE,8,0.050179194658994675
2025-04-03,ADBE,9,0.05030812695622444
2025-04-03,ADBE,10,0.05019651725888252
2025-04-03,ADBE,11,0.049715302884578705
2025-04-03,ADBE,12,0.04960864782333374
2025-04-03,ADBE,13,0.04972240328788757
2025-04-03,ADBE,14,0.04993315413594246
2025-04-03,ADBE,15,0.04983871057629585
2025-04-03,ADBE,16,0.04953814297914505
2025-04-03,ADBE,17,0.04952271282672882
2025-04-03,ADBE,18,0.04975642263889313
2025-04-03,ADBE,19,0.04984806850552559
2025-04-03,ADBE,20,0.04968167841434479
2025-04-03,AMD,1,0.04994794353842735
2025-04-03,AMD,2,0.04966381564736366
2025-04-03,AMD,3,0.049916476011276245
2025-04-03,AMD,4,0.05004752799868584
2025-04-03,AMD,5,0.04992726445198059
2025-04-03,AMD,6,0.049637481570243835
2025-04-03,AMD,7,0.04964946210384369
2025-04-03,AMD,8,0.049896933138370514
2025-04-03,AMD,9,0.050156038254499435
2025-04-03,AMD,10,0.05004888400435448
2025-04-03,AMD,11,0.04971521720290184
2025-04-03,AMD,12,0.04972374439239502
2025-04-03,AMD,13,0.05011710524559021
2025-04-03,AMD,14,0.050380054861307144
2025-04-03,AMD,15,0.05043857544660568
2025-04-03,AMD,16,0.050213661044836044
2025-04-03,AMD,17,0.05009561777114868
2025-04-03,AMD,18,0.05010604113340378
2025-04-03,AMD,19,0.05023892596364021
2025-04-03,AMD,20,0.05007925629615784
2025-04-03,CMCSA,1,0.0500144399702549
2025-04-03,CMCSA,2,0.0500841960310936
2025-04-03,CMCSA,3,0.05027319863438606
2025-04-03,CMCSA,4,0.05037470906972885
2025-04-03,CMCSA,5,0.05020375922322273
2025-04-03,CMCSA,6,0.04980041831731796
2025-04-03,CMCSA,7,0.04966584965586662
2025-04-03,CMCSA,8,0.04978048801422119
2025-04-03,CMCSA,9,0.049993980675935745
2025-04-03,CMCSA,10,0.04988662526011467
2025-04-03,CMCSA,11,0.049559254199266434
2025-04-03,CMCSA,12,0.04976809397339821
2025-04-03,CMCSA,13,0.04990198835730553
2025-04-03,CMCSA,14,0.05015098676085472
2025-04-03,CMCSA,15,0.05016002804040909
2025-04-03,CMCSA,16,0.04992576315999031
2025-04-03,CMCSA,17,0.04987407475709915
2025-04-03,CMCSA,18,0.05005628615617752
2025-04-03,CMCSA,19,0.05031655356287956
2025-04-03,CMCSA,20,0.05020930618047714
2025-04-03,COST,1,0.050199173390865326
2025-04-03,COST,2,0.05022580176591873
2025-04-03,COST,3,0.05018789321184158
2025-04-03,COST,4,0.050161201506853104
2025-04-03,COST,5,0.05013854801654816
2025-04-03,COST,6,0.050087686628103256
2025-04-03,COST,7,0.049902986735105515
2025-04-03,COST,8,0.04991491511464119
2025-04-03,COST,9,0.05004345625638962
2025-04-03,COST,10,0.0500052347779274
2025-04-03,COST,11,0.049900662153959274
2025-04-03,COST,12,0.049845874309539795
2025-04-03,COST,13,0.04987910017371178
2025-04-03,COST,14,0.04995691776275635
2025-04-03,COST,15,0.0499756783246994
2025-04-03,COST,16,0.04987148568034172
2025-04-03,COST,17,0.049840718507766724
2025-04-03,COST,18,0.04989539831876755
2025-04-03,COST,19,0.04997896030545235
2025-04-03,COST,20,0.04998838156461716
2025-04-03,INTC,1,0.05001844838261604
2025-04-03,INTC,2,0.04968541860580444
2025-04-03,INTC,3,0.04973677545785904
2025-04-03,INTC,4,0.049853693693876266
2025-04-03,INTC,5,0.049776554107666016
2025-04-03,INTC,6,0.04999733343720436
2025-04-03,INTC,7,0.049947742372751236
2025-04-03,INTC,8,0.05022864788770676
2025-04-03,INTC,9,0.05040038749575615
2025-04-03,INTC,10,0.050420131534338
2025-04-03,INTC,11,0.050003960728645325
2025-04-03,INTC,12,0.049992501735687256
2025-04-03,INTC,13,0.050083477050065994
2025-04-03,INTC,14,0.050266724079847336
2025-04-03,INTC,15,0.05009344965219498
2025-04-03,INTC,16,0.049749620258808136
2025-04-03,INTC,17,0.04968464747071266
2025-04-03,INTC,18,0.04992054030299187
2025-04-03,INTC,19,0.050142060965299606
2025-04-03,INTC,20,0.04999798908829689
2025-04-03,INTU,1,0.05001246929168701
2025-04-03,INTU,2,0.04991987347602844
2025-04-03,INTU,3,0.05002015456557274
2025-04-03,INTU,4,0.050043221563100815
2025-04-03,INTU,5,0.05003172904253006
2025-04-03,INTU,6,0.04994458332657814
2025-04-03,INTU,7,0.049882225692272186
2025-04-03,INTU,8,0.049928657710552216
2025-04-03,INTU,9,0.05002576485276222
2025-04-03,INTU,10,0.05002368614077568
2025-04-03,INTU,11,0.049927033483982086
2025-04-03,INTU,12,0.04988384619355202
2025-04-03,INTU,13,0.049951594322919846
2025-04-03,INTU,14,0.05005544051527977
2025-04-03,INTU,15,0.05011358857154846
2025-04-03,INTU,16,0.05000239983201027
2025-04-03,INTU,17,0.04993383586406708
2025-04-03,INTU,18,0.04997463524341583
2025-04-03,INTU,19,0.0501580648124218
2025-04-03,INTU,20,0.05016716942191124
2025-04-03,MSFT,1,0.05008714646100998
2025-04-03,MSFT,2,0.049986399710178375
2025-04-03,MSFT,3,0.050132494419813156
2025-04-03,MSFT,4,0.05014418065547943
2025-04-03,MSFT,5,0.05007418245077133
2025-04-03,MSFT,6,0.04993351548910141
2025-04-03,MSFT,7,0.04985950142145157
2025-04-03,MSFT,8,0.04994809627532959
2025-04-03,MSFT,9,0.05007779225707054
2025-04-03,MSFT,10,0.05002829059958458
2025-04-03,MSFT,11,0.0499093197286129
2025-04-03,MSFT,12,0.04987262189388275
2025-04-03,MSFT,13,0.04994072765111923
2025-04-03,MSFT,14,0.05003786459565163
2025-04-03,MSFT,15,0.05008068308234215
2025-04-03,MSFT,16,0.04993428662419319
2025-04-03,MSFT,17,0.049900855869054794
2025-04-03,MSFT,18,0.04994671046733856
2025-04-03,MSFT,19,0.050039056688547134
2025-04-03,MSFT,20,0.05006619915366173
2025-04-03,QCOM,1,0.05002037063241005
2025-04-03,QCOM,2,0.04990435764193535
2025-04-03,QCOM,3,0.050118185579776764
2025-04-03,QCOM,4,0.050212159752845764
2025-04-03,QCOM,5,0.05012315511703491
2025-04-03,QCOM,6,0.0498797707259655
2025-04-03,QCOM,7,0.04977627098560333
2025-04-03,QCOM,8,0.049913980066776276
2025-04-03,QCOM,9,0.05009794980287552
2025-04-03,QCOM,10,0.05002932250499725
2025-04-03,QCOM,11,0.04984090477228165
2025-04-03,QCOM,12,0.049822013825178146
2025-04-03,QCOM,13,0.04994815215468407
2025-04-03,QCOM,14,0.050131846219301224
2025-04-03,QCOM,15,0.0501331128180027
2025-04-03,QCOM,16,0.049947306513786316
2025-04-03,QCOM,17,0.04990888014435768
2025-04-03,QCOM,18,0.04995407536625862
2025-04-03,QCOM,19,0.05014866590499878
2025-04-03,QCOM,20,0.05008954927325249
2025-04-03,SBUX,1,0.05040508136153221
2025-04-03,SBUX,2,0.05019695684313774
2025-04-03,SBUX,3,0.05031782388687134
2025-04-03,SBUX,4,0.05032385513186455
2025-04-03,SBUX,5,0.05026433244347572
2025-04-03,SBUX,6,0.05001471936702728
2025-04-03,SBUX,7,0.04982992261648178
2025-04-03,SBUX,8,0.049952223896980286
2025-04-03,SBUX,9,0.0500948429107666
2025-04-03,SBUX,10,0.05005992203950882
2025-04-03,SBUX,11,0.04986298829317093
2025-04-03,SBUX,12,0.049761269241571426
2025-04-03,SBUX,13,0.0498540885746479
2025-04-03,SBUX,14,0.04995791241526604
2025-04-03,SBUX,15,0.04992559552192688
2025-04-03,SBUX,16,0.04974908381700516
2025-04-03,SBUX,17,0.04965048283338547
2025-04-03,SBUX,18,0.04982150346040726
2025-04-03,SBUX,19,0.04998902976512909
2025-04-03,SBUX,20,0.04996829479932785
2025-04-04,AAPL,1,0.050031889230012894
2025-04-04,AAPL,2,0.050247520208358765
2025-04-04,AAPL,3,0.05020662769675255
2025-04-04,AAPL,4,0.05011904239654541
2025-04-04,AAPL,5,0.04998612403869629
2025-04-04,AAPL,6,0.04996510222554207
2025-04-04,AAPL,7,0.050057608634233475
2025-04-04,AAPL,8,0.05004190653562546
2025-04-04,AAPL,9,0.04995569586753845
2025-04-04,AAPL,10,0.04975821450352669
2025-04-04,AAPL,11,0.04985824599862099
2025-04-04,AAPL,12,0.049968428909778595
2025-04-04,AAPL,13,0.0499790757894516
2025-04-04,AAPL,14,0.04992547631263733
2025-04-04,AAPL,15,0.04985007643699646
2025-04-04,AAPL,16,0.04987354949116707
2025-04-04,AAPL,17,0.05006902664899826
2025-04-04,AAPL,18,0.05005846545100212
2025-04-04,AAPL,19,0.04999612644314766
2025-04-04,AAPL,20,0.050051718950271606
2025-04-04,ADBE,1,0.05015399679541588
2025-04-04,ADBE,2,0.0504089891910553
2025-04-04,ADBE,3,0.05040851980447769
2025-04-04,ADBE,4,0.05022355169057846
2025-04-04,ADBE,5,0.05017293989658356
2025-04-04,ADBE,6,0.050319645553827286
2025-04-04,ADBE,7,0.050499361008405685
2025-04-04,ADBE,8,0.05049290135502815
2025-04-04,ADBE,9,0.050254326313734055
2025-04-04,ADBE,10,0.04962188005447388
2025-04-04,ADBE,11,0.04969759285449982
2025-04-04,ADBE,12,0.04997760429978371
2025-04-04,ADBE,13,0.05007924139499664
2025-04-04,ADBE,14,0.04973221942782402
2025-04-04,ADBE,15,0.0494115948677063
2025-04-04,ADBE,16,0.04959127679467201
2025-04-04,ADBE,17,0.05017591267824173
2025-04-04,ADBE,18,0.04996332898736
2025-04-04,ADBE,19,0.04959658905863762
2025-04-04,ADBE,20,0.04921851307153702
2025-04-04,AMD,1,0.049854740500450134
2025-04-04,AMD,2,0.05007069930434227
2025-04-04,AMD,3,0.05010061338543892
2025-04-04,AMD,4,0.04994572699069977
2025-04-04,AMD,5,0.049420565366744995
2025-04-04,AMD,6,0.04977830871939659
2025-04-04,AMD,7,0.05017179623246193
2025-04-04,AMD,8,0.05022327974438667
2025-04-04,AMD,9,0.04997606575489044
2025-04-04,AMD,10,0.04952474683523178
2025-04-04,AMD,11,0.04969535395503044
2025-04-04,AMD,12,0.050367213785648346
2025-04-04,AMD,13,0.05042304843664169
2025-04-04,AMD,14,0.05023791268467903
2025-04-04,AMD,15,0.04998750612139702
2025-04-04,AMD,16,0.05006761476397514
2025-04-04,AMD,17,0.05039999634027481
2025-04-04,AMD,18,0.05023977905511856
2025-04-04,AMD,19,0.04987718537449837
2025-04-04,AMD,20,0.04963788017630577
2025-04-04,CMCSA,1,0.05036536604166031
2025-04-04,CMCSA,2,0.050500061362981796
2025-04-04,CMCSA,3,0.05048118904232979
2025-04-04,CMCSA,4,0.05002269148826599
2025-04-04,CMCSA,5,0.0496094673871994
2025-04-04,CMCSA,6,0.049791593104600906
2025-04-04,CMCSA,7,0.050022631883621216
2025-04-04,CMCSA,8,0.05013024061918259
2025-04-04,CMCSA,9,0.04974164441227913
2025-04-04,CMCSA,10,0.04933370277285576
2025-04-04,CMCSA,11,0.049851320683956146
2025-04-04,CMCSA,12,0.050074052065610886
2025-04-04,CMCSA,13,0.0502396859228611
2025-04-04,CMCSA,14,0.05003741383552551
2025-04-04,CMCSA,15,0.04967200756072998
2025-04-04,CMCSA,16,0.049785222858190536
2025-04-04,CMCSA,17,0.050433140248060226
2025-04-04,CMCSA,18,0.05036461353302002
2025-04-04,CMCSA,19,0.050010669976472855
2025-04-04,CMCSA,20,0.04953328147530556
2025-04-04,COST,1,0.05013186112046242
2025-04-04,COST,2,0.05017309635877609
2025-04-04,COST,3,0.05010775476694107
2025-04-04,COST,4,0.05005797743797302
2025-04-04,COST,5,0.050046179443597794
2025-04-04,COST,6,0.049982309341430664
2025-04-04,COST,7,0.05003432556986809
2025-04-04,COST,8,0.05005541816353798
2025-04-04,COST,9,0.04998922720551491
2025-04-04,COST,10,0.04990575090050697
2025-04-04,COST,11,0.0499388761818409
2025-04-04,COST,12,0.0499996580183506
2025-04-04,COST,13,0.04997803270816803
2025-04-04,COST,14,0.04993554577231407
2025-04-04,COST,15,0.04987315833568573
2025-04-04,COST,16,0.04989699646830559
2025-04-04,COST,17,0.050002194941043854
2025-04-04,COST,18,0.04998951777815819
2025-04-04,COST,19,0.04995035007596016
2025-04-04,COST,20,0.04995182901620865
2025-04-04,INTC,1,0.049823518842458725
2025-04-04,INTC,2,0.049904026091098785
2025-04-04,INTC,3,0.0499025359749794
2025-04-04,INTC,4,0.049747858196496964
2025-04-04,INTC,5,0.0502045601606369
2025-04-04,INTC,6,0.05012732744216919
2025-04-04,INTC,7,0.05049748346209526
2025-04-04,INTC,8,0.050488196313381195
2025-04-04,INTC,9,0.05027453601360321
2025-04-04,INTC,10,0.04975224658846855
2025-04-04,INTC,11,0.049985792487859726
2025-04-04,INTC,12,0.050180014222860336
2025-04-04,INTC,13,0.050252366811037064
2025-04-04,INTC,14,0.049767330288887024
2025-04-04,INTC,15,0.04944799095392227
2025-04-04,INTC,16,0.04954603686928749
2025-04-04,INTC,17,0.0502677746117115
2025-04-04,INTC,18,0.05014397203922272
2025-04-04,INTC,19,0.04978066310286522
2025-04-04,INTC,20,0.04990578815340996
2025-04-04,INTU,1,0.04994507506489754
2025-04-04,INTU,2,0.05008764937520027
2025-04-04,INTU,3,0.05004899203777313
2025-04-04,INTU,4,0.04998048022389412
2025-04-04,INTU,5,0.04992504417896271
2025-04-04,INTU,6,0.049965791404247284
2025-04-04,INTU,7,0.05002538487315178
2025-04-04,INTU,8,0.05002273991703987
2025-04-04,INTU,9,0.04995888099074364
2025-04-04,INTU,10,0.0498787984251976
2025-04-04,INTU,11,0.04992450773715973
2025-04-04,INTU,12,0.05002550408244133
2025-04-04,INTU,13,0.05003323778510094
2025-04-04,INTU,14,0.04998107999563217
2025-04-04,INTU,15,0.04990945756435394
2025-04-04,INTU,16,0.04992503300309181
2025-04-04,INTU,17,0.05009302869439125
2025-04-04,INTU,18,0.05012331157922745
2025-04-04,INTU,19,0.05006901174783707
2025-04-04,INTU,20,0.05007690191268921
2025-04-04,MSFT,1,0.05000177025794983
2025-04-04,MSFT,2,0.050192203372716904
2025-04-04,MSFT,3,0.05013325810432434
2025-04-04,MSFT,4,0.050008442252874374
2025-04-04,MSFT,5,0.04989490658044815
2025-04-04,MSFT,6,0.049962542951107025
2025-04-04,MSFT,7,0.05005479231476784
2025-04-04,MSFT,8,0.05006403848528862
2025-04-04,MSFT,9,0.04997843876481056
2025-04-04,MSFT,10,0.04988306388258934
2025-04-04,MSFT,11,0.04994519054889679
2025-04-04,MSFT,12,0.05002973973751068
2025-04-04,MSFT,13,0.05001349002122879
2025-04-04,MSFT,14,0.04995398595929146
2025-04-04,MSFT,15,0.04986871778964996
2025-04-04,MSFT,16,0.049912091344594955
2025-04-04,MSFT,17,0.050080932676792145
2025-04-04,MSFT,18,0.05005708709359169
2025-04-04,MSFT,19,0.05000127851963043
2025-04-04,MSFT,20,0.049963951110839844
2025-04-04,QCOM,1,0.0500367134809494
2025-04-04,QCOM,2,0.05024166777729988
2025-04-04,QCOM,3,0.05021905526518822
2025-04-04,QCOM,4,0.05001603066921234
2025-04-04,QCOM,5,0.049800194799900055
2025-04-04,QCOM,6,0.04989258572459221
2025-04-04,QCOM,7,0.05006348714232445
2025-04-04,QCOM,8,0.05010141059756279
2025-04-04,QCOM,9,0.049935080111026764
2025-04-04,QCOM,10,0.04973703995347023
2025-04-04,QCOM,11,0.04985686019062996
2025-04-04,QCOM,12,0.0500718355178833
2025-04-04,QCOM,13,0.05010437220335007
2025-04-04,QCOM,14,0.049956899136304855
2025-04-04,QCOM,15,0.04980713874101639
2025-04-04,QCOM,16,0.04988276958465576
2025-04-04,QCOM,17,0.05016974359750748
2025-04-04,QCOM,18,0.05013760179281235
2025-04-04,QCOM,19,0.04997628927230835
2025-04-04,QCOM,20,0.04999319836497307
2025-04-04,SBUX,1,0.050148043781518936
2025-04-04,SBUX,2,0.05030754208564758
2025-04-04,SBUX,3,0.05025044456124306
2025-04-04,SBUX,4,0.05014149099588394
2025-04-04,SBUX,5,0.04993671178817749
2025-04-04,SBUX,6,0.049969352781772614
2025-04-04,SBUX,7,0.050125207751989365
2025-04-04,SBUX,8,0.05013129860162735
2025-04-04,SBUX,9,0.050019774585962296
2025-04-04,SBUX,10,0.04985718056559563
2025-04-04,SBUX,11,0.049863822758197784
2025-04-04,SBUX,12,0.0500025749206543
2025-04-04,SBUX,13,0.05000801384449005
2025-04-04,SBUX,14,0.04991826042532921
2025-04-04,SBUX,15,0.049786437302827835
2025-04-04,SBUX,16,0.04978072643280029
2025-04-04,SBUX,17,0.05005624145269394
2025-04-04,SBUX,18,0.050039537250995636
2025-04-04,SBUX,19,0.04992193728685379
2025-04-04,SBUX,20,0.04973543807864189
2025-04-07,AAPL,1,0.05022347718477249
2025-04-07,AAPL,2,0.050190746784210205
2025-04-07,AAPL,3,0.05011053755879402
2025-04-07,AAPL,4,0.04999008774757385
2025-04-07,AAPL,5,0.049960728734731674
2025-04-07,AAPL,6,0.050055500119924545
2025-04-07,AAPL,7,0.050043344497680664
2025-04-07,AAPL,8,0.04996277019381523
2025-04-07,AAPL,9,0.049789365381002426
2025-04-07,AAPL,10,0.049871303141117096
2025-04-07,AAPL,11,0.04997707158327103
2025-04-07,AAPL,12,0.049985647201538086
2025-04-07,AAPL,13,0.04993719980120659
2025-04-07,AAPL,14,0.04986203834414482
2025-04-07,AAPL,15,0.04988068342208862
2025-04-07,AAPL,16,0.05005541816353798
2025-04-07,AAPL,17,0.05005273222923279
2025-04-07,AAPL,18,0.04999527707695961
2025-04-07,AAPL,19,0.050047677010297775
2025-04-07,AAPL,20,0.05000833794474602
2025-04-07,ADBE,1,0.050542205572128296
2025-04-07,ADBE,2,0.05045861005783081
2025-04-07,ADBE,3,0.05026039108633995
2025-04-07,ADBE,4,0.05020721256732941
2025-04-07,ADBE,5,0.050353437662124634
2025-04-07,ADBE,6,0.050533175468444824
2025-04-07,ADBE,7,0.050526686012744904
2025-04-07,ADBE,8,0.05028794705867767
2025-04-07,ADBE,9,0.04965507611632347
2025-04-07,ADBE,10,0.04973083734512329
2025-04-07,ADBE,11,0.050011035054922104
2025-04-07,ADBE,12,0.05011273920536041
2025-04-07,ADBE,13,0.049765486270189285
2025-04-07,ADBE,14,0.04944464936852455
2025-04-07,ADBE,15,0.049624450504779816
2025-04-07,ADBE,16,0.05020947754383087
2025-04-07,ADBE,17,0.0499967522919178
2025-04-07,ADBE,18,0.04962976649403572
2025-04-07,ADBE,19,0.04925144091248512
2025-04-07,ADBE,20,0.049398623406887054
2025-04-07,AMD,1,0.050268031656742096
2025-04-07,AMD,2,0.050124626606702805
2025-04-07,AMD,3,0.049940045922994614
2025-04-07,AMD,4,0.0494096502661705
2025-04-07,AMD,5,0.04976537078619003
2025-04-07,AMD,6,0.05015839263796806
2025-04-07,AMD,7,0.050209783017635345
2025-04-07,AMD,8,0.049962613731622696
2025-04-07,AMD,9,0.04951141029596329
2025-04-07,AMD,10,0.049681972712278366
2025-04-07,AMD,11,0.050353650003671646
2025-04-07,AMD,12,0.0504094660282135
2025-04-07,AMD,13,0.05022438243031502
2025-04-07,AMD,14,0.04997404292225838
2025-04-07,AMD,15,0.05005412921309471
2025-04-07,AMD,16,0.050386421382427216
2025-04-07,AMD,17,0.05022624880075455
2025-04-07,AMD,18,0.049863751977682114
2025-04-07,AMD,19,0.04962451010942459
2025-04-07,AMD,20,0.049851562827825546
2025-04-07,CMCSA,1,0.05064753070473671
2025-04-07,CMCSA,2,0.0505388006567955
2025-04-07,CMCSA,3,0.05006738379597664
2025-04-07,CMCSA,4,0.049650926142930984
2025-04-07,CMCSA,5,0.049832213670015335
2025-04-07,CMCSA,6,0.05006254091858864
2025-04-07,CMCSA,7,0.050170108675956726
2025-04-07,CMCSA,8,0.04978179931640625
2025-04-07,CMCSA,9,0.04937412217259407
2025-04-07,CMCSA,10,0.04989180341362953
2025-04-07,CMCSA,11,0.05011396110057831
2025-04-07,CMCSA,12,0.05027959123253822
2025-04-07,CMCSA,13,0.05007750168442726
2025-04-07,CMCSA,14,0.049712181091308594
2025-04-07,CMCSA,15,0.04982535541057587
2025-04-07,CMCSA,16,0.05047314986586571
2025-04-07,CMCSA,17,0.05040433630347252
2025-04-07,CMCSA,18,0.05005061626434326
2025-04-07,CMCSA,19,0.04957345500588417
2025-04-07,CMCSA,20,0.04947252199053764
2025-04-07,COST,1,0.05014481022953987
2025-04-07,COST,2,0.05010708421468735
2025-04-07,COST,3,0.05006139725446701
2025-04-07,COST,4,0.05005046725273132
2025-04-07,COST,5,0.049986835569143295
2025-04-07,COST,6,0.050038889050483704
2025-04-07,COST,7,0.050059981644153595
2025-04-07,COST,8,0.049993790686130524
2025-04-07,COST,9,0.04991031065583229
2025-04-07,COST,10,0.049943435937166214
2025-04-07,COST,11,0.05000421777367592
2025-04-07,COST,12,0.049982596188783646
2025-04-07,COST,13,0.04994010552763939
2025-04-07,COST,14,0.04987771064043045
2025-04-07,COST,15,0.04990154877305031
2025-04-07,COST,16,0.05000675842165947
2025-04-07,COST,17,0.049994081258773804
2025-04-07,COST,18,0.04995490983128548
2025-04-07,COST,19,0.049956388771533966
2025-04-07,COST,20,0.050084616988897324
2025-04-07,INTC,1,0.0501195527613163
2025-04-07,INTC,2,0.04993174970149994
2025-04-07,INTC,3,0.049740757793188095
2025-04-07,INTC,4,0.05018804594874382
2025-04-07,INTC,5,0.050109151750802994
2025-04-07,INTC,6,0.05047871172428131
2025-04-07,INTC,7,0.050469331443309784
2025-04-07,INTC,8,0.05025573447346687
2025-04-07,INTC,9,0.049733635038137436
2025-04-07,INTC,10,0.04996708780527115
2025-04-07,INTC,11,0.05016123875975609
2025-04-07,INTC,12,0.050233565270900726
2025-04-07,INTC,13,0.04974871128797531
2025-04-07,INTC,14,0.04942948743700981
2025-04-07,INTC,15,0.049527499824762344
2025-04-07,INTC,16,0.050248969346284866
2025-04-07,INTC,17,0.05012521147727966
2025-04-07,INTC,18,0.04976203665137291
2025-04-07,INTC,19,0.04988711699843407
2025-04-07,INTC,20,0.0498824268579483
2025-04-07,INTU,1,0.05008244141936302
2025-04-07,INTU,2,0.05004283785820007
2025-04-07,INTU,3,0.04997490718960762
2025-04-07,INTU,4,0.04991969093680382
2025-04-07,INTU,5,0.04996049404144287
2025-04-07,INTU,6,0.050020091235637665
2025-04-07,INTU,7,0.05001744627952576
2025-04-07,INTU,8,0.04995359107851982
2025-04-07,INTU,9,0.04987351968884468
2025-04-07,INTU,10,0.04991922527551651
2025-04-07,INTU,11,0.050020210444927216
2025-04-07,INTU,12,0.05002794414758682
2025-04-07,INTU,13,0.049975790083408356
2025-04-07,INTU,14,0.04990417882800102
2025-04-07,INTU,15,0.04991975054144859
2025-04-07,INTU,16,0.05008772760629654
2025-04-07,INTU,17,0.050118010491132736
2025-04-07,INTU,18,0.050063710659742355
2025-04-07,INTU,19,0.0500716008245945
2025-04-07,INTU,20,0.05004676803946495
2025-04-07,MSFT,1,0.05018182843923569
2025-04-07,MSFT,2,0.050130974501371384
2025-04-07,MSFT,3,0.05000845342874527
2025-04-07,MSFT,4,0.04989556968212128
2025-04-07,MSFT,5,0.04996339604258537
2025-04-07,MSFT,6,0.050055671483278275
2025-04-07,MSFT,7,0.05006491765379906
2025-04-07,MSFT,8,0.049979317933321
2025-04-07,MSFT,9,0.04988394305109978
2025-04-07,MSFT,10,0.049946073442697525
2025-04-07,MSFT,11,0.05003062263131142
2025-04-07,MSFT,12,0.050014372915029526
2025-04-07,MSFT,13,0.049954865127801895
2025-04-07,MSFT,14,0.0498696006834507
2025-04-07,MSFT,15,0.04991297051310539
2025-04-07,MSFT,16,0.05008181929588318
2025-04-07,MSFT,17,0.050057969987392426
2025-04-07,MSFT,18,0.05000216141343117
2025-04-07,MSFT,19,0.04996483400464058
2025-04-07,MSFT,20,0.050000667572021484
2025-04-07,QCOM,1,0.050277721136808395
2025-04-07,QCOM,2,0.05022208020091057
2025-04-07,QCOM,3,0.050015635788440704
2025-04-07,QCOM,4,0.049799371510744095
2025-04-07,QCOM,5,0.04989168420433998
2025-04-07,QCOM,6,0.05006257817149162
2025-04-07,QCOM,7,0.05010049045085907
2025-04-07,QCOM,8,0.04993416368961334
2025-04-07,QCOM,9,0.04973612725734711
2025-04-07,QCOM,10,0.049855947494506836
2025-04-07,QCOM,11,0.05007091537117958
2025-04-07,QCOM,12,0.05010345205664635
2025-04-07,QCOM,13,0.04995598644018173
2025-04-07,QCOM,14,0.049806222319602966
2025-04-07,QCOM,15,0.04988185688853264
2025-04-07,QCOM,16,0.050168827176094055
2025-04-07,QCOM,17,0.05013667792081833
2025-04-07,QCOM,18,0.04997537285089493
2025-04-07,QCOM,19,0.04999228194355965
2025-04-07,QCOM,20,0.050012655556201935
2025-04-07,SBUX,1,0.050296567380428314
2025-04-07,SBUX,2,0.05025530606508255
2025-04-07,SBUX,3,0.05015978217124939
2025-04-07,SBUX,4,0.049974653869867325
2025-04-07,SBUX,5,0.049995649605989456
2025-04-07,SBUX,6,0.05014372244477272
2025-04-07,SBUX,7,0.05014863982796669
2025-04-07,SBUX,8,0.05004512518644333
2025-04-07,SBUX,9,0.0498938150703907
2025-04-07,SBUX,10,0.04989582300186157
2025-04-07,SBUX,11,0.05003023147583008
2025-04-07,SBUX,12,0.05003359913825989
2025-04-07,SBUX,13,0.04994942247867584
2025-04-07,SBUX,14,0.049827251583337784
2025-04-07,SBUX,15,0.04981829971075058
2025-04-07,SBUX,16,0.05007031187415123
2025-04-07,SBUX,17,0.050058770924806595
2025-04-07,SBUX,18,0.049948688596487045
2025-04-07,SBUX,19,0.049785878509283066
2025-04-07,SBUX,20,0.049668435007333755
2025-04-08,AAPL,1,0.050157368183135986
2025-04-08,AAPL,2,0.05011052265763283
2025-04-08,AAPL,3,0.05000106245279312
2025-04-08,AAPL,4,0.04997113347053528
2025-04-08,AAPL,5,0.0500653050839901
2025-04-08,AAPL,6,0.050053466111421585
2025-04-08,AAPL,7,0.04997444152832031
2025-04-08,AAPL,8,0.04980473592877388
2025-04-08,AAPL,9,0.049883026629686356
2025-04-08,AAPL,10,0.04998744651675224
2025-04-08,AAPL,11,0.04999559000134468
2025-04-08,AAPL,12,0.049948256462812424
2025-04-08,AAPL,13,0.04987345263361931
2025-04-08,AAPL,14,0.049891889095306396
2025-04-08,AAPL,15,0.05006454139947891
2025-04-08,AAPL,16,0.05006180703639984
2025-04-08,AAPL,17,0.05000493675470352
2025-04-08,AAPL,18,0.0500575415790081
2025-04-08,AAPL,19,0.05001707002520561
2025-04-08,AAPL,20,0.0500764399766922
2025-04-08,ADBE,1,0.050520263612270355
2025-04-08,ADBE,2,0.05030206963419914
2025-04-08,ADBE,3,0.050246208906173706
2025-04-08,ADBE,4,0.050391726195812225
2025-04-08,ADBE,5,0.05057146027684212
2025-04-08,ADBE,6,0.05056492239236832
2025-04-08,ADBE,7,0.05032599717378616
2025-04-08,ADBE,8,0.04969264566898346
2025-04-08,ADBE,9,0.049768466502428055
2025-04-08,ADBE,10,0.05004887655377388
2025-04-08,ADBE,11,0.050150658935308456
2025-04-08,ADBE,12,0.04980313777923584
2025-04-08,ADBE,13,0.049482058733701706
2025-04-08,ADBE,14,0.04966199770569801
2025-04-08,ADBE,15,0.050247468054294586
2025-04-08,ADBE,16,0.05003457888960838
2025-04-08,ADBE,17,0.04966731742024422
2025-04-08,ADBE,18,0.04928870499134064
2025-04-08,ADBE,19,0.04943599924445152
2025-04-08,ADBE,20,0.04979545250535011
2025-04-08,AMD,1,0.05021455138921738
2025-04-08,AMD,2,0.049955181777477264
2025-04-08,AMD,3,0.04941268265247345
2025-04-08,AMD,4,0.04976371303200722
2025-04-08,AMD,5,0.05015586316585541
2025-04-08,AMD,6,0.05020706728100777
2025-04-08,AMD,7,0.04995986446738243
2025-04-08,AMD,8,0.049508675932884216
2025-04-08,AMD,9,0.0496792271733284
2025-04-08,AMD,10,0.050350867211818695
2025-04-08,AMD,11,0.05040667951107025
2025-04-08,AMD,12,0.050221603363752365
2025-04-08,AMD,13,0.04997128248214722
2025-04-08,AMD,14,0.050051361322402954
2025-04-08,AMD,15,0.050383634865283966
2025-04-08,AMD,16,0.050223469734191895
2025-04-08,AMD,17,0.04986099526286125
2025-04-08,AMD,18,0.04962176829576492
2025-04-08,AMD,19,0.049848806113004684
2025-04-08,AMD,20,0.05020269751548767
2025-04-08,CMCSA,1,0.05059797689318657
2025-04-08,CMCSA,2,0.050102073699235916
2025-04-08,CMCSA,3,0.04968055337667465
2025-04-08,CMCSA,4,0.04986028000712395
2025-04-08,CMCSA,5,0.0500892698764801
2025-04-08,CMCSA,6,0.05019666627049446
2025-04-08,CMCSA,7,0.04980912432074547
2025-04-08,CMCSA,8,0.049402203410863876
2025-04-08,CMCSA,9,0.04991958662867546
2025-04-08,CMCSA,10,0.0501406267285347
2025-04-08,CMCSA,11,0.05030612275004387
2025-04-08,CMCSA,12,0.05010449141263962
2025-04-08,CMCSA,13,0.04973959922790527
2025-04-08,CMCSA,14,0.04985261708498001
2025-04-08,CMCSA,15,0.05049970746040344
2025-04-08,CMCSA,16,0.05043048411607742
2025-04-08,CMCSA,17,0.0500774011015892
2025-04-08,CMCSA,18,0.049600981175899506
2025-04-08,CMCSA,19,0.04950038716197014
2025-04-08,CMCSA,20,0.05008995532989502
2025-04-08,COST,1,0.05007757246494293
2025-04-08,COST,2,0.05005805194377899
2025-04-08,COST,3,0.050052460283041
2025-04-08,COST,4,0.04999023675918579
2025-04-08,COST,5,0.05004248395562172
2025-04-08,COST,6,0.050063606351614
2025-04-08,COST,7,0.04999741166830063
2025-04-08,COST,8,0.0499139241874218
2025-04-08,COST,9,0.04994705691933632
2025-04-08,COST,10,0.05000784620642662
2025-04-08,COST,11,0.04998621717095375
2025-04-08,COST,12,0.049943722784519196
2025-04-08,COST,13,0.04988132789731026
2025-04-08,COST,14,0.049905166029930115
2025-04-08,COST,15,0.05001038312911987
2025-04-08,COST,16,0.04999770596623421
2025-04-08,COST,17,0.04995852708816528
2025-04-08,COST,18,0.04996000975370407
2025-04-08,COST,19,0.050088245421648026
2025-04-08,COST,20,0.05011808127164841
2025-04-08,INTC,1,0.05006999149918556
2025-04-08,INTC,2,0.04976215213537216
2025-04-08,INTC,3,0.050181157886981964
2025-04-08,INTC,4,0.050097398459911346
2025-04-08,INTC,5,0.050465572625398636
2025-04-08,INTC,6,0.050455961376428604
2025-04-08,INTC,7,0.05024236440658569
2025-04-08,INTC,8,0.049720391631126404
2025-04-08,INTC,9,0.049953773617744446
2025-04-08,INTC,10,0.05014786869287491
2025-04-08,INTC,11,0.05022018030285835
2025-04-08,INTC,12,0.049735452979803085
2025-04-08,INTC,13,0.04941631481051445
2025-04-08,INTC,14,0.049514301121234894
2025-04-08,INTC,15,0.050235576927661896
2025-04-08,INTC,16,0.05011185258626938
2025-04-08,INTC,17,0.049748778343200684
2025-04-08,INTC,18,0.04987381771206856
2025-04-08,INTC,19,0.04986913502216339
2025-04-08,INTC,20,0.050178080797195435
2025-04-08,INTU,1,0.05002160370349884
2025-04-08,INTU,2,0.04997018724679947
2025-04-08,INTU,3,0.04991843178868294
2025-04-08,INTU,4,0.04995998740196228
2025-04-08,INTU,5,0.05001968890428543
2025-04-08,INTU,6,0.05001705139875412
2025-04-08,INTU,7,0.04995319992303848
2025-04-08,INTU,8,0.04987312853336334
2025-04-08,INTU,9,0.04991883412003517
2025-04-08,INTU,10,0.05001981556415558
2025-04-08,INTU,11,0.050027549266815186
2025-04-08,INTU,12,0.04997539892792702
2025-04-08,INTU,13,0.049903787672519684
2025-04-08,INTU,14,0.049919359385967255
2025-04-08,INTU,15,0.0500873327255249
2025-04-08,INTU,16,0.0501176156103611
2025-04-08,INTU,17,0.05006331950426102
2025-04-08,INTU,18,0.05007120966911316
2025-04-08,INTU,19,0.05004637688398361
2025-04-08,INTU,20,0.05011605843901634
2025-04-08,MSFT,1,0.050101444125175476
2025-04-08,MSFT,2,0.05000608414411545
2025-04-08,MSFT,3,0.04989949241280556
2025-04-08,MSFT,4,0.049968961626291275
2025-04-08,MSFT,5,0.05006144195795059
2025-04-08,MSFT,6,0.05007072165608406
2025-04-08,MSFT,7,0.049985118210315704
2025-04-08,MSFT,8,0.04988973215222359
2025-04-08,MSFT,9,0.04995186626911163
2025-04-08,MSFT,10,0.05003643408417702
2025-04-08,MSFT,11,0.05002017691731453
2025-04-08,MSFT,12,0.0499606654047966
2025-04-08,MSFT,13,0.04987538605928421
2025-04-08,MSFT,14,0.0499187633395195
2025-04-08,MSFT,15,0.05008763074874878
2025-04-08,MSFT,16,0.05006377771496773
2025-04-08,MSFT,17,0.05000796541571617
2025-04-08,MSFT,18,0.049970634281635284
2025-04-08,MSFT,19,0.05000647157430649
2025-04-08,MSFT,20,0.05011725053191185
2025-04-08,QCOM,1,0.0502137690782547
2025-04-08,QCOM,2,0.050016406923532486
2025-04-08,QCOM,3,0.049803417176008224
2025-04-08,QCOM,4,0.049896564334630966
2025-04-08,QCOM,5,0.05006759241223335
2025-04-08,QCOM,6,0.050105515867471695
2025-04-08,QCOM,7,0.04993917793035507
2025-04-08,QCOM,8,0.049741119146347046
2025-04-08,QCOM,9,0.04986095055937767
2025-04-08,QCOM,10,0.050075940787792206
2025-04-08,QCOM,11,0.05010848119854927
2025-04-08,QCOM,12,0.04996100068092346
2025-04-08,QCOM,13,0.0498112253844738
2025-04-08,QCOM,14,0.04988686367869377
2025-04-08,QCOM,15,0.05017386004328728
2025-04-08,QCOM,16,0.05014171078801155
2025-04-08,QCOM,17,0.04998038709163666
2025-04-08,QCOM,18,0.049997299909591675
2025-04-08,QCOM,19,0.05001768097281456
2025-04-08,QCOM,20,0.05020098388195038
2025-04-08,SBUX,1,0.05024222284555435
2025-04-08,SBUX,2,0.05017640069127083
2025-04-08,SBUX,3,0.049999870359897614
2025-04-08,SBUX,4,0.05002110078930855
2025-04-08,SBUX,5,0.050168707966804504
2025-04-08,SBUX,6,0.05017365142703056
2025-04-08,SBUX,7,0.05007096007466316
2025-04-08,SBUX,8,0.049920640885829926
2025-04-08,SBUX,9,0.049922239035367966
2025-04-08,SBUX,10,0.050056200474500656
2025-04-08,SBUX,11,0.05005937069654465
2025-04-08,SBUX,12,0.049975648522377014
2025-04-08,SBUX,13,0.04985399544239044
2025-04-08,SBUX,14,0.04984460771083832
2025-04-08,SBUX,15,0.05009545013308525
2025-04-08,SBUX,16,0.05008390545845032
2025-04-08,SBUX,17,0.04997431859374046
2025-04-08,SBUX,18,0.04981403425335884
2025-04-08,SBUX,19,0.04969701170921326
2025-04-08,SBUX,20,0.04984953999519348
2025-04-09,AAPL,1,0.05008525773882866
2025-04-09,AAPL,2,0.05000802502036095
2025-04-09,AAPL,3,0.04998248070478439
2025-04-09,AAPL,4,0.05007680505514145
2025-04-09,AAPL,5,0.05006549879908562
2025-04-09,AAPL,6,0.04998820647597313
2025-04-09,AAPL,7,0.0498223640024662
2025-04-09,AAPL,8,0.0498964786529541
2025-04-09,AAPL,9,0.04999971762299538
2025-04-09,AAPL,10,0.050007496029138565
2025-04-09,AAPL,11,0.049961525946855545
2025-04-09,AAPL,12,0.04988687485456467
2025-04-09,AAPL,13,0.04990498721599579
2025-04-09,AAPL,14,0.050075408071279526
2025-04-09,AAPL,15,0.05007292702794075
2025-04-09,AAPL,16,0.05001673474907875
2025-04-09,AAPL,17,0.05007002130150795
2025-04-09,AAPL,18,0.05002766102552414
2025-04-09,AAPL,19,0.050087373703718185
2025-04-09,AAPL,20,0.049964144825935364
2025-04-09,ADBE,1,0.05037837475538254
2025-04-09,ADBE,2,0.05029010400176048
2025-04-09,ADBE,3,0.05042416602373123
2025-04-09,ADBE,4,0.050602059811353683
2025-04-09,ADBE,5,0.05059513449668884
2025-04-09,ADBE,6,0.05035598203539848
2025-04-09,ADBE,7,0.049722228199243546
2025-04-09,ADBE,8,0.04979808256030083
2025-04-09,ADBE,9,0.05007866024971008
2025-04-09,ADBE,10,0.050180502235889435
2025-04-09,ADBE,11,0.0498327761888504
2025-04-09,ADBE,12,0.04951150342822075
2025-04-09,ADBE,13,0.04969155043363571
2025-04-09,ADBE,14,0.05027737095952034
2025-04-09,ADBE,15,0.05006435513496399
2025-04-09,ADBE,16,0.049696873873472214
2025-04-09,ADBE,17,0.04931803420186043
2025-04-09,ADBE,18,0.04946541786193848
2025-04-09,ADBE,19,0.04982508346438408
2025-04-09,ADBE,20,0.049891747534275055
2025-04-09,AMD,1,0.05006656050682068
2025-04-09,AMD,2,0.049456097185611725
2025-04-09,AMD,3,0.04977041482925415
2025-04-09,AMD,4,0.05015132203698158
2025-04-09,AMD,5,0.050202175974845886
2025-04-09,AMD,6,0.04995658993721008
2025-04-09,AMD,7,0.0495108962059021
2025-04-09,AMD,8,0.049679212272167206
2025-04-09,AMD,9,0.050339311361312866
2025-04-09,AMD,10,0.050395313650369644
2025-04-09,AMD,11,0.050214849412441254
2025-04-09,AMD,12,0.04996904730796814
2025-04-09,AMD,13,0.05004798620939255
2025-04-09,AMD,14,0.05037529021501541
2025-04-09,AMD,15,0.05021756887435913
2025-04-09,AMD,16,0.049860142171382904
2025-04-09,AMD,17,0.04962831735610962
2025-04-09,AMD,18,0.04985310509800911
2025-04-09,AMD,19,0.05020143464207649
2025-04-09,AMD,20,0.05010435730218887
2025-04-09,CMCSA,1,0.05020676553249359
2025-04-09,CMCSA,2,0.04973452165722847
2025-04-09,CMCSA,3,0.049892548471689224
2025-04-09,CMCSA,4,0.05011463537812233
2025-04-09,CMCSA,5,0.050219353288412094
2025-04-09,CMCSA,6,0.04983729124069214
2025-04-09,CMCSA,7,0.04943455010652542
2025-04-09,CMCSA,8,0.049943987280130386
2025-04-09,CMCSA,9,0.050162192434072495
2025-04-09,CMCSA,10,0.050324685871601105
2025-04-09,CMCSA,11,0.05012550204992294
2025-04-09,CMCSA,12,0.04976534843444824
2025-04-09,CMCSA,13,0.049878306686878204
2025-04-09,CMCSA,14,0.050516046583652496
2025-04-09,CMCSA,15,0.050448235124349594
2025-04-09,CMCSA,16,0.05010062828660011
2025-04-09,CMCSA,17,0.04963311180472374
2025-04-09,CMCSA,18,0.049540214240550995
2025-04-09,CMCSA,19,0.050119806081056595
2025-04-09,CMCSA,20,0.0500023253262043
2025-04-09,COST,1,0.05003008246421814
2025-04-09,COST,2,0.050047386437654495
2025-04-09,COST,3,0.049991022795438766
2025-04-09,COST,4,0.0500439889729023
2025-04-09,COST,5,0.05006520822644234
2025-04-09,COST,6,0.04999902844429016
2025-04-09,COST,7,0.04991554096341133
2025-04-09,COST,8,0.04994867369532585
2025-04-09,COST,9,0.05000946670770645
2025-04-09,COST,10,0.04998783767223358
2025-04-09,COST,11,0.04994533956050873
2025-04-09,COST,12,0.04988294467329979
2025-04-09,COST,13,0.04990678280591965
2025-04-09,COST,14,0.050012003630399704
2025-04-09,COST,15,0.04999932646751404
2025-04-09,COST,16,0.049960147589445114
2025-04-09,COST,17,0.0499616302549839
2025-04-09,COST,18,0.050089869648218155
2025-04-09,COST,19,0.050119705498218536
2025-04-09,COST,20,0.05008405074477196
2025-04-09,INTC,1,0.049931202083826065
2025-04-09,INTC,2,0.05019305646419525
2025-04-09,INTC,3,0.05008472129702568
2025-04-09,INTC,4,0.050440434366464615
2025-04-09,INTC,5,0.0504302904009819
2025-04-09,INTC,6,0.05022134631872177
2025-04-09,INTC,7,0.04970546066761017
2025-04-09,INTC,8,0.049935005605220795
2025-04-09,INTC,9,0.05012741684913635
2025-04-09,INTC,10,0.05019883066415787
2025-04-09,INTC,11,0.04972098022699356
2025-04-09,INTC,12,0.049405086785554886
2025-04-09,INTC,13,0.04950271174311638
2025-04-09,INTC,14,0.05021496117115021
2025-04-09,INTC,15,0.05009407550096512
2025-04-09,INTC,16,0.049735717475414276
2025-04-09,INTC,17,0.04985802248120308
2025-04-09,INTC,18,0.049856267869472504
2025-04-09,INTC,19,0.050160963088274
2025-04-09,INTC,20,0.05018346384167671
2025-04-09,INTU,1,0.04995415732264519
2025-04-09,INTU,2,0.04991377890110016
2025-04-09,INTU,3,0.04995767027139664
2025-04-09,INTU,4,0.05001762509346008
2025-04-09,INTU,5,0.05001501739025116
2025-04-09,INTU,6,0.04995117336511612
2025-04-09,INTU,7,0.04987110570073128
2025-04-09,INTU,8,0.04991681128740311
2025-04-09,INTU,9,0.050017789006233215
2025-04-09,INTU,10,0.05002552270889282
2025-04-09,INTU,11,0.049973372370004654
2025-04-09,INTU,12,0.04990176483988762
2025-04-09,INTU,13,0.04991733655333519
2025-04-09,INTU,14,0.05008530616760254
2025-04-09,INTU,15,0.05011558532714844
2025-04-09,INTU,16,0.050061289221048355
2025-04-09,INTU,17,0.0500691793859005
2025-04-09,INTU,18,0.05004434660077095
2025-04-09,INTU,19,0.05011402815580368
2025-04-09,INTU,20,0.05007711052894592
2025-04-09,MSFT,1,0.0499829538166523
2025-04-09,MSFT,2,0.049897730350494385
2025-04-09,MSFT,3,0.04997285082936287
2025-04-09,MSFT,4,0.05006598308682442
2025-04-09,MSFT,5,0.05007537081837654
2025-04-09,MSFT,6,0.04998977482318878
2025-04-09,MSFT,7,0.049894385039806366
2025-04-09,MSFT,8,0.04995652660727501
2025-04-09,MSFT,9,0.05004110187292099
2025-04-09,MSFT,10,0.0500248447060585
2025-04-09,MSFT,11,0.049965325742959976
2025-04-09,MSFT,12,0.04988003894686699
2025-04-09,MSFT,13,0.04992341995239258
2025-04-09,MSFT,14,0.05009230598807335
2025-04-09,MSFT,15,0.050068449229002
2025-04-09,MSFT,16,0.050012629479169846
2025-04-09,MSFT,17,0.04997529461979866
2025-04-09,MSFT,18,0.05001113563776016
2025-04-09,MSFT,19,0.05012192949652672
2025-04-09,MSFT,20,0.05004795268177986
2025-04-09,QCOM,1,0.050023291260004044
2025-04-09,QCOM,2,0.049807071685791016
2025-04-09,QCOM,3,0.04989922419190407
2025-04-09,QCOM,4,0.050070010125637054
2025-04-09,QCOM,5,0.05010787397623062
2025-04-09,QCOM,6,0.04994151368737221
2025-04-09,QCOM,7,0.049743443727493286
2025-04-09,QCOM,8,0.04986327886581421
2025-04-09,QCOM,9,0.05007828027009964
2025-04-09,QCOM,10,0.050110820680856705
2025-04-09,QCOM,11,0.0499633327126503
2025-04-09,QCOM,12,0.04981354996562004
2025-04-09,QCOM,13,0.04988918825984001
2025-04-09,QCOM,14,0.05017620325088501
2025-04-09,QCOM,15,0.050144050270318985
2025-04-09,QCOM,16,0.049982719123363495
2025-04-09,QCOM,17,0.04999963566660881
2025-04-09,QCOM,18,0.0500200130045414
2025-04-09,QCOM,19,0.05020332708954811
2025-04-09,QCOM,20,0.05016312003135681
2025-04-09,SBUX,1,0.05016829073429108
2025-04-09,SBUX,2,0.05001535639166832
2025-04-09,SBUX,3,0.050042539834976196
2025-04-09,SBUX,4,0.05019095167517662
2025-04-09,SBUX,5,0.05019600689411163
2025-04-09,SBUX,6,0.05009328946471214
2025-04-09,SBUX,7,0.049942903220653534
2025-04-09,SBUX,8,0.049944501370191574
2025-04-09,SBUX,9,0.05007852241396904
2025-04-09,SBUX,10,0.05008169263601303
2025-04-09,SBUX,11,0.04999793693423271
2025-04-09,SBUX,12,0.04987623170018196
2025-04-09,SBUX,13,0.04986683651804924
2025-04-09,SBUX,14,0.05011778697371483
2025-04-09,SBUX,15,0.0501062385737896
2025-04-09,SBUX,16,0.04999660328030586
2025-04-09,SBUX,17,0.04983624815940857
2025-04-09,SBUX,18,0.04971917346119881
2025-04-09,SBUX,19,0.049871768802404404
2025-04-09,SBUX,20,0.049857109785079956
2025-04-10,AAPL,1,0.049960825592279434
2025-04-10,AAPL,2,0.04996689409017563
2025-04-10,AAPL,3,0.05009712278842926
2025-04-10,AAPL,4,0.05009711533784866
2025-04-10,AAPL,5,0.050004132091999054
2025-04-10,AAPL,6,0.04983692988753319
2025-04-10,AAPL,7,0.04992154613137245
2025-04-10,AAPL,8,0.05005114898085594
2025-04-10,AAPL,9,0.05007096007466316
2025-04-10,AAPL,10,0.050007257610559464
2025-04-10,AAPL,11,0.04991905018687248
2025-04-10,AAPL,12,0.04991082474589348
2025-04-10,AAPL,13,0.050112031400203705
2025-04-10,AAPL,14,0.050122737884521484
2025-04-10,AAPL,15,0.05005566403269768
2025-04-10,AAPL,16,0.049995701760053635
2025-04-10,AAPL,17,0.04990733414888382
2025-04-10,AAPL,18,0.05001353099942207
2025-04-10,AAPL,19,0.04988709092140198
2025-04-10,AAPL,20,0.05006217211484909
2025-04-10,ADBE,1,0.05040275305509567
2025-04-10,ADBE,2,0.05045418441295624
2025-04-10,ADBE,3,0.05062989890575409
2025-04-10,ADBE,4,0.05062396079301834
2025-04-10,ADBE,5,0.05038204789161682
2025-04-10,ADBE,6,0.04973454773426056
2025-04-10,ADBE,7,0.04980539530515671
2025-04-10,ADBE,8,0.05009276047348976
2025-04-10,ADBE,9,0.050198014825582504
2025-04-10,ADBE,10,0.0498477928340435
2025-04-10,ADBE,11,0.049518465995788574
2025-04-10,ADBE,12,0.04969661310315132
2025-04-10,ADBE,13,0.05029015615582466
2025-04-10,ADBE,14,0.050081152468919754
2025-04-10,ADBE,15,0.0497090108692646
2025-04-10,ADBE,16,0.04932238534092903
2025-04-10,ADBE,17,0.04946498945355415
2025-04-10,ADBE,18,0.049834683537483215
2025-04-10,ADBE,19,0.04990389570593834
2025-04-10,ADBE,20,0.05000733211636543
2025-04-10,AMD,1,0.04956552013754845
2025-04-10,AMD,2,0.04969045892357826
2025-04-10,AMD,3,0.050162456929683685
2025-04-10,AMD,4,0.050232648849487305
2025-04-10,AMD,5,0.04994373396039009
2025-04-10,AMD,6,0.04948275163769722
2025-04-10,AMD,7,0.04967643320560455
2025-04-10,AMD,8,0.050384581089019775
2025-04-10,AMD,9,0.05048074200749397
2025-04-10,AMD,10,0.05019998550415039
2025-04-10,AMD,11,0.0498332753777504
2025-04-10,AMD,12,0.04990849643945694
2025-04-10,AMD,13,0.05042474716901779
2025-04-10,AMD,14,0.05032449588179588
2025-04-10,AMD,15,0.049929820001125336
2025-04-10,AMD,16,0.04949283227324486
2025-04-10,AMD,17,0.04963388293981552
2025-04-10,AMD,18,0.05007235333323479
2025-04-10,AMD,19,0.0500083789229393
2025-04-10,AMD,20,0.05055232718586922
2025-04-10,CMCSA,1,0.04986903443932533
2025-04-10,CMCSA,2,0.04989940673112869
2025-04-10,CMCSA,3,0.05010074004530907
2025-04-10,CMCSA,4,0.050201043486595154
2025-04-10,CMCSA,5,0.04981878772377968
2025-04-10,CMCSA,6,0.04941648617386818
2025-04-10,CMCSA,7,0.04992533475160599
2025-04-10,CMCSA,8,0.050142768770456314
2025-04-10,CMCSA,9,0.0503050722181797
2025-04-10,CMCSA,10,0.05010627582669258
2025-04-10,CMCSA,11,0.049746595323085785
2025-04-10,CMCSA,12,0.04985939338803291
2025-04-10,CMCSA,13,0.05049631744623184
2025-04-10,CMCSA,14,0.050428327172994614
2025-04-10,CMCSA,15,0.05008130520582199
2025-04-10,CMCSA,16,0.04961450770497322
2025-04-10,CMCSA,17,0.049521852284669876
2025-04-10,CMCSA,18,0.050100598484277725
2025-04-10,CMCSA,19,0.04998320713639259
2025-04-10,CMCSA,20,0.050382982939481735
2025-04-10,COST,1,0.05001556873321533
2025-04-10,COST,2,0.04998534917831421
2025-04-10,COST,3,0.05004709213972092
2025-04-10,COST,4,0.05006787180900574
2025-04-10,COST,5,0.050001125782728195
2025-04-10,COST,6,0.04991346597671509
2025-04-10,COST,7,0.04994594305753708
2025-04-10,COST,8,0.0500117689371109
2025-04-10,COST,9,0.049989648163318634
2025-04-10,COST,10,0.04994557797908783
2025-04-10,COST,11,0.0498797781765461
2025-04-10,COST,12,0.04990248382091522
2025-04-10,COST,13,0.050011347979307175
2025-04-10,COST,14,0.05000092089176178
2025-04-10,COST,15,0.04996068775653839
2025-04-10,COST,16,0.049960505217313766
2025-04-10,COST,17,0.05008753761649132
2025-04-10,COST,18,0.05012298375368118
2025-04-10,COST,19,0.05008769407868385
2025-04-10,COST,20,0.05006257817149162
2025-04-10,INTC,1,0.050294648855924606
2025-04-10,INTC,2,0.050078049302101135
2025-04-10,INTC,3,0.05041223764419556
2025-04-10,INTC,4,0.05039913207292557
2025-04-10,INTC,5,0.05018795281648636
2025-04-10,INTC,6,0.049667488783597946
2025-04-10,INTC,7,0.049897242337465286
2025-04-10,INTC,8,0.05009377375245094
2025-04-10,INTC,9,0.050165966153144836
2025-04-10,INTC,10,0.04968537390232086
2025-04-10,INTC,11,0.04936501756310463
2025-04-10,INTC,12,0.049463946372270584
2025-04-10,INTC,13,0.05017998442053795
2025-04-10,INTC,14,0.05006108060479164
2025-04-10,INTC,15,0.049699779599905014
2025-04-10,INTC,16,0.04981987550854683
2025-04-10,INTC,17,0.04982031136751175
2025-04-10,INTC,18,0.0501268208026886
2025-04-10,INTC,19,0.05014990642666817
2025-04-10,INTC,20,0.05043137073516846
2025-04-10,INTU,1,0.049901850521564484
2025-04-10,INTU,2,0.04995095729827881
2025-04-10,INTU,3,0.05001204460859299
2025-04-10,INTU,4,0.05000955983996391
2025-04-10,INTU,5,0.04994574934244156
2025-04-10,INTU,6,0.04986569285392761
2025-04-10,INTU,7,0.049911390990018845
2025-04-10,INTU,8,0.050012364983558655
2025-04-10,INTU,9,0.05002009496092796
2025-04-10,INTU,10,0.04996795207262039
2025-04-10,INTU,11,0.049896351993083954
2025-04-10,INTU,12,0.049911919981241226
2025-04-10,INTU,13,0.05007987096905708
2025-04-10,INTU,14,0.05011015012860298
2025-04-10,INTU,15,0.050055861473083496
2025-04-10,INTU,16,0.05006374791264534
2025-04-10,INTU,17,0.05003891885280609
2025-04-10,INTU,18,0.050108592957258224
2025-04-10,INTU,19,0.050071679055690765
2025-04-10,INTU,20,0.05006534606218338
2025-04-10,MSFT,1,0.049866706132888794
2025-04-10,MSFT,2,0.04994646832346916
2025-04-10,MSFT,3,0.05006951466202736
2025-04-10,MSFT,4,0.05008102208375931
2025-04-10,MSFT,5,0.04998450726270676
2025-04-10,MSFT,6,0.0498734712600708
2025-04-10,MSFT,7,0.04995318502187729
2025-04-10,MSFT,8,0.05005393549799919
2025-04-10,MSFT,9,0.050048649311065674
2025-04-10,MSFT,10,0.04997822269797325
2025-04-10,MSFT,11,0.0498800091445446
2025-04-10,MSFT,12,0.04990492761135101
2025-04-10,MSFT,13,0.050093814730644226
2025-04-10,MSFT,14,0.05007685720920563
2025-04-10,MSFT,15,0.05000573396682739
2025-04-10,MSFT,16,0.04994579777121544
2025-04-10,MSFT,17,0.04997872933745384
2025-04-10,MSFT,18,0.050111960619688034
2025-04-10,MSFT,19,0.05004730448126793
2025-04-10,MSFT,20,0.05009913444519043
2025-04-10,QCOM,1,0.04981697350740433
2025-04-10,QCOM,2,0.04988137632608414
2025-04-10,QCOM,3,0.050077956169843674
2025-04-10,QCOM,4,0.05012039095163345
2025-04-10,QCOM,5,0.049944330006837845
2025-04-10,QCOM,6,0.04973248392343521
2025-04-10,QCOM,7,0.04987131059169769
2025-04-10,QCOM,8,0.05009857937693596
2025-04-10,QCOM,9,0.05013617128133774
2025-04-10,QCOM,10,0.04997748136520386
2025-04-10,QCOM,11,0.04981742054224014
2025-04-10,QCOM,12,0.04987815394997597
2025-04-10,QCOM,13,0.05018933117389679
2025-04-10,QCOM,14,0.050162896513938904
2025-04-10,QCOM,15,0.04998927563428879
2025-04-10,QCOM,16,0.049921635538339615
2025-04-10,QCOM,17,0.049919966608285904
2025-04-10,QCOM,18,0.050139401108026505
2025-04-10,QCOM,19,0.050091955810785294
2025-04-10,QCOM,20,0.0502328984439373
2025-04-10,SBUX,1,0.05000768601894379
2025-04-10,SBUX,2,0.050049830228090286
2025-04-10,SBUX,3,0.05020122230052948
2025-04-10,SBUX,4,0.050206784158945084
2025-04-10,SBUX,5,0.050104133784770966
2025-04-10,SBUX,6,0.04995373263955116
2025-04-10,SBUX,7,0.0499553382396698
2025-04-10,SBUX,8,0.050089385360479355
2025-04-10,SBUX,9,0.050092559307813644
2025-04-10,SBUX,10,0.05000878497958183
2025-04-10,SBUX,11,0.049887049943208694
2025-04-10,SBUX,12,0.049877651035785675
2025-04-10,SBUX,13,0.05012866109609604
2025-04-10,SBUX,14,0.05011710897088051
2025-04-10,SBUX,15,0.050007447600364685
2025-04-10,SBUX,16,0.049847058951854706
2025-04-10,SBUX,17,0.049729958176612854
2025-04-10,SBUX,18,0.04988258704543114
2025-04-10,SBUX,19,0.04986792430281639
2025-04-10,SBUX,20,0.04998515546321869
2025-04-11,AAPL,1,0.04996000975370407
2025-04-11,AAPL,2,0.05009440332651138
2025-04-11,AAPL,3,0.05009480193257332
2025-04-11,AAPL,4,0.050001952797174454
2025-04-11,AAPL,5,0.049834731966257095
2025-04-11,AAPL,6,0.049919262528419495
2025-04-11,AAPL,7,0.050049006938934326
2025-04-11,AAPL,8,0.05006885528564453
2025-04-11,AAPL,9,0.050005193799734116
2025-04-11,AAPL,10,0.049916885793209076
2025-04-11,AAPL,11,0.049908608198165894
2025-04-11,AAPL,12,0.05010984092950821
2025-04-11,AAPL,13,0.050120677798986435
2025-04-11,AAPL,14,0.050053615123033524
2025-04-11,AAPL,15,0.04999382793903351
2025-04-11,AAPL,16,0.04990516975522041
2025-04-11,AAPL,17,0.05001155659556389
2025-04-11,AAPL,18,0.0498850978910923
2025-04-11,AAPL,19,0.050060100853443146
2025-04-11,AAPL,20,0.050006456673145294
2025-04-11,ADBE,1,0.05051592364907265
2025-04-11,ADBE,2,0.050676193088293076
2025-04-11,ADBE,3,0.05066705122590065
2025-04-11,ADBE,4,0.05042443424463272
2025-04-11,ADBE,5,0.04977627843618393
2025-04-11,ADBE,6,0.04984714463353157
2025-04-11,ADBE,7,0.05013474076986313
2025-04-11,ADBE,8,0.050240080803632736
2025-04-11,ADBE,9,0.049889564514160156
2025-04-11,ADBE,10,0.04955996572971344
2025-04-11,ADBE,11,0.049738261848688126
2025-04-11,ADBE,12,0.05033230036497116
2025-04-11,ADBE,13,0.050123121589422226
2025-04-11,ADBE,14,0.0497506707906723
2025-04-11,ADBE,15,0.049363721162080765
2025-04-11,ADBE,16,0.04950644448399544
2025-04-11,ADBE,17,0.04987644404172897
2025-04-11,ADBE,18,0.049945712089538574
2025-04-11,ADBE,19,0.05004923790693283
2025-04-11,ADBE,20,0.04958263784646988
2025-04-11,AMD,1,0.04985012114048004
2025-04-11,AMD,2,0.05016140639781952
2025-04-11,AMD,3,0.0502023920416832
2025-04-11,AMD,4,0.049906689673662186
2025-04-11,AMD,5,0.049443818628787994
2025-04-11,AMD,6,0.04963648319244385
2025-04-11,AMD,7,0.050344906747341156
2025-04-11,AMD,8,0.050442058593034744
2025-04-11,AMD,9,0.05016205087304115
2025-04-11,AMD,10,0.04979483038187027
2025-04-11,AMD,11,0.04986875131726265
2025-04-11,AMD,12,0.05038485676050186
2025-04-11,AMD,13,0.05028592795133591
2025-04-11,AMD,14,0.04989125579595566
2025-04-11,AMD,15,0.049453992396593094
2025-04-11,AMD,16,0.04959254339337349
2025-04-11,AMD,17,0.050032902508974075
2025-04-11,AMD,18,0.04996950551867485
2025-04-11,AMD,19,0.05051058530807495
2025-04-11,AMD,20,0.05006494000554085
2025-04-11,CMCSA,1,0.050032585859298706
2025-04-11,CMCSA,2,0.05012184754014015
2025-04-11,CMCSA,3,0.05019699037075043
2025-04-11,CMCSA,4,0.049812495708465576
2025-04-11,CMCSA,5,0.04941138997673988
2025-04-11,CMCSA,6,0.04991736263036728
2025-04-11,CMCSA,7,0.05013294517993927
2025-04-11,CMCSA,8,0.050294145941734314
2025-04-11,CMCSA,9,0.05009659752249718
2025-04-11,CMCSA,10,0.049739036709070206
2025-04-11,CMCSA,11,0.049851443618535995
2025-04-11,CMCSA,12,0.05048450082540512
2025-04-11,CMCSA,13,0.05041651427745819
2025-04-11,CMCSA,14,0.050071507692337036
2025-04-11,CMCSA,15,0.04960772022604942
2025-04-11,CMCSA,16,0.049516573548316956
2025-04-11,CMCSA,17,0.050091590732336044
2025-04-11,CMCSA,18,0.04997483268380165
2025-04-11,CMCSA,19,0.05037273094058037
2025-04-11,CMCSA,20,0.04985719174146652
2025-04-11,COST,1,0.04995769262313843
2025-04-11,COST,2,0.05003936216235161
2025-04-11,COST,3,0.05006291717290878
2025-04-11,COST,4,0.04999672248959541
2025-04-11,COST,5,0.04990918189287186
2025-04-11,COST,6,0.04994168132543564
2025-04-11,COST,7,0.05000751093029976
2025-04-11,COST,8,0.04998539388179779
2025-04-11,COST,9,0.049941323697566986
2025-04-11,COST,10,0.04987553134560585
2025-04-11,COST,11,0.049898236989974976
2025-04-11,COST,12,0.05000708997249603
2025-04-11,COST,13,0.04999666288495064
2025-04-11,COST,14,0.04995643347501755
2025-04-11,COST,15,0.049956247210502625
2025-04-11,COST,16,0.05008327215909958
2025-04-11,COST,17,0.050118714570999146
2025-04-11,COST,18,0.050083428621292114
2025-04-11,COST,19,0.050058312714099884
2025-04-11,COST,20,0.05012422055006027
2025-04-11,INTC,1,0.05018388107419014
2025-04-11,INTC,2,0.050438832491636276
2025-04-11,INTC,3,0.050413742661476135
2025-04-11,INTC,4,0.050200171768665314
2025-04-11,INTC,5,0.0496789887547493
2025-04-11,INTC,6,0.049908604472875595
2025-04-11,INTC,7,0.05010514706373215
2025-04-11,INTC,8,0.05017734691500664
2025-04-11,INTC,9,0.04969664663076401
2025-04-11,INTC,10,0.049376215785741806
2025-04-11,INTC,11,0.04947516694664955
2025-04-11,INTC,12,0.05019136518239975
2025-04-11,INTC,13,0.05007243528962135
2025-04-11,INTC,14,0.04971105605363846
2025-04-11,INTC,15,0.04983117803931236
2025-04-11,INTC,16,0.04983161389827728
2025-04-11,INTC,17,0.050138190388679504
2025-04-11,INTC,18,0.05016128718852997
2025-04-11,INTC,19,0.050442811101675034
2025-04-11,INTC,20,0.04996531829237938
2025-04-11,INTU,1,0.04993578791618347
2025-04-11,INTU,2,0.050001561641693115
2025-04-11,INTU,3,0.049999579787254333
2025-04-11,INTU,4,0.04993594065308571
2025-04-11,INTU,5,0.049855947494506836
2025-04-11,INTU,6,0.04990164935588837
2025-04-11,INTU,7,0.050002600997686386
2025-04-11,INTU,8,0.050010330975055695
2025-04-11,INTU,9,0.04995819926261902
2025-04-11,INTU,10,0.049886610358953476
2025-04-11,INTU,11,0.04990217462182045
2025-04-11,INTU,12,0.05007009580731392
2025-04-11,INTU,13,0.05010036379098892
2025-04-11,INTU,14,0.05004608631134033
2025-04-11,INTU,15,0.050053976476192474
2025-04-11,INTU,16,0.050029151141643524
2025-04-11,INTU,17,0.050098810344934464
2025-04-11,INTU,18,0.0500619038939476
2025-04-11,INTU,19,0.050055570900440216
2025-04-11,INTU,20,0.050093792378902435
2025-04-11,MSFT,1,0.049932196736335754
2025-04-11,MSFT,2,0.05005515366792679
2025-04-11,MSFT,3,0.0500667430460453
2025-04-11,MSFT,4,0.049970176070928574
2025-04-11,MSFT,5,0.049858998507261276
2025-04-11,MSFT,6,0.04993844032287598
2025-04-11,MSFT,7,0.050039563328027725
2025-04-11,MSFT,8,0.05003433674573898
2025-04-11,MSFT,9,0.049964066594839096
2025-04-11,MSFT,10,0.04986555129289627
2025-04-11,MSFT,11,0.04989033564925194
2025-04-11,MSFT,12,0.050079282373189926
2025-04-11,MSFT,13,0.05006260424852371
2025-04-11,MSFT,14,0.04999152570962906
2025-04-11,MSFT,15,0.04993157461285591
2025-04-11,MSFT,16,0.04996427521109581
2025-04-11,MSFT,17,0.0500977598130703
2025-04-11,MSFT,18,0.05003313720226288
2025-04-11,MSFT,19,0.050085119903087616
2025-04-11,MSFT,20,0.0501391738653183
2025-04-11,QCOM,1,0.04991249367594719
2025-04-11,QCOM,2,0.050071459263563156
2025-04-11,QCOM,3,0.05010724440217018
2025-04-11,QCOM,4,0.049929697066545486
2025-04-11,QCOM,5,0.049716878682374954
2025-04-11,QCOM,6,0.04985523596405983
2025-04-11,QCOM,7,0.050083406269550323
2025-04-11,QCOM,8,0.05012151226401329
2025-04-11,QCOM,9,0.04996291920542717
2025-04-11,QCOM,10,0.04980222135782242
2025-04-11,QCOM,11,0.049862444400787354
2025-04-11,QCOM,12,0.050173696130514145
2025-04-11,QCOM,13,0.05014815554022789
2025-04-11,QCOM,14,0.04997435584664345
2025-04-11,QCOM,15,0.049907710403203964
2025-04-11,QCOM,16,0.04990431293845177
2025-04-11,QCOM,17,0.050124697387218475
2025-04-11,QCOM,18,0.05007832869887352
2025-04-11,QCOM,19,0.05021808296442032
2025-04-11,QCOM,20,0.05004505813121796
2025-04-11,SBUX,1,0.0500662624835968
2025-04-11,SBUX,2,0.050215862691402435
2025-04-11,SBUX,3,0.05022120475769043
2025-04-11,SBUX,4,0.05011861398816109
2025-04-11,SBUX,5,0.049968212842941284
2025-04-11,SBUX,6,0.04996982589364052
2025-04-11,SBUX,7,0.050103913992643356
2025-04-11,SBUX,8,0.05010708421468735
2025-04-11,SBUX,9,0.05002328380942345
2025-04-11,SBUX,10,0.04990151524543762
2025-04-11,SBUX,11,0.0498921163380146
2025-04-11,SBUX,12,0.05014319717884064
2025-04-11,SBUX,13,0.05013164132833481
2025-04-11,SBUX,14,0.0500219501554966
2025-04-11,SBUX,15,0.04986151307821274
2025-04-11,SBUX,16,0.0497443787753582
2025-04-11,SBUX,17,0.049897052347660065
2025-04-11,SBUX,18,0.04988238587975502
2025-04-11,SBUX,19,0.049999646842479706
2025-04-11,SBUX,20,0.04973025247454643
2025-04-14,AAPL,1,0.05010097101330757
2025-04-14,AAPL,2,0.05009196698665619
2025-04-14,AAPL,3,0.04999874159693718
2025-04-14,AAPL,4,0.049831509590148926
2025-04-14,AAPL,5,0.049915872514247894
2025-04-14,AAPL,6,0.050045955926179886
2025-04-14,AAPL,7,0.050065889954566956
2025-04-14,AAPL,8,0.0500023290514946
2025-04-14,AAPL,9,0.04991378262639046
2025-04-14,AAPL,10,0.049905382096767426
2025-04-14,AAPL,11,0.05010667443275452
2025-04-14,AAPL,12,0.050117820501327515
2025-04-14,AAPL,13,0.05005078762769699
2025-04-14,AAPL,14,0.04999140650033951
2025-04-14,AAPL,15,0.04990207403898239
2025-04-14,AAPL,16,0.05000889673829079
2025-04-14,AAPL,17,0.049882400780916214
2025-04-14,AAPL,18,0.05005722492933273
2025-04-14,AAPL,19,0.05000399425625801
2025-04-14,AAPL,20,0.05000636726617813
2025-04-14,ADBE,1,0.05076538026332855
2025-04-14,ADBE,2,0.050712935626506805
2025-04-14,ADBE,3,0.05046360194683075
2025-04-14,ADBE,4,0.04981359466910362
2025-04-14,ADBE,5,0.04988410323858261
2025-04-14,ADBE,6,0.05017182603478432
2025-04-14,ADBE,7,0.0502772182226181
2025-04-14,ADBE,8,0.04992643743753433
2025-04-14,ADBE,9,0.04959659278392792
2025-04-14,ADBE,10,0.04977501928806305
2025-04-14,ADBE,11,0.0503695011138916
2025-04-14,ADBE,12,0.05016016587615013
2025-04-14,ADBE,13,0.04978743940591812
2025-04-14,ADBE,14,0.0494002029299736
2025-04-14,ADBE,15,0.04954303056001663
2025-04-14,ADBE,16,0.049913305789232254
2025-04-14,ADBE,17,0.04998262599110603
2025-04-14,ADBE,18,0.05008623003959656
2025-04-14,ADBE,19,0.04961928352713585
2025-04-14,ADBE,20,0.0497514083981514
2025-04-14,AMD,1,0.05031486228108406
2025-04-14,AMD,2,0.050207361578941345
2025-04-14,AMD,3,0.049880702048540115
2025-04-14,AMD,4,0.0494113564491272
2025-04-14,AMD,5,0.049601856619119644
2025-04-14,AMD,6,0.05030965059995651
2025-04-14,AMD,7,0.050406988710165024
2025-04-14,AMD,8,0.05012732371687889
2025-04-14,AMD,9,0.04976010322570801
2025-04-14,AMD,10,0.04983358830213547
2025-04-14,AMD,11,0.05034941807389259
2025-04-14,AMD,12,0.05025094002485275
2025-04-14,AMD,13,0.04985645040869713
2025-04-14,AMD,14,0.049419302493333817
2025-04-14,AMD,15,0.049557026475667953
2025-04-14,AMD,16,0.04999776557087898
2025-04-14,AMD,17,0.04993457719683647
2025-04-14,AMD,18,0.05047453194856644
2025-04-14,AMD,19,0.050029244273900986
2025-04-14,AMD,20,0.050276994705200195
2025-04-14,CMCSA,1,0.0502876341342926
2025-04-14,CMCSA,2,0.05022428557276726
2025-04-14,CMCSA,3,0.04981774836778641
2025-04-14,CMCSA,4,0.04941268637776375
2025-04-14,CMCSA,5,0.04991418495774269
2025-04-14,CMCSA,6,0.050128452479839325
2025-04-14,CMCSA,7,0.05028834193944931
2025-04-14,CMCSA,8,0.050091832876205444
2025-04-14,CMCSA,9,0.04973640292882919
2025-04-14,CMCSA,10,0.04984854534268379
2025-04-14,CMCSA,11,0.05047758296132088
2025-04-14,CMCSA,12,0.05041002482175827
2025-04-14,CMCSA,13,0.05006679147481918
2025-04-14,CMCSA,14,0.04960593208670616
2025-04-14,CMCSA,15,0.04951641336083412
2025-04-14,CMCSA,16,0.05008770152926445
2025-04-14,CMCSA,17,0.049971699714660645
2025-04-14,CMCSA,18,0.05036698281764984
2025-04-14,CMCSA,19,0.04985647276043892
2025-04-14,CMCSA,20,0.04989032819867134
2025-04-14,COST,1,0.05002645403146744
2025-04-14,COST,2,0.05005604028701782
2025-04-14,COST,3,0.04999152198433876
2025-04-14,COST,4,0.04990438371896744
2025-04-14,COST,5,0.04993698000907898
2025-04-14,COST,6,0.0500028133392334
2025-04-14,COST,7,0.04998070001602173
2025-04-14,COST,8,0.04993663728237152
2025-04-14,COST,9,0.049870848655700684
2025-04-14,COST,10,0.04989355430006981
2025-04-14,COST,11,0.05000239238142967
2025-04-14,COST,12,0.049991972744464874
2025-04-14,COST,13,0.049951743334531784
2025-04-14,COST,14,0.04995155707001686
2025-04-14,COST,15,0.05007857084274292
2025-04-14,COST,16,0.05011400952935219
2025-04-14,COST,17,0.050078727304935455
2025-04-14,COST,18,0.050053615123033524
2025-04-14,COST,19,0.050119511783123016
2025-04-14,COST,20,0.05005781725049019
2025-04-14,INTC,1,0.05053672194480896
2025-04-14,INTC,2,0.05043385177850723
2025-04-14,INTC,3,0.05020522698760033
2025-04-14,INTC,4,0.04968007281422615
2025-04-14,INTC,5,0.04990844801068306
2025-04-14,INTC,6,0.05010475590825081
2025-04-14,INTC,7,0.05017688497900963
2025-04-14,INTC,8,0.0496961772441864
2025-04-14,INTC,9,0.0493757426738739
2025-04-14,INTC,10,0.04947469010949135
2025-04-14,INTC,11,0.05019088461995125
2025-04-14,INTC,12,0.05007195472717285
2025-04-14,INTC,13,0.04971057549118996
2025-04-14,INTC,14,0.04983070120215416
2025-04-14,INTC,15,0.04983113706111908
2025-04-14,INTC,16,0.050137709826231
2025-04-14,INTC,17,0.05016080290079117
2025-04-14,INTC,18,0.050442326813936234
2025-04-14,INTC,19,0.04996483772993088
2025-04-14,INTC,20,0.050066519528627396
2025-04-14,INTU,1,0.04999566823244095
2025-04-14,INTU,2,0.04999455064535141
2025-04-14,INTU,3,0.04993172362446785
2025-04-14,INTU,4,0.04985199123620987
2025-04-14,INTU,5,0.049897752702236176
2025-04-14,INTU,6,0.04999871179461479
2025-04-14,INTU,7,0.0500064417719841
2025-04-14,INTU,8,0.04995431378483772
2025-04-14,INTU,9,0.04988272860646248
2025-04-14,INTU,10,0.04989829659461975
2025-04-14,INTU,11,0.05006619915366173
2025-04-14,INTU,12,0.05009646713733673
2025-04-14,INTU,13,0.05004219710826874
2025-04-14,INTU,14,0.05005007982254028
2025-04-14,INTU,15,0.05002525821328163
2025-04-14,INTU,16,0.05009491369128227
2025-04-14,INTU,17,0.05005801096558571
2025-04-14,INTU,18,0.05005167797207832
2025-04-14,INTU,19,0.050089895725250244
2025-04-14,INTU,20,0.05001319572329521
2025-04-14,MSFT,1,0.05005166307091713
2025-04-14,MSFT,2,0.050058674067258835
2025-04-14,MSFT,3,0.04996263608336449
2025-04-14,MSFT,4,0.04985177144408226
2025-04-14,MSFT,5,0.04993129149079323
2025-04-14,MSFT,6,0.05003241449594498
2025-04-14,MSFT,7,0.050027187913656235
2025-04-14,MSFT,8,0.04995693266391754
2025-04-14,MSFT,9,0.04985842853784561
2025-04-14,MSFT,10,0.04988320916891098
2025-04-14,MSFT,11,0.05007212609052658
2025-04-14,MSFT,12,0.050055451691150665
2025-04-14,MSFT,13,0.04998438432812691
2025-04-14,MSFT,14,0.049924444407224655
2025-04-14,MSFT,15,0.04995713755488396
2025-04-14,MSFT,16,0.05009060353040695
2025-04-14,MSFT,17,0.05002598837018013
2025-04-14,MSFT,18,0.05007796362042427
2025-04-14,MSFT,19,0.050132010132074356
2025-04-14,MSFT,20,0.05006563663482666
2025-04-14,QCOM,1,0.05011901259422302
2025-04-14,QCOM,2,0.050105344504117966
2025-04-14,QCOM,3,0.04992080107331276
2025-04-14,QCOM,4,0.04970673844218254
2025-04-14,QCOM,5,0.04984472319483757
2025-04-14,QCOM,6,0.05007290095090866
2025-04-14,QCOM,7,0.05011104419827461
2025-04-14,QCOM,8,0.04995248466730118
2025-04-14,QCOM,9,0.04979174584150314
2025-04-14,QCOM,10,0.049851901829242706
2025-04-14,QCOM,11,0.05016310513019562
2025-04-14,QCOM,12,0.05013767257332802
2025-04-14,QCOM,13,0.04996388033032417
2025-04-14,QCOM,14,0.04989735782146454
2025-04-14,QCOM,15,0.04989377409219742
2025-04-14,QCOM,16,0.0501142218708992
2025-04-14,QCOM,17,0.05006797984242439
2025-04-14,QCOM,18,0.050207581371068954
2025-04-14,QCOM,19,0.05003467947244644
2025-04-14,QCOM,20,0.050043150782585144
2025-04-14,SBUX,1,0.050239358097314835
2025-04-14,SBUX,2,0.0502360463142395
2025-04-14,SBUX,3,0.0501333512365818
2025-04-14,SBUX,4,0.049983128905296326
2025-04-14,SBUX,5,0.04998479783535004
2025-04-14,SBUX,6,0.05011893808841705
2025-04-14,SBUX,7,0.050122108310461044
2025-04-14,SBUX,8,0.05003828555345535
2025-04-14,SBUX,9,0.049916476011276245
2025-04-14,SBUX,10,0.049907077103853226
2025-04-14,SBUX,11,0.05015823245048523
2025-04-14,SBUX,12,0.0501466728746891
2025-04-14,SBUX,13,0.050036948174238205
2025-04-14,SBUX,14,0.049876462668180466
2025-04-14,SBUX,15,0.04975929483771324
2025-04-14,SBUX,16,0.04991201311349869
2025-04-14,SBUX,17,0.049897342920303345
2025-04-14,SBUX,18,0.050014641135931015
2025-04-14,SBUX,19,0.049745164811611176
2025-04-14,SBUX,20,0.04977362975478172
2025-04-15,AAPL,1,0.050075728446245193
2025-04-15,AAPL,2,0.04999449476599693
2025-04-15,AAPL,3,0.04983042553067207
2025-04-15,AAPL,4,0.04991544410586357
2025-04-15,AAPL,5,0.05004575848579407
2025-04-15,AAPL,6,0.05006572976708412
2025-04-15,AAPL,7,0.05000220239162445
2025-04-15,AAPL,8,0.049913566559553146
2025-04-15,AAPL,9,0.049905117601156235
2025-04-15,AAPL,10,0.050106439739465714
2025-04-15,AAPL,11,0.050117701292037964
2025-04-15,AAPL,12,0.05005067586898804
2025-04-15,AAPL,13,0.04999144747853279
2025-04-15,AAPL,14,0.04990186169743538
2025-04-15,AAPL,15,0.05000884830951691
2025-04-15,AAPL,16,0.04988233372569084
2025-04-15,AAPL,17,0.050057098269462585
2025-04-15,AAPL,18,0.0500040203332901
2025-04-15,AAPL,19,0.050006140023469925
2025-04-15,AAPL,20,0.050125010311603546
2025-04-15,ADBE,1,0.05075669288635254
2025-04-15,ADBE,2,0.050499580800533295
2025-04-15,ADBE,3,0.04984905943274498
2025-04-15,ADBE,4,0.0499197393655777
2025-04-15,ADBE,5,0.05020768195390701
2025-04-15,ADBE,6,0.05031314492225647
2025-04-15,ADBE,7,0.0499621145427227
2025-04-15,ADBE,8,0.049632035195827484
2025-04-15,ADBE,9,0.049810588359832764
2025-04-15,ADBE,10,0.05040549114346504
2025-04-15,ADBE,11,0.05019601434469223
2025-04-15,ADBE,12,0.04982301965355873
2025-04-15,ADBE,13,0.049435507506132126
2025-04-15,ADBE,14,0.049578431993722916
2025-04-15,ADBE,15,0.04994897544384003
2025-04-15,ADBE,16,0.050018347799777985
2025-04-15,ADBE,17,0.05012202262878418
2025-04-15,ADBE,18,0.04965474084019661
2025-04-15,ADBE,19,0.04978695884346962
2025-04-15,ADBE,20,0.0500798225402832
2025-04-15,AMD,1,0.050305914133787155
2025-04-15,AMD,2,0.04988929629325867
2025-04-15,AMD,3,0.04940234497189522
2025-04-15,AMD,4,0.04958784580230713
2025-04-15,AMD,5,0.05029436945915222
2025-04-15,AMD,6,0.050391506403684616
2025-04-15,AMD,7,0.05011189728975296
2025-04-15,AMD,8,0.049744781106710434
2025-04-15,AMD,9,0.0498182438313961
2025-04-15,AMD,10,0.050333909690380096
2025-04-15,AMD,11,0.05023546516895294
2025-04-15,AMD,12,0.04984109476208687
2025-04-15,AMD,13,0.0494040846824646
2025-04-15,AMD,14,0.04954176023602486
2025-04-15,AMD,15,0.04998236894607544
2025-04-15,AMD,16,0.04991919919848442
2025-04-15,AMD,17,0.050458986312150955
2025-04-15,AMD,18,0.05001383647322655
2025-04-15,AMD,19,0.05026151239871979
2025-04-15,AMD,20,0.05046173185110092
2025-04-15,CMCSA,1,0.05032184720039368
2025-04-15,CMCSA,2,0.04983945190906525
2025-04-15,CMCSA,3,0.04941752552986145
2025-04-15,CMCSA,4,0.049912311136722565
2025-04-15,CMCSA,5,0.05012514814734459
2025-04-15,CMCSA,6,0.050284069031476974
2025-04-15,CMCSA,7,0.05008818209171295
2025-04-15,CMCSA,8,0.04973408207297325
2025-04-15,CMCSA,9,0.04984605684876442
2025-04-15,CMCSA,10,0.05047257989645004
2025-04-15,CMCSA,11,0.05040528625249863
2025-04-15,CMCSA,12,0.05006316304206848
2025-04-15,CMCSA,13,0.0496041364967823
2025-04-15,CMCSA,14,0.049515627324581146
2025-04-15,CMCSA,15,0.050084587186574936
2025-04-15,CMCSA,16,0.04996905103325844
2025-04-15,CMCSA,17,0.05036270618438721
2025-04-15,CMCSA,18,0.04985533282160759
2025-04-15,CMCSA,19,0.049888595938682556
2025-04-15,CMCSA,20,0.050210367888212204
2025-04-15,COST,1,0.05003262311220169
2025-04-15,COST,2,0.049985550343990326
2025-04-15,COST,3,0.04990203306078911
2025-04-15,COST,4,0.0499354787170887
2025-04-15,COST,5,0.05000142380595207
2025-04-15,COST,6,0.049979325383901596
2025-04-15,COST,7,0.04993526637554169
2025-04-15,COST,8,0.04986948147416115
2025-04-15,COST,9,0.049892183393239975
2025-04-15,COST,10,0.05000102147459984
2025-04-15,COST,11,0.04999059811234474
2025-04-15,COST,12,0.04995037242770195
2025-04-15,COST,13,0.04995018616318703
2025-04-15,COST,14,0.05007719621062279
2025-04-15,COST,15,0.050112634897232056
2025-04-15,COST,16,0.05007735267281532
2025-04-15,COST,17,0.05005224049091339
2025-04-15,COST,18,0.050118137151002884
2025-04-15,COST,19,0.050056442618370056
2025-04-15,COST,20,0.05008036643266678
2025-04-15,INTC,1,0.05049186199903488
2025-04-15,INTC,2,0.050224777311086655
2025-04-15,INTC,3,0.04969087615609169
2025-04-15,INTC,4,0.049916841089725494
2025-04-15,INTC,5,0.050112780183553696
2025-04-15,INTC,6,0.05018480494618416
2025-04-15,INTC,7,0.04970399662852287
2025-04-15,INTC,8,0.049383506178855896
2025-04-15,INTC,9,0.049482472240924835
2025-04-15,INTC,10,0.05019877478480339
2025-04-15,INTC,11,0.0500798299908638
2025-04-15,INTC,12,0.04971839115023613
2025-04-15,INTC,13,0.049838535487651825
2025-04-15,INTC,14,0.049838971346616745
2025-04-15,INTC,15,0.05014559626579285
2025-04-15,INTC,16,0.05016868934035301
2025-04-15,INTC,17,0.05045025795698166
2025-04-15,INTC,18,0.049972694367170334
2025-04-15,INTC,19,0.050074394792318344
2025-04-15,INTC,20,0.05032210052013397
2025-04-15,INTU,1,0.04997728392481804
2025-04-15,INTU,2,0.04992420971393585
2025-04-15,INTU,3,0.04984665289521217
2025-04-15,INTU,4,0.049892835319042206
2025-04-15,INTU,5,0.0499938502907753
2025-04-15,INTU,6,0.050001587718725204
2025-04-15,INTU,7,0.049949463456869125
2025-04-15,INTU,8,0.04987788945436478
2025-04-15,INTU,9,0.04989345371723175
2025-04-15,INTU,10,0.050061341375112534
2025-04-15,INTU,11,0.05009160935878754
2025-04-15,INTU,12,0.05003733932971954
2025-04-15,INTU,13,0.05004522204399109
2025-04-15,INTU,14,0.050020404160022736
2025-04-15,INTU,15,0.05009005218744278
2025-04-15,INTU,16,0.050053153187036514
2025-04-15,INTU,17,0.05004682391881943
2025-04-15,INTU,18,0.05008503422141075
2025-04-15,INTU,19,0.050008341670036316
2025-04-15,INTU,20,0.050103459507226944
2025-04-15,MSFT,1,0.05003691092133522
2025-04-15,MSFT,2,0.049954451620578766
2025-04-15,MSFT,3,0.04984697327017784
2025-04-15,MSFT,4,0.049927253276109695
2025-04-15,MSFT,5,0.0500284880399704
2025-04-15,MSFT,6,0.05002326890826225
2025-04-15,MSFT,7,0.049953021109104156
2025-04-15,MSFT,8,0.049854524433612823
2025-04-15,MSFT,9,0.049879301339387894
2025-04-15,MSFT,10,0.0500682070851326
2025-04-15,MSFT,11,0.05005153268575668
2025-04-15,MSFT,12,0.04998047277331352
2025-04-15,MSFT,13,0.04992053285241127
2025-04-15,MSFT,14,0.04995322972536087
2025-04-15,MSFT,15,0.05008668452501297
2025-04-15,MSFT,16,0.05002207309007645
2025-04-15,MSFT,17,0.05007404461503029
2025-04-15,MSFT,18,0.050128087401390076
2025-04-15,MSFT,19,0.05006171762943268
2025-04-15,MSFT,20,0.05014916881918907
2025-04-15,QCOM,1,0.05011926591396332
2025-04-15,QCOM,2,0.049920037388801575
2025-04-15,QCOM,3,0.04970403388142586
2025-04-15,QCOM,4,0.049841418862342834
2025-04-15,QCOM,5,0.05006949231028557
2025-04-15,QCOM,6,0.05010759457945824
2025-04-15,QCOM,7,0.0499490462243557
2025-04-15,QCOM,8,0.04978831484913826
2025-04-15,QCOM,9,0.049848463386297226
2025-04-15,QCOM,10,0.050159648060798645
2025-04-15,QCOM,11,0.050134215503931046
2025-04-15,QCOM,12,0.049960438162088394
2025-04-15,QCOM,13,0.04989391565322876
2025-04-15,QCOM,14,0.04989033564925194
2025-04-15,QCOM,15,0.05011076480150223
2025-04-15,QCOM,16,0.05006452649831772
2025-04-15,QCOM,17,0.05020412057638168
2025-04-15,QCOM,18,0.050031229853630066
2025-04-15,QCOM,19,0.05003970116376877
2025-04-15,QCOM,20,0.05016355589032173
2025-04-15,SBUX,1,0.05023439973592758
2025-04-15,SBUX,2,0.0501447468996048
2025-04-15,SBUX,3,0.04999808967113495
2025-04-15,SBUX,4,0.05000057443976402
2025-04-15,SBUX,5,0.05013487488031387
2025-04-15,SBUX,6,0.05013805627822876
2025-04-15,SBUX,7,0.05005420744419098
2025-04-15,SBUX,8,0.04993236064910889
2025-04-15,SBUX,9,0.04992295429110527
2025-04-15,SBUX,10,0.05017419159412384
2025-04-15,SBUX,11,0.050162628293037415
2025-04-15,SBUX,12,0.05005287006497383
2025-04-15,SBUX,13,0.04989233240485191
2025-04-15,SBUX,14,0.049775127321481705
2025-04-15,SBUX,15,0.04992789775133133
2025-04-15,SBUX,16,0.04991322010755539
2025-04-15,SBUX,17,0.050030555576086044
2025-04-15,SBUX,18,0.04976099357008934
2025-04-15,SBUX,19,0.04978946968913078
2025-04-15,SBUX,20,0.049960505217313766
2025-04-16,AAPL,1,0.04998460039496422
2025-04-16,AAPL,2,0.049828365445137024
2025-04-16,AAPL,3,0.04991471394896507
2025-04-16,AAPL,4,0.05004511773586273
2025-04-16,AAPL,5,0.050065066665410995
2025-04-16,AAPL,6,0.05000152811408043
2025-04-16,AAPL,7,0.04991289600729942
2025-04-16,AAPL,8,0.04990444704890251
2025-04-16,AAPL,9,0.05010576173663139
2025-04-16,AAPL,10,0.05011702701449394
2025-04-16,AAPL,11,0.050050001591444016
2025-04-16,AAPL,12,0.04999077320098877
2025-04-16,AAPL,13,0.049901191145181656
2025-04-16,AAPL,14,0.050008174031972885
2025-04-16,AAPL,15,0.04988165944814682
2025-04-16,AAPL,16,0.050056423991918564
2025-04-16,AAPL,17,0.05000334605574608
2025-04-16,AAPL,18,0.0500054657459259
2025-04-16,AAPL,19,0.050124332308769226
2025-04-16,AAPL,20,0.0500992126762867
2025-04-16,ADBE,1,0.050556082278490067
2025-04-16,ADBE,2,0.049883417785167694
2025-04-16,ADBE,3,0.049948275089263916
2025-04-16,ADBE,4,0.05023491755127907
2025-04-16,ADBE,5,0.05034017190337181
2025-04-16,ADBE,6,0.04998890310525894
2025-04-16,ADBE,7,0.049658630043268204
2025-04-16,ADBE,8,0.04983726888895035
2025-04-16,ADBE,9,0.050432492047548294
2025-04-16,ADBE,10,0.05022289976477623
2025-04-16,ADBE,11,0.04984970763325691
2025-04-16,ADBE,12,0.049461983144283295
2025-04-16,ADBE,13,0.04960498958826065
2025-04-16,ADBE,14,0.04997573047876358
2025-04-16,ADBE,15,0.050045136362314224
2025-04-16,ADBE,16,0.050148867070674896
2025-04-16,ADBE,17,0.04968133941292763
2025-04-16,ADBE,18,0.04981363192200661
2025-04-16,ADBE,19,0.05010664463043213
2025-04-16,ADBE,20,0.050208959728479385
2025-04-16,AMD,1,0.05000227317214012
2025-04-16,AMD,2,0.04942057654261589
2025-04-16,AMD,3,0.049578145146369934
2025-04-16,AMD,4,0.050278082489967346
2025-04-16,AMD,5,0.05037426948547363
2025-04-16,AMD,6,0.05009455606341362
2025-04-16,AMD,7,0.04972751438617706
2025-04-16,AMD,8,0.04980093240737915
2025-04-16,AMD,9,0.05031641572713852
2025-04-16,AMD,10,0.05021800100803375
2025-04-16,AMD,11,0.04982376843690872
2025-04-16,AMD,12,0.04938691109418869
2025-04-16,AMD,13,0.049524541944265366
2025-04-16,AMD,14,0.04996499791741371
2025-04-16,AMD,15,0.049901846796274185
2025-04-16,AMD,16,0.050441447645425797
2025-04-16,AMD,17,0.049996454268693924
2025-04-16,AMD,18,0.0502440445125103
2025-04-16,AMD,19,0.050444189459085464
2025-04-16,AMD,20,0.05046098306775093
2025-04-16,CMCSA,1,0.04996529594063759
2025-04-16,CMCSA,2,0.04944533482193947
2025-04-16,CMCSA,3,0.049911968410015106
2025-04-16,CMCSA,4,0.050119929015636444
2025-04-16,CMCSA,5,0.05027734488248825
2025-04-16,CMCSA,6,0.05008171498775482
2025-04-16,CMCSA,7,0.049728475511074066
2025-04-16,CMCSA,8,0.04984031617641449
2025-04-16,CMCSA,9,0.050465140491724014
2025-04-16,CMCSA,10,0.05039802938699722
2025-04-16,CMCSA,11,0.05005665868520737
2025-04-16,CMCSA,12,0.04959886521100998
2025-04-16,CMCSA,13,0.04951102286577225
2025-04-16,CMCSA,14,0.05007841810584068
2025-04-16,CMCSA,15,0.049963194876909256
2025-04-16,CMCSA,16,0.05035575106739998
2025-04-16,CMCSA,17,0.0498504713177681
2025-04-16,CMCSA,18,0.049883339554071426
2025-04-16,CMCSA,19,0.05020422488451004
2025-04-16,CMCSA,20,0.05026458948850632
2025-04-16,COST,1,0.049962062388658524
2025-04-16,COST,2,0.04989641159772873
2025-04-16,COST,3,0.04993361234664917
2025-04-16,COST,4,0.049999985843896866
2025-04-16,COST,5,0.04997793212532997
2025-04-16,COST,6,0.04993388056755066
2025-04-16,COST,7,0.04986809939146042
2025-04-16,COST,8,0.049890801310539246
2025-04-16,COST,9,0.04999963566660881
2025-04-16,COST,10,0.049989212304353714
2025-04-16,COST,11,0.04994898661971092
2025-04-16,COST,12,0.0499488040804863
2025-04-16,COST,13,0.05007581040263176
2025-04-16,COST,14,0.05011124536395073
2025-04-16,COST,15,0.050075963139534
2025-04-16,COST,16,0.05005085468292236
2025-04-16,COST,17,0.05011674761772156
2025-04-16,COST,18,0.05005505308508873
2025-04-16,COST,19,0.05007898062467575
2025-04-16,COST,20,0.0500858910381794
2025-04-16,INTC,1,0.05031629651784897
2025-04-16,INTC,2,0.049718551337718964
2025-04-16,INTC,3,0.04992629215121269
2025-04-16,INTC,4,0.05011896416544914
2025-04-16,INTC,5,0.050190262496471405
2025-04-16,INTC,6,0.0497092679142952
2025-04-16,INTC,7,0.04938870295882225
2025-04-16,INTC,8,0.04948766529560089
2025-04-16,INTC,9,0.050204042345285416
2025-04-16,INTC,10,0.05008508265018463
2025-04-16,INTC,11,0.049723610281944275
2025-04-16,INTC,12,0.04984376206994057
2025-04-16,INTC,13,0.04984419792890549
2025-04-16,INTC,14,0.050150852650403976
2025-04-16,INTC,15,0.05017395317554474
2025-04-16,INTC,16,0.050455547869205475
2025-04-16,INTC,17,0.04997793585062027
2025-04-16,INTC,18,0.050079647451639175
2025-04-16,INTC,19,0.05032737925648689
2025-04-16,INTC,20,0.0502779521048069
2025-04-16,INTU,1,0.04990984871983528
2025-04-16,INTU,2,0.049840107560157776
2025-04-16,INTU,3,0.049887482076883316
2025-04-16,INTU,4,0.04998861253261566
2025-04-16,INTU,5,0.04999634623527527
2025-04-16,INTU,6,0.049944233149290085
2025-04-16,INTU,7,0.049872662872076035
2025-04-16,INTU,8,0.04988822340965271
2025-04-16,INTU,9,0.050056092441082
2025-04-16,INTU,10,0.050086356699466705
2025-04-16,INTU,11,0.05003209412097931
2025-04-16,INTU,12,0.050039976835250854
2025-04-16,INTU,13,0.0500151589512825
2025-04-16,INTU,14,0.05008480325341225
2025-04-16,INTU,15,0.05004790425300598
2025-04-16,INTU,16,0.05004157871007919
2025-04-16,INTU,17,0.05007978528738022
2025-04-16,INTU,18,0.05000310018658638
2025-04-16,INTU,19,0.05009820684790611
2025-04-16,INTU,20,0.05008743703365326
2025-04-16,MSFT,1,0.049936067312955856
2025-04-16,MSFT,2,0.049840155988931656
2025-04-16,MSFT,3,0.04992281273007393
2025-04-16,MSFT,4,0.05002431571483612
2025-04-16,MSFT,5,0.050019122660160065
2025-04-16,MSFT,6,0.049948882311582565
2025-04-16,MSFT,7,0.04985039308667183
2025-04-16,MSFT,8,0.0498751662671566
2025-04-16,MSFT,9,0.05006405711174011
2025-04-16,MSFT,10,0.0500473827123642
2025-04-16,MSFT,11,0.049976326525211334
2025-04-16,MSFT,12,0.04991639405488968
2025-04-16,MSFT,13,0.04994908720254898
2025-04-16,MSFT,14,0.050082530826330185
2025-04-16,MSFT,15,0.05001792311668396
2025-04-16,MSFT,16,0.050069890916347504
2025-04-16,MSFT,17,0.05012392997741699
2025-04-16,MSFT,18,0.05005756393074989
2025-04-16,MSFT,19,0.05014501139521599
2025-04-16,MSFT,20,0.05013304203748703
2025-04-16,QCOM,1,0.04994357004761696
2025-04-16,QCOM,2,0.049707651138305664
2025-04-16,QCOM,3,0.04983917623758316
2025-04-16,QCOM,4,0.05006609857082367
2025-04-16,QCOM,5,0.05010397359728813
2025-04-16,QCOM,6,0.04994538798928261
2025-04-16,QCOM,7,0.04978466033935547
2025-04-16,QCOM,8,0.04984480142593384
2025-04-16,QCOM,9,0.05015596002340317
2025-04-16,QCOM,10,0.05013052746653557
2025-04-16,QCOM,11,0.04995676130056381
2025-04-16,QCOM,12,0.049890246242284775
2025-04-16,QCOM,13,0.04988666623830795
2025-04-16,QCOM,14,0.05010708048939705
2025-04-16,QCOM,15,0.05006084591150284
2025-04-16,QCOM,16,0.05020042881369591
2025-04-16,QCOM,17,0.050027549266815186
2025-04-16,QCOM,18,0.05003602057695389
2025-04-16,QCOM,19,0.050159867852926254
2025-04-16,QCOM,20,0.050152868032455444
2025-04-16,SBUX,1,0.05014761909842491
2025-04-16,SBUX,2,0.0500103197991848
2025-04-16,SBUX,3,0.050014663487672806
2025-04-16,SBUX,4,0.050149139016866684
2025-04-16,SBUX,5,0.050152309238910675
2025-04-16,SBUX,6,0.05006843060255051
2025-04-16,SBUX,7,0.04994655027985573
2025-04-16,SBUX,8,0.04993714019656181
2025-04-16,SBUX,9,0.050188448280096054
2025-04-16,SBUX,10,0.05017688125371933
2025-04-16,SBUX,11,0.05006709322333336
2025-04-16,SBUX,12,0.04990651085972786
2025-04-16,SBUX,13,0.049789268523454666
2025-04-16,SBUX,14,0.049942079931497574
2025-04-16,SBUX,15,0.049927402287721634
2025-04-16,SBUX,16,0.050044771283864975
2025-04-16,SBUX,17,0.049775131046772
2025-04-16,SBUX,18,0.04980361461639404
2025-04-16,SBUX,19,0.049974698573350906
2025-04-16,SBUX,20,0.04997797682881355
2025-04-17,AAPL,1,0.04992683231830597
2025-04-17,AAPL,2,0.049921534955501556
2025-04-17,AAPL,3,0.05005597695708275
2025-04-17,AAPL,4,0.050027668476104736
2025-04-17,AAPL,5,0.05002518370747566
2025-04-17,AAPL,6,0.04993772879242897
2025-04-17,AAPL,7,0.04997606202960014
2025-04-17,AAPL,8,0.050009895116090775
2025-04-17,AAPL,9,0.050023991614580154
2025-04-17,AAPL,10,0.04999551549553871
2025-04-17,AAPL,11,0.05007147416472435
2025-04-17,AAPL,12,0.050026096403598785
2025-04-17,AAPL,13,0.0501323826611042
2025-04-17,AAPL,14,0.05012053623795509
2025-04-17,AAPL,15,0.049904949963092804
2025-04-17,AAPL,16,0.04994944483041763
2025-04-17,AAPL,17,0.04991031438112259
2025-04-17,AAPL,18,0.049999989569187164
2025-04-17,AAPL,19,0.050004102289676666
2025-04-17,AAPL,20,0.04998043552041054
2025-04-17,ADBE,1,0.0498381108045578
2025-04-17,ADBE,2,0.049932241439819336
2025-04-17,ADBE,3,0.05025063082575798
2025-04-17,ADBE,4,0.050281308591365814
2025-04-17,ADBE,5,0.05008072033524513
2025-04-17,ADBE,6,0.04977134242653847
2025-04-17,ADBE,7,0.049916595220565796
2025-04-17,ADBE,8,0.05033537745475769
2025-04-17,ADBE,9,0.05026509240269661
2025-04-17,ADBE,10,0.04998559504747391
2025-04-17,ADBE,11,0.049629032611846924
2025-04-17,ADBE,12,0.04976436495780945
2025-04-17,ADBE,13,0.05017411336302757
2025-04-17,ADBE,14,0.05018889531493187
2025-04-17,ADBE,15,0.050070084631443024
2025-04-17,ADBE,16,0.049646176397800446
2025-04-17,ADBE,17,0.04974452406167984
2025-04-17,ADBE,18,0.050174281001091
2025-04-17,ADBE,19,0.05023439601063728
2025-04-17,ADBE,20,0.04971705749630928
2025-04-17,AMD,1,0.04949504882097244
2025-04-17,AMD,2,0.04964331164956093
2025-04-17,AMD,3,0.0501706525683403
2025-04-17,AMD,4,0.05029522627592087
2025-04-17,AMD,5,0.05011184141039848
2025-04-17,AMD,6,0.049709491431713104
2025-04-17,AMD,7,0.04980553314089775
2025-04-17,AMD,8,0.05023818835616112
2025-04-17,AMD,9,0.050273679196834564
2025-04-17,AMD,10,0.04993065074086189
2025-04-17,AMD,11,0.049479253590106964
2025-04-17,AMD,12,0.049637459218502045
2025-04-17,AMD,13,0.050172705203294754
2025-04-17,AMD,14,0.050226956605911255
2025-04-17,AMD,15,0.05015237256884575
2025-04-17,AMD,16,0.049910806119441986
2025-04-17,AMD,17,0.0500435046851635
2025-04-17,AMD,18,0.05034210532903671
2025-04-17,AMD,19,0.050352904945611954
2025-04-17,AMD,20,0.050008323043584824
2025-04-17,CMCSA,1,0.04955536499619484
2025-04-17,CMCSA,2,0.049845512956380844
2025-04-17,CMCSA,3,0.05018150806427002
2025-04-17,CMCSA,4,0.05024028196930885
2025-04-17,CMCSA,5,0.05004945769906044
2025-04-17,CMCSA,6,0.049723830074071884
2025-04-17,CMCSA,7,0.04985338822007179
2025-04-17,CMCSA,8,0.05029066279530525
2025-04-17,CMCSA,9,0.050318241119384766
2025-04-17,CMCSA,10,0.05006103217601776
2025-04-17,CMCSA,11,0.049635279923677444
2025-04-17,CMCSA,12,0.04969755560159683
2025-04-17,CMCSA,13,0.050180159509181976
2025-04-17,CMCSA,14,0.05020612105727196
2025-04-17,CMCSA,15,0.050145044922828674
2025-04-17,CMCSA,16,0.049808401614427567
2025-04-17,CMCSA,17,0.04986068233847618
2025-04-17,CMCSA,18,0.05024717375636101
2025-04-17,CMCSA,19,0.050290197134017944
2025-04-17,CMCSA,20,0.049809958785772324
2025-04-17,COST,1,0.050024233758449554
2025-04-17,COST,2,0.049989983439445496
2025-04-17,COST,3,0.050031401216983795
2025-04-17,COST,4,0.05003039166331291
2025-04-17,COST,5,0.05002370849251747
2025-04-17,COST,6,0.049989860504865646
2025-04-17,COST,7,0.050007086247205734
2025-04-17,COST,8,0.05001220852136612
2025-04-17,COST,9,0.050000615417957306
2025-04-17,COST,10,0.04998960345983505
2025-04-17,COST,11,0.04998194798827171
2025-04-17,COST,12,0.050032760947942734
2025-04-17,COST,13,0.050036054104566574
2025-04-17,COST,14,0.050007764250040054
2025-04-17,COST,15,0.04993746429681778
2025-04-17,COST,16,0.04997311159968376
2025-04-17,COST,17,0.04996567592024803
2025-04-17,COST,18,0.0499836727976799
2025-04-17,COST,19,0.04998549818992615
2025-04-17,COST,20,0.049997054040431976
2025-04-17,INTC,1,0.049744877964258194
2025-04-17,INTC,2,0.04990869015455246
2025-04-17,INTC,3,0.050206951797008514
2025-04-17,INTC,4,0.050250399857759476
2025-04-17,INTC,5,0.049917612224817276
2025-04-17,INTC,6,0.0495477132499218
2025-04-17,INTC,7,0.04966990277171135
2025-04-17,INTC,8,0.05021810159087181
2025-04-17,INTC,9,0.05021347850561142
2025-04-17,INTC,10,0.04988531768321991
2025-04-17,INTC,11,0.049757760018110275
2025-04-17,INTC,12,0.049827251583337784
2025-04-17,INTC,13,0.05018455907702446
2025-04-17,INTC,14,0.05024746432900429
2025-04-17,INTC,15,0.050188567489385605
2025-04-17,INTC,16,0.04987949877977371
2025-04-17,INTC,17,0.04996690899133682
2025-04-17,INTC,18,0.05026384815573692
2025-04-17,INTC,19,0.05029800534248352
2025-04-17,INTC,20,0.04982313886284828
2025-04-17,INTU,1,0.049930986016988754
2025-04-17,INTU,2,0.04992733150720596
2025-04-17,INTU,3,0.04998799413442612
2025-04-17,INTU,4,0.04996991530060768
2025-04-17,INTU,5,0.05001363530755043
2025-04-17,INTU,6,0.04996144399046898
2025-04-17,INTU,7,0.049997322261333466
2025-04-17,INTU,8,0.04997952654957771
2025-04-17,INTU,9,0.05001772567629814
2025-04-17,INTU,10,0.049992263317108154
2025-04-17,INTU,11,0.050034504383802414
2025-04-17,INTU,12,0.05006279796361923
2025-04-17,INTU,13,0.050107192248106
2025-04-17,INTU,14,0.05010737478733063
2025-04-17,INTU,15,0.04991793632507324
2025-04-17,INTU,16,0.0500049814581871
2025-04-17,INTU,17,0.04994829371571541
2025-04-17,INTU,18,0.05002625286579132
2025-04-17,INTU,19,0.050009120255708694
2025-04-17,INTU,20,0.05000343918800354
2025-04-17,MSFT,1,0.04993506520986557
2025-04-17,MSFT,2,0.049926791340112686
2025-04-17,MSFT,3,0.050042979419231415
2025-04-17,MSFT,4,0.050021860748529434
2025-04-17,MSFT,5,0.0500255785882473
2025-04-17,MSFT,6,0.04993969947099686
2025-04-17,MSFT,7,0.049992091953754425
2025-04-17,MSFT,8,0.05005139857530594
2025-04-17,MSFT,9,0.05000842735171318
2025-04-17,MSFT,10,0.050010617822408676
2025-04-17,MSFT,11,0.04999193176627159
2025-04-17,MSFT,12,0.05000612512230873
2025-04-17,MSFT,13,0.05008583888411522
2025-04-17,MSFT,14,0.05008130520582199
2025-04-17,MSFT,15,0.0499073788523674
2025-04-17,MSFT,16,0.04998030140995979
2025-04-17,MSFT,17,0.04993605986237526
2025-04-17,MSFT,18,0.05001770704984665
2025-04-17,MSFT,19,0.05000291392207146
2025-04-17,MSFT,20,0.05003588646650314
2025-04-17,QCOM,1,0.049820687621831894
2025-04-17,QCOM,2,0.04988015815615654
2025-04-17,QCOM,3,0.05006673187017441
2025-04-17,QCOM,4,0.05009856075048447
2025-04-17,QCOM,5,0.050011683255434036
2025-04-17,QCOM,6,0.04984724894165993
2025-04-17,QCOM,7,0.04991261661052704
2025-04-17,QCOM,8,0.05007098987698555
2025-04-17,QCOM,9,0.05010982230305672
2025-04-17,QCOM,10,0.04998239502310753
2025-04-17,QCOM,11,0.04997863247990608
2025-04-17,QCOM,12,0.049977075308561325
2025-04-17,QCOM,13,0.05008638650178909
2025-04-17,QCOM,14,0.050147995352745056
2025-04-17,QCOM,15,0.04995361715555191
2025-04-17,QCOM,16,0.04995955154299736
2025-04-17,QCOM,17,0.04992985352873802
2025-04-17,QCOM,18,0.050110816955566406
2025-04-17,QCOM,19,0.05009668692946434
2025-04-17,QCOM,20,0.04995845630764961
2025-04-17,SBUX,1,0.04996509850025177
2025-04-17,SBUX,2,0.05000074580311775
2025-04-17,SBUX,3,0.050165291875600815
2025-04-17,SBUX,4,0.0501084104180336
2025-04-17,SBUX,5,0.05002127215266228
2025-04-17,SBUX,6,0.04995059594511986
2025-04-17,SBUX,7,0.04996371641755104
2025-04-17,SBUX,8,0.05008302628993988
2025-04-17,SBUX,9,0.05007685348391533
2025-04-17,SBUX,10,0.050007108598947525
2025-04-17,SBUX,11,0.050021201372146606
2025-04-17,SBUX,12,0.0499451644718647
2025-04-17,SBUX,13,0.05010959133505821
2025-04-17,SBUX,14,0.0500471256673336
2025-04-17,SBUX,15,0.04992390051484108
2025-04-17,SBUX,16,0.04983148351311684
2025-04-17,SBUX,17,0.049843497574329376
2025-04-17,SBUX,18,0.0500505268573761
2025-04-17,SBUX,19,0.050055939704179764
2025-04-17,SBUX,20,0.04982948675751686
2025-04-21,AAPL,1,0.04994421824812889
2025-04-21,AAPL,2,0.05003722012042999
2025-04-21,AAPL,3,0.05002366378903389
2025-04-21,AAPL,4,0.05001021921634674
2025-04-21,AAPL,5,0.049956273287534714
2025-04-21,AAPL,6,0.04995844140648842
2025-04-21,AAPL,7,0.05000357702374458
2025-04-21,AAPL,8,0.05002368614077568
2025-04-21,AAPL,9,0.05000334233045578
2025-04-21,AAPL,10,0.049994174391031265
2025-04-21,AAPL,11,0.049961742013692856
2025-04-21,AAPL,12,0.05007017403841019
2025-04-21,AAPL,13,0.050058089196681976
2025-04-21,AAPL,14,0.04997994378209114
2025-04-21,AAPL,15,0.049985501915216446
2025-04-21,AAPL,16,0.049968864768743515
2025-04-21,AAPL,17,0.05002908781170845
2025-04-21,AAPL,18,0.050028495490550995
2025-04-21,AAPL,19,0.050014153122901917
2025-04-21,AAPL,20,0.04994918778538704
2025-04-21,ADBE,1,0.04997061938047409
2025-04-21,ADBE,2,0.050216369330883026
2025-04-21,ADBE,3,0.05021819844841957
2025-04-21,ADBE,4,0.05009228736162186
2025-04-21,ADBE,5,0.049878764897584915
2025-04-21,ADBE,6,0.04995419830083847
2025-04-21,ADBE,7,0.05018581077456474
2025-04-21,ADBE,8,0.05020247399806976
2025-04-21,ADBE,9,0.05003046989440918
2025-04-21,ADBE,10,0.04973994195461273
2025-04-21,ADBE,11,0.04982446879148483
2025-04-21,ADBE,12,0.05017387494444847
2025-04-21,ADBE,13,0.05017238110303879
2025-04-21,ADBE,14,0.050101298838853836
2025-04-21,ADBE,15,0.04975510016083717
2025-04-21,ADBE,16,0.049830757081508636
2025-04-21,ADBE,17,0.05018314719200134
2025-04-21,ADBE,18,0.05020450800657272
2025-04-21,ADBE,19,0.049834344536066055
2025-04-21,ADBE,20,0.04943107068538666
2025-04-21,AMD,1,0.04976451024413109
2025-04-21,AMD,2,0.05016697198152542
2025-04-21,AMD,3,0.050228383392095566
2025-04-21,AMD,4,0.05008016154170036
2025-04-21,AMD,5,0.04975999891757965
2025-04-21,AMD,6,0.049828752875328064
2025-04-21,AMD,7,0.05010143667459488
2025-04-21,AMD,8,0.05020099878311157
2025-04-21,AMD,9,0.049959346652030945
2025-04-21,AMD,10,0.049503497779369354
2025-04-21,AMD,11,0.049636151641607285
2025-04-21,AMD,12,0.050148192793130875
2025-04-21,AMD,13,0.05016308277845383
2025-04-21,AMD,14,0.05014105886220932
2025-04-21,AMD,15,0.04997001588344574
2025-04-21,AMD,16,0.05005544424057007
2025-04-21,AMD,17,0.05028180405497551
2025-04-21,AMD,18,0.05027025565505028
2025-04-21,AMD,19,0.05005359277129173
2025-04-21,AMD,20,0.049686308950185776
2025-04-21,CMCSA,1,0.04991302639245987
2025-04-21,CMCSA,2,0.050168752670288086
2025-04-21,CMCSA,3,0.05018039047718048
2025-04-21,CMCSA,4,0.05006388947367668
2025-04-21,CMCSA,5,0.04983563721179962
2025-04-21,CMCSA,6,0.04988899827003479
2025-04-21,CMCSA,7,0.05014950409531593
2025-04-21,CMCSA,8,0.0502113476395607
2025-04-21,CMCSA,9,0.05005331337451935
2025-04-21,CMCSA,10,0.04970524087548256
2025-04-21,CMCSA,11,0.049681298434734344
2025-04-21,CMCSA,12,0.05013750120997429
2025-04-21,CMCSA,13,0.050148315727710724
2025-04-21,CMCSA,14,0.050112467259168625
2025-04-21,CMCSA,15,0.04988962039351463
2025-04-21,CMCSA,16,0.04991770163178444
2025-04-21,CMCSA,17,0.050223417580127716
2025-04-21,CMCSA,18,0.05022468417882919
2025-04-21,CMCSA,19,0.04992743954062462
2025-04-21,CMCSA,20,0.04956739395856857
2025-04-21,COST,1,0.049984462559223175
2025-04-21,COST,2,0.050019096583127975
2025-04-21,COST,3,0.05001669377088547
2025-04-21,COST,4,0.05001077055931091
2025-04-21,COST,5,0.04998981952667236
2025-04-21,COST,6,0.049990344792604446
2025-04-21,COST,7,0.050003983080387115
2025-04-21,COST,8,0.05000617355108261
2025-04-21,COST,9,0.04999946802854538
2025-04-21,COST,10,0.04999040812253952
2025-04-21,COST,11,0.050004832446575165
2025-04-21,COST,12,0.05002133175730705
2025-04-21,COST,13,0.05000877380371094
2025-04-21,COST,14,0.04998234659433365
2025-04-21,COST,15,0.04999277740716934
2025-04-21,COST,16,0.04998570308089256
2025-04-21,COST,17,0.05000157281756401
2025-04-21,COST,18,0.050000954419374466
2025-04-21,COST,19,0.05000492185354233
2025-04-21,COST,20,0.04998554661870003
2025-04-21,INTC,1,0.049962617456912994
2025-04-21,INTC,2,0.050191234797239304
2025-04-21,INTC,3,0.050198402255773544
2025-04-21,INTC,4,0.049987271428108215
2025-04-21,INTC,5,0.049732062965631485
2025-04-21,INTC,6,0.04979000240564346
2025-04-21,INTC,7,0.05011485889554024
2025-04-21,INTC,8,0.05016882345080376
2025-04-21,INTC,9,0.04996276646852493
2025-04-21,INTC,10,0.0498369000852108
2025-04-21,INTC,11,0.0498526357114315
2025-04-21,INTC,12,0.05016707628965378
2025-04-21,INTC,13,0.05018340423703194
2025-04-21,INTC,14,0.05013327673077583
2025-04-21,INTC,15,0.049923576414585114
2025-04-21,INTC,16,0.049973875284194946
2025-04-21,INTC,17,0.05020550638437271
2025-04-21,INTC,18,0.050215933471918106
2025-04-21,INTC,19,0.04991813004016876
2025-04-21,INTC,20,0.04948156327009201
2025-04-21,INTU,1,0.04996984824538231
2025-04-21,INTU,2,0.0500151701271534
2025-04-21,INTU,3,0.050004102289676666
2025-04-21,INTU,4,0.050006430596113205
2025-04-21,INTU,5,0.04996727779507637
2025-04-21,INTU,6,0.049969688057899475
2025-04-21,INTU,7,0.049989793449640274
2025-04-21,INTU,8,0.05001579597592354
2025-04-21,INTU,9,0.049997568130493164
2025-04-21,INTU,10,0.049991410225629807
2025-04-21,INTU,11,0.04999304190278053
2025-04-21,INTU,12,0.050056133419275284
2025-04-21,INTU,13,0.05004992336034775
2025-04-21,INTU,14,0.04997602850198746
2025-04-21,INTU,15,0.05000300332903862
2025-04-21,INTU,16,0.04997294768691063
2025-04-21,INTU,17,0.050026144832372665
2025-04-21,INTU,18,0.050015803426504135
2025-04-21,INTU,19,0.05000865086913109
2025-04-21,INTU,20,0.04997114837169647
2025-04-21,MSFT,1,0.04995286092162132
2025-04-21,MSFT,2,0.05003336817026138
2025-04-21,MSFT,3,0.05002135783433914
2025-04-21,MSFT,4,0.05001291632652283
2025-04-21,MSFT,5,0.049958325922489166
2025-04-21,MSFT,6,0.049968015402555466
2025-04-21,MSFT,7,0.05001216009259224
2025-04-21,MSFT,8,0.05001436546444893
2025-04-21,MSFT,9,0.05000372603535652
2025-04-21,MSFT,10,0.04996237903833389
2025-04-21,MSFT,11,0.049964308738708496
2025-04-21,MSFT,12,0.050049249082803726
2025-04-21,MSFT,13,0.05004366487264633
2025-04-21,MSFT,14,0.04997316747903824
2025-04-21,MSFT,15,0.05000011622905731
2025-04-21,MSFT,16,0.049975499510765076
2025-04-21,MSFT,17,0.05002426356077194
2025-04-21,MSFT,18,0.050014596432447433
2025-04-21,MSFT,19,0.050030507147312164
2025-04-21,MSFT,20,0.049985095858573914
2025-04-21,QCOM,1,0.049915049225091934
2025-04-21,QCOM,2,0.05006720870733261
2025-04-21,QCOM,3,0.050076551735401154
2025-04-21,QCOM,4,0.05001222342252731
2025-04-21,QCOM,5,0.04989219456911087
2025-04-21,QCOM,6,0.049911435693502426
2025-04-21,QCOM,7,0.05002354085445404
2025-04-21,QCOM,8,0.05007496476173401
2025-04-21,QCOM,9,0.0499923899769783
2025-04-21,QCOM,10,0.049913935363292694
2025-04-21,QCOM,11,0.0499107725918293
2025-04-21,QCOM,12,0.050070613622665405
2025-04-21,QCOM,13,0.05009568855166435
2025-04-21,QCOM,14,0.05000641196966171
2025-04-21,QCOM,15,0.04999171197414398
2025-04-21,QCOM,16,0.049978259950876236
2025-04-21,QCOM,17,0.050103407353162766
2025-04-21,QCOM,18,0.05008712038397789
2025-04-21,QCOM,19,0.05001086741685867
2025-04-21,QCOM,20,0.049865588545799255
2025-04-21,SBUX,1,0.049981266260147095
2025-04-21,SBUX,2,0.05010369420051575
2025-04-21,SBUX,3,0.05007639527320862
2025-04-21,SBUX,4,0.05002749338746071
2025-04-21,SBUX,5,0.04996335133910179
2025-04-21,SBUX,6,0.049963947385549545
2025-04-21,SBUX,7,0.050043847411870956
2025-04-21,SBUX,8,0.050067685544490814
2025-04-21,SBUX,9,0.050024572759866714
2025-04-21,SBUX,10,0.04997099190950394
2025-04-21,SBUX,11,0.049927376210689545
2025-04-21,SBUX,12,0.05008901655673981
2025-04-21,SBUX,13,0.05005988851189613
2025-04-21,SBUX,14,0.05001205578446388
2025-04-21,SBUX,15,0.04992103949189186
2025-04-21,SBUX,16,0.049934424459934235
2025-04-21,SBUX,17,0.05008919537067413
2025-04-21,SBUX,18,0.05008545145392418
2025-04-21,SBUX,19,0.04992930591106415
2025-04-21,SBUX,20,0.049729060381650925
2025-04-22,AAPL,1,0.05003093183040619
2025-04-22,AAPL,2,0.050022292882204056
2025-04-22,AAPL,3,0.05000152811408043
2025-04-22,AAPL,4,0.049964867532253265
2025-04-22,AAPL,5,0.04996336251497269
2025-04-22,AAPL,6,0.05001528933644295
2025-04-22,AAPL,7,0.05002540722489357
2025-04-22,AAPL,8,0.05000508576631546
2025-04-22,AAPL,9,0.049963563680648804
2025-04-22,AAPL,10,0.04993688315153122
2025-04-22,AAPL,11,0.050029635429382324
2025-04-22,AAPL,12,0.04999493807554245
2025-04-22,AAPL,13,0.04999738931655884
2025-04-22,AAPL,14,0.04998214170336723
2025-04-22,AAPL,15,0.049988556653261185
2025-04-22,AAPL,16,0.050036948174238205
2025-04-22,AAPL,17,0.050032854080200195
2025-04-22,AAPL,18,0.050002142786979675
2025-04-22,AAPL,19,0.049957942217588425
2025-04-22,AAPL,20,0.05004825070500374
2025-04-22,ADBE,1,0.05022335797548294
2025-04-22,ADBE,2,0.0502108633518219
2025-04-22,ADBE,3,0.05007809028029442
2025-04-22,ADBE,4,0.04989859461784363
2025-04-22,ADBE,5,0.04997965320944786
2025-04-22,ADBE,6,0.0501796193420887
2025-04-22,ADBE,7,0.050180304795503616
2025-04-22,ADBE,8,0.050018101930618286
2025-04-22,ADBE,9,0.04973911494016647
2025-04-22,ADBE,10,0.04983239993453026
2025-04-22,ADBE,11,0.05014149844646454
2025-04-22,ADBE,12,0.050136227160692215
2025-04-22,ADBE,13,0.050100818276405334
2025-04-22,ADBE,14,0.049763862043619156
2025-04-22,ADBE,15,0.04986575245857239
2025-04-22,ADBE,16,0.05016287788748741
2025-04-22,ADBE,17,0.05017276853322983
2025-04-22,ADBE,18,0.04980851709842682
2025-04-22,ADBE,19,0.0494706816971302
2025-04-22,ADBE,20,0.05003684014081955
2025-04-22,AMD,1,0.05019296333193779
2025-04-22,AMD,2,0.05020587146282196
2025-04-22,AMD,3,0.050047386437654495
2025-04-22,AMD,4,0.0497707761824131
2025-04-22,AMD,5,0.04984862357378006
2025-04-22,AMD,6,0.050077423453330994
2025-04-22,AMD,7,0.05015208199620247
2025-04-22,AMD,8,0.04992504045367241
2025-04-22,AMD,9,0.0494813397526741
2025-04-22,AMD,10,0.049621425569057465
2025-04-22,AMD,11,0.050089843571186066
2025-04-22,AMD,12,0.050061531364917755
2025-04-22,AMD,13,0.050141431391239166
2025-04-22,AMD,14,0.04995689168572426
2025-04-22,AMD,15,0.050072599202394485
2025-04-22,AMD,16,0.05025872960686684
2025-04-22,AMD,17,0.05024066939949989
2025-04-22,AMD,18,0.05000440776348114
2025-04-22,AMD,19,0.04969686269760132
2025-04-22,AMD,20,0.05015407130122185
2025-04-22,CMCSA,1,0.05018692836165428
2025-04-22,CMCSA,2,0.05016890913248062
2025-04-22,CMCSA,3,0.050065211951732635
2025-04-22,CMCSA,4,0.04987712576985359
2025-04-22,CMCSA,5,0.049923304468393326
2025-04-22,CMCSA,6,0.050149790942668915
2025-04-22,CMCSA,7,0.05018572509288788
2025-04-22,CMCSA,8,0.05003637075424194
2025-04-22,CMCSA,9,0.04971190541982651
2025-04-22,CMCSA,10,0.0496525764465332
2025-04-22,CMCSA,11,0.05009458214044571
2025-04-22,CMCSA,12,0.05006883665919304
2025-04-22,CMCSA,13,0.050102073699235916
2025-04-22,CMCSA,14,0.04987996444106102
2025-04-22,CMCSA,15,0.04993215575814247
2025-04-22,CMCSA,16,0.05020104721188545
2025-04-22,CMCSA,17,0.05019207298755646
2025-04-22,CMCSA,18,0.04988938942551613
2025-04-22,CMCSA,19,0.04959654435515404
2025-04-22,CMCSA,20,0.05008547008037567
2025-04-22,COST,1,0.05000920593738556
2025-04-22,COST,2,0.05000627040863037
2025-04-22,COST,3,0.04999927431344986
2025-04-22,COST,4,0.04998563975095749
2025-04-22,COST,5,0.04998764768242836
2025-04-22,COST,6,0.050004005432128906
2025-04-22,COST,7,0.05000249668955803
2025-04-22,COST,8,0.049996476620435715
2025-04-22,COST,9,0.04999116063117981
2025-04-22,COST,10,0.05000096932053566
2025-04-22,COST,11,0.05001484602689743
2025-04-22,COST,12,0.05000386759638786
2025-04-22,COST,13,0.04998907819390297
2025-04-22,COST,14,0.049997180700302124
2025-04-22,COST,15,0.04999188706278801
2025-04-22,COST,16,0.05000339820981026
2025-04-22,COST,17,0.05000158026814461
2025-04-22,COST,18,0.05000286176800728
2025-04-22,COST,19,0.049992065876722336
2025-04-22,COST,20,0.050019968301057816
2025-04-22,INTC,1,0.050200335681438446
2025-04-22,INTC,2,0.050180528312921524
2025-04-22,INTC,3,0.04997728392481804
2025-04-22,INTC,4,0.049771830439567566
2025-04-22,INTC,5,0.0498325452208519
2025-04-22,INTC,6,0.05011232942342758
2025-04-22,INTC,7,0.050139348953962326
2025-04-22,INTC,8,0.04994990676641464
2025-04-22,INTC,9,0.04983775317668915
2025-04-22,INTC,10,0.049856800585985184
2025-04-22,INTC,11,0.05014881491661072
2025-04-22,INTC,12,0.05013333633542061
2025-04-22,INTC,13,0.05012865737080574
2025-04-22,INTC,14,0.049916647374629974
2025-04-22,INTC,15,0.049986060708761215
2025-04-22,INTC,16,0.05019007995724678
2025-04-22,INTC,17,0.050180718302726746
2025-04-22,INTC,18,0.04989221692085266
2025-04-22,INTC,19,0.049514662474393845
2025-04-22,INTC,20,0.050050102174282074
2025-04-22,INTU,1,0.05002141371369362
2025-04-22,INTU,2,0.05001302808523178
2025-04-22,INTU,3,0.049997929483652115
2025-04-22,INTU,4,0.049967315047979355
2025-04-22,INTU,5,0.04996697977185249
2025-04-22,INTU,6,0.050000324845314026
2025-04-22,INTU,7,0.05001324042677879
2025-04-22,INTU,8,0.04999510943889618
2025-04-22,INTU,9,0.04997779801487923
2025-04-22,INTU,10,0.04997393488883972
2025-04-22,INTU,11,0.05003213882446289
2025-04-22,INTU,12,0.050015807151794434
2025-04-22,INTU,13,0.04998944699764252
2025-04-22,INTU,14,0.04999886080622673
2025-04-22,INTU,15,0.04998397082090378
2025-04-22,INTU,16,0.05002473667263985
2025-04-22,INTU,17,0.050015825778245926
2025-04-22,INTU,18,0.05000035837292671
2025-04-22,INTU,19,0.049967918545007706
2025-04-22,INTU,20,0.050043877214193344
2025-04-22,MSFT,1,0.05002758279442787
2025-04-22,MSFT,2,0.05001715570688248
2025-04-22,MSFT,3,0.04999983683228493
2025-04-22,MSFT,4,0.04995978623628616
2025-04-22,MSFT,5,0.049964144825935364
2025-04-22,MSFT,6,0.05000675842165947
2025-04-22,MSFT,7,0.05001082643866539
2025-04-22,MSFT,8,0.0499890111386776
2025-04-22,MSFT,9,0.04994239658117294
2025-04-22,MSFT,10,0.04994821548461914
2025-04-22,MSFT,11,0.050027914345264435
2025-04-22,MSFT,12,0.05001281574368477
2025-04-22,MSFT,13,0.049991510808467865
2025-04-22,MSFT,14,0.05000738799571991
2025-04-22,MSFT,15,0.04999342933297157
2025-04-22,MSFT,16,0.0500294454395771
2025-04-22,MSFT,17,0.05002005770802498
2025-04-22,MSFT,18,0.05001770704984665
2025-04-22,MSFT,19,0.04998195171356201
2025-04-22,MSFT,20,0.05005207657814026
2025-04-22,QCOM,1,0.050073228776454926
2025-04-22,QCOM,2,0.050068799406290054
2025-04-22,QCOM,3,0.05000143498182297
2025-04-22,QCOM,4,0.04990274831652641
2025-04-22,QCOM,5,0.049920473247766495
2025-04-22,QCOM,6,0.050027720630168915
2025-04-22,QCOM,7,0.05005818232893944
2025-04-22,QCOM,8,0.04997986555099487
2025-04-22,QCOM,9,0.049865592271089554
2025-04-22,QCOM,10,0.04987172782421112
2025-04-22,QCOM,11,0.050051335245370865
2025-04-22,QCOM,12,0.05004371330142021
2025-04-22,QCOM,13,0.05002862587571144
2025-04-22,QCOM,14,0.049983005970716476
2025-04-22,QCOM,15,0.05000194162130356
2025-04-22,QCOM,16,0.0500989630818367
2025-04-22,QCOM,17,0.05008227750658989
2025-04-22,QCOM,18,0.049994856119155884
2025-04-22,QCOM,19,0.04987597092986107
2025-04-22,QCOM,20,0.05006951093673706
2025-04-22,SBUX,1,0.05008876323699951
2025-04-22,SBUX,2,0.050071317702531815
2025-04-22,SBUX,3,0.05003304034471512
2025-04-22,SBUX,4,0.04997583478689194
2025-04-22,SBUX,5,0.04998410493135452
2025-04-22,SBUX,6,0.05005944147706032
2025-04-22,SBUX,7,0.05007527023553848
2025-04-22,SBUX,8,0.05003688111901283
2025-04-22,SBUX,9,0.04994255304336548
2025-04-22,SBUX,10,0.04991587623953819
2025-04-22,SBUX,11,0.050052743405103683
2025-04-22,SBUX,12,0.05003328621387482
2025-04-22,SBUX,13,0.05003383383154869
2025-04-22,SBUX,14,0.04992379620671272
2025-04-22,SBUX,15,0.049961067736148834
2025-04-22,SBUX,16,0.050082016736269
2025-04-22,SBUX,17,0.05007379502058029
2025-04-22,SBUX,18,0.04990002140402794
2025-04-22,SBUX,19,0.04973562806844711
2025-04-22,SBUX,20,0.0500207394361496
2025-04-23,AAPL,1,0.0500190407037735
2025-04-23,AAPL,2,0.050001680850982666
2025-04-23,AAPL,3,0.049965426325798035
2025-04-23,AAPL,4,0.04996395856142044
2025-04-23,AAPL,5,0.050016045570373535
2025-04-23,AAPL,6,0.05002622306346893
2025-04-23,AAPL,7,0.05000584200024605
2025-04-23,AAPL,8,0.049963947385549545
2025-04-23,AAPL,9,0.04993706941604614
2025-04-23,AAPL,10,0.05003023147583008
2025-04-23,AAPL,11,0.04999542608857155
2025-04-23,AAPL,12,0.04999808222055435
2025-04-23,AAPL,13,0.049982376396656036
2025-04-23,AAPL,14,0.0499889962375164
2025-04-23,AAPL,15,0.05003777891397476
2025-04-23,AAPL,16,0.050033703446388245
2025-04-23,AAPL,17,0.0500025637447834
2025-04-23,AAPL,18,0.049957938492298126
2025-04-23,AAPL,19,0.050048891454935074
2025-04-23,AAPL,20,0.050024837255477905
2025-04-23,ADBE,1,0.05021248757839203
2025-04-23,ADBE,2,0.05008374899625778
2025-04-23,ADBE,3,0.04990487918257713
2025-04-23,ADBE,4,0.049986109137535095
2025-04-23,ADBE,5,0.05018613487482071
2025-04-23,ADBE,6,0.05018683522939682
2025-04-23,ADBE,7,0.0500246062874794
2025-04-23,ADBE,8,0.0497455857694149
2025-04-23,ADBE,9,0.04983888193964958
2025-04-23,ADBE,10,0.050148021429777145
2025-04-23,ADBE,11,0.05014275014400482
2025-04-23,ADBE,12,0.05010733753442764
2025-04-23,ADBE,13,0.04977033659815788
2025-04-23,ADBE,14,0.04987223818898201
2025-04-23,ADBE,15,0.05016940459609032
2025-04-23,ADBE,16,0.05017929524183273
2025-04-23,ADBE,17,0.049814991652965546
2025-04-23,ADBE,18,0.04947711154818535
2025-04-23,ADBE,19,0.05004334822297096
2025-04-23,ADBE,20,0.05010582506656647
2025-04-23,AMD,1,0.050203680992126465
2025-04-23,AMD,2,0.0500495508313179
2025-04-23,AMD,3,0.04977377876639366
2025-04-23,AMD,4,0.04985188692808151
2025-04-23,AMD,5,0.05008075758814812
2025-04-23,AMD,6,0.05015543848276138
2025-04-23,AMD,7,0.04992838203907013
2025-04-23,AMD,8,0.049484651535749435
2025-04-23,AMD,9,0.04962475225329399
2025-04-23,AMD,10,0.05009320005774498
2025-04-23,AMD,11,0.05006488412618637
2025-04-23,AMD,12,0.05014479160308838
2025-04-23,AMD,13,0.049960240721702576
2025-04-23,AMD,14,0.0500759556889534
2025-04-23,AMD,15,0.050262097269296646
2025-04-23,AMD,16,0.050244033336639404
2025-04-23,AMD,17,0.05000775679945946
2025-04-23,AMD,18,0.04970019310712814
2025-04-23,AMD,19,0.05015743151307106
2025-04-23,AMD,20,0.05013648793101311
2025-04-23,CMCSA,1,0.05016613379120827
2025-04-23,CMCSA,2,0.05006781220436096
2025-04-23,CMCSA,3,0.04988079518079758
2025-04-23,CMCSA,4,0.049927059561014175
2025-04-23,CMCSA,5,0.05015311390161514
2025-04-23,CMCSA,6,0.05018896609544754
2025-04-23,CMCSA,7,0.0500398725271225
2025-04-23,CMCSA,8,0.0497160367667675
2025-04-23,CMCSA,9,0.04965682327747345
2025-04-23,CMCSA,10,0.05009796470403671
2025-04-23,CMCSA,11,0.050072140991687775
2025-04-23,CMCSA,12,0.05010553449392319
2025-04-23,CMCSA,13,0.04988390579819679
2025-04-23,CMCSA,14,0.0499359667301178
2025-04-23,CMCSA,15,0.05020425096154213
2025-04-23,CMCSA,16,0.05019526183605194
2025-04-23,CMCSA,17,0.049893107265233994
2025-04-23,CMCSA,18,0.04960101470351219
2025-04-23,CMCSA,19,0.050088830292224884
2025-04-23,CMCSA,20,0.05012541636824608
2025-04-23,COST,1,0.05000424385070801
2025-04-23,COST,2,0.049999773502349854
2025-04-23,COST,3,0.04998639598488808
2025-04-23,COST,4,0.04998842626810074
2025-04-23,COST,5,0.05000478774309158
2025-04-23,COST,6,0.050003279000520706
2025-04-23,COST,7,0.04999725893139839
2025-04-23,COST,8,0.04999194294214249
2025-04-23,COST,9,0.05000175163149834
2025-04-23,COST,10,0.05001562833786011
2025-04-23,COST,11,0.05000464990735054
2025-04-23,COST,12,0.049989860504865646
2025-04-23,COST,13,0.0499979630112648
2025-04-23,COST,14,0.04999266937375069
2025-04-23,COST,15,0.050004180520772934
2025-04-23,COST,16,0.050002362579107285
2025-04-23,COST,17,0.050003644078969955
2025-04-23,COST,18,0.04999284818768501
2025-04-23,COST,19,0.05002075061202049
2025-04-23,COST,20,0.04999760538339615
2025-04-23,INTC,1,0.050179146230220795
2025-04-23,INTC,2,0.04998176544904709
2025-04-23,INTC,3,0.0497773215174675
2025-04-23,INTC,4,0.04983829706907272
2025-04-23,INTC,5,0.05011816322803497
2025-04-23,INTC,6,0.050145212560892105
2025-04-23,INTC,7,0.04995574802160263
2025-04-23,INTC,8,0.04984358325600624
2025-04-23,INTC,9,0.04986263066530228
2025-04-23,INTC,10,0.0501546785235405
2025-04-23,INTC,11,0.05013919994235039
2025-04-23,INTC,12,0.05013451725244522
2025-04-23,INTC,13,0.049922484904527664
2025-04-23,INTC,14,0.0499919056892395
2025-04-23,INTC,15,0.05019594728946686
2025-04-23,INTC,16,0.05018658563494682
2025-04-23,INTC,17,0.04989805072546005
2025-04-23,INTC,18,0.049520451575517654
2025-04-23,INTC,19,0.050055958330631256
2025-04-23,INTC,20,0.05009831488132477
2025-04-23,INTU,1,0.05001067370176315
2025-04-23,INTU,2,0.04999822378158569
2025-04-23,INTU,3,0.04996801167726517
2025-04-23,INTU,4,0.049967728555202484
2025-04-23,INTU,5,0.05000107362866402
2025-04-23,INTU,6,0.05001399293541908
2025-04-23,INTU,7,0.04999586194753647
2025-04-23,INTU,8,0.049978550523519516
2025-04-23,INTU,9,0.04997468739748001
2025-04-23,INTU,10,0.05003289133310318
2025-04-23,INTU,11,0.05001656338572502
2025-04-23,INTU,12,0.049990203231573105
2025-04-23,INTU,13,0.04999961704015732
2025-04-23,INTU,14,0.049984727054834366
2025-04-23,INTU,15,0.050025492906570435
2025-04-23,INTU,16,0.050016578286886215
2025-04-23,INTU,17,0.0500011146068573
2025-04-23,INTU,18,0.049968671053647995
2025-04-23,INTU,19,0.05004463344812393
2025-04-23,INTU,20,0.050010696053504944
2025-04-23,MSFT,1,0.05001399293541908
2025-04-23,MSFT,2,0.05000012367963791
2025-04-23,MSFT,3,0.049960289150476456
2025-04-23,MSFT,4,0.049964599311351776
2025-04-23,MSFT,5,0.05000756308436394
2025-04-23,MSFT,6,0.05001183971762657
2025-04-23,MSFT,7,0.04998985305428505
2025-04-23,MSFT,8,0.04994279891252518
2025-04-23,MSFT,9,0.04994850605726242
2025-04-23,MSFT,10,0.05002883821725845
2025-04-23,MSFT,11,0.050013720989227295
2025-04-23,MSFT,12,0.04999250918626785
2025-04-23,MSFT,13,0.050008151680231094
2025-04-23,MSFT,14,0.049994174391031265
2025-04-23,MSFT,15,0.05003071203827858
2025-04-23,MSFT,16,0.050021301954984665
2025-04-23,MSFT,17,0.05001848563551903
2025-04-23,MSFT,18,0.04998188838362694
2025-04-23,MSFT,19,0.05005306005477905
2025-04-23,MSFT,20,0.0500175915658474
2025-04-23,QCOM,1,0.050063978880643845
2025-04-23,QCOM,2,0.0500018447637558
2025-04-23,QCOM,3,0.04990393668413162
2025-04-23,QCOM,4,0.04992179572582245
2025-04-23,QCOM,5,0.05002906545996666
2025-04-23,QCOM,6,0.05005953088402748
2025-04-23,QCOM,7,0.04998120665550232
2025-04-23,QCOM,8,0.0498669371008873
2025-04-23,QCOM,9,0.049873072654008865
2025-04-23,QCOM,10,0.05005268380045891
2025-04-23,QCOM,11,0.050045061856508255
2025-04-23,QCOM,12,0.050029974430799484
2025-04-23,QCOM,13,0.04998435080051422
2025-04-23,QCOM,14,0.0500032901763916
2025-04-23,QCOM,15,0.050100311636924744
2025-04-23,QCOM,16,0.05008362606167793
2025-04-23,QCOM,17,0.04999620467424393
2025-04-23,QCOM,18,0.049877315759658813
2025-04-23,QCOM,19,0.050070859491825104
2025-04-23,QCOM,20,0.050054945051670074
2025-04-23,SBUX,1,0.050069041550159454
2025-04-23,SBUX,2,0.05003545433282852
2025-04-23,SBUX,3,0.04997885227203369
2025-04-23,SBUX,4,0.04998721927404404
2025-04-23,SBUX,5,0.050062570720911026
2025-04-23,SBUX,6,0.05007840320467949
2025-04-23,SBUX,7,0.05004000663757324
2025-04-23,SBUX,8,0.04994567483663559
2025-04-23,SBUX,9,0.049918994307518005
2025-04-23,SBUX,10,0.05005587264895439
2025-04-23,SBUX,11,0.050036411732435226
2025-04-23,SBUX,12,0.0500369593501091
2025-04-23,SBUX,13,0.049926917999982834
2025-04-23,SBUX,14,0.049964189529418945
2025-04-23,SBUX,15,0.050085145980119705
2025-04-23,SBUX,16,0.0500769279897213
2025-04-23,SBUX,17,0.04990313947200775
2025-04-23,SBUX,18,0.04973873496055603
2025-04-23,SBUX,19,0.050023868680000305
2025-04-23,SBUX,20,0.050035521388053894
2025-04-24,AAPL,1,0.05001412332057953
2025-04-24,AAPL,2,0.050007015466690063
2025-04-24,AAPL,3,0.05000493675470352
2025-04-24,AAPL,4,0.05001949146389961
2025-04-24,AAPL,5,0.050028227269649506
2025-04-24,AAPL,6,0.05001369118690491
2025-04-24,AAPL,7,0.04996689781546593
2025-04-24,AAPL,8,0.04994671791791916
2025-04-24,AAPL,9,0.05000777915120125
2025-04-24,AAPL,10,0.049956005066633224
2025-04-24,AAPL,11,0.050010908395051956
2025-04-24,AAPL,12,0.04997004196047783
2025-04-24,AAPL,13,0.05000485107302666
2025-04-24,AAPL,14,0.05003407970070839
2025-04-24,AAPL,15,0.05002401024103165
2025-04-24,AAPL,16,0.0499795563519001
2025-04-24,AAPL,17,0.04997106269001961
2025-04-24,AAPL,18,0.05002909526228905
2025-04-24,AAPL,19,0.05001593008637428
2025-04-24,AAPL,20,0.049995582550764084
2025-04-24,ADBE,1,0.050113264471292496
2025-04-24,ADBE,2,0.0500013493001461
2025-04-24,ADBE,3,0.05006229132413864
2025-04-24,ADBE,4,0.050155047327280045
2025-04-24,ADBE,5,0.05016540363430977
2025-04-24,ADBE,6,0.05003893002867699
2025-04-24,ADBE,7,0.049813345074653625
2025-04-24,ADBE,8,0.04989537224173546
2025-04-24,ADBE,9,0.050125427544116974
2025-04-24,ADBE,10,0.05009596422314644
2025-04-24,ADBE,11,0.05009498819708824
2025-04-24,ADBE,12,0.049792591482400894
2025-04-24,ADBE,13,0.04994901269674301
2025-04-24,ADBE,14,0.05015450716018677
2025-04-24,ADBE,15,0.0501236617565155
2025-04-24,ADBE,16,0.04981222003698349
2025-04-24,ADBE,17,0.04962597042322159
2025-04-24,ADBE,18,0.05006500333547592
2025-04-24,ADBE,19,0.050081271678209305
2025-04-24,ADBE,20,0.04983445256948471
2025-04-24,AMD,1,0.050071630626916885
2025-04-24,AMD,2,0.04989875108003616
2025-04-24,AMD,3,0.049981556832790375
2025-04-24,AMD,4,0.05008632689714432
2025-04-24,AMD,5,0.050138309597969055
2025-04-24,AMD,6,0.04996268078684807
2025-04-24,AMD,7,0.049597181379795074
2025-04-24,AMD,8,0.0497138686478138
2025-04-24,AMD,9,0.05008336529135704
2025-04-24,AMD,10,0.04997211694717407
2025-04-24,AMD,11,0.05017097294330597
2025-04-24,AMD,12,0.04991241544485092
2025-04-24,AMD,13,0.050106849521398544
2025-04-24,AMD,14,0.050230082124471664
2025-04-24,AMD,15,0.05019982531666756
2025-04-24,AMD,16,0.04993172362446785
2025-04-24,AMD,17,0.049760852009058
2025-04-24,AMD,18,0.05013289675116539
2025-04-24,AMD,19,0.05009092018008232
2025-04-24,AMD,20,0.04995758458971977
2025-04-24,CMCSA,1,0.05012158304452896
2025-04-24,CMCSA,2,0.05000394582748413
2025-04-24,CMCSA,3,0.050036657601594925
2025-04-24,CMCSA,4,0.05016079172492027
2025-04-24,CMCSA,5,0.05018017441034317
2025-04-24,CMCSA,6,0.05005396157503128
2025-04-24,CMCSA,7,0.04980793222784996
2025-04-24,CMCSA,8,0.049693524837493896
2025-04-24,CMCSA,9,0.050082288682460785
2025-04-24,CMCSA,10,0.04999133571982384
2025-04-24,CMCSA,11,0.05011405795812607
2025-04-24,CMCSA,12,0.049834609031677246
2025-04-24,CMCSA,13,0.049966901540756226
2025-04-24,CMCSA,14,0.050180744379758835
2025-04-24,CMCSA,15,0.05015308037400246
2025-04-24,CMCSA,16,0.049840010702610016
2025-04-24,CMCSA,17,0.0496937558054924
2025-04-24,CMCSA,18,0.05007511377334595
2025-04-24,CMCSA,19,0.05009787529706955
2025-04-24,CMCSA,20,0.049911681562662125
2025-04-24,COST,1,0.049995169043540955
2025-04-24,COST,2,0.04999349266290665
2025-04-24,COST,3,0.04999331012368202
2025-04-24,COST,4,0.049997154623270035
2025-04-24,COST,5,0.050000373274087906
2025-04-24,COST,6,0.04999547451734543
2025-04-24,COST,7,0.04999404028058052
2025-04-24,COST,8,0.049993932247161865
2025-04-24,COST,9,0.05000731348991394
2025-04-24,COST,10,0.05000027269124985
2025-04-24,COST,11,0.04999981448054314
2025-04-24,COST,12,0.050000544637441635
2025-04-24,COST,13,0.05000028759241104
2025-04-24,COST,14,0.05000742897391319
2025-04-24,COST,15,0.050004106014966965
2025-04-24,COST,16,0.050000060349702835
2025-04-24,COST,17,0.050000954419374466
2025-04-24,COST,18,0.050011731684207916
2025-04-24,COST,19,0.05000321939587593
2025-04-24,COST,20,0.050001345574855804
2025-04-24,INTC,1,0.05002066120505333
2025-04-24,INTC,2,0.04990071430802345
2025-04-24,INTC,3,0.04995696246623993
2025-04-24,INTC,4,0.050104543566703796
2025-04-24,INTC,5,0.05011497437953949
2025-04-24,INTC,6,0.04996408149600029
2025-04-24,INTC,7,0.049884580075740814
2025-04-24,INTC,8,0.049885451793670654
2025-04-24,INTC,9,0.05013715475797653
2025-04-24,INTC,10,0.050063423812389374
2025-04-24,INTC,11,0.05014318972826004
2025-04-24,INTC,12,0.04988829419016838
2025-04-24,INTC,13,0.05001469701528549
2025-04-24,INTC,14,0.05017659813165665
2025-04-24,INTC,15,0.05013098567724228
2025-04-24,INTC,16,0.04987026005983353
2025-04-24,INTC,17,0.049626320600509644
2025-04-24,INTC,18,0.050072453916072845
2025-04-24,INTC,19,0.050081562250852585
2025-04-24,INTC,20,0.04996304214000702
2025-04-24,INTU,1,0.04999975487589836
2025-04-24,INTU,2,0.04999618977308273
2025-04-24,INTU,3,0.04999300092458725
2025-04-24,INTU,4,0.050003957003355026
2025-04-24,INTU,5,0.05001188442111015
2025-04-24,INTU,6,0.0499994270503521
2025-04-24,INTU,7,0.04998350888490677
2025-04-24,INTU,8,0.04997196048498154
2025-04-24,INTU,9,0.050018418580293655
2025-04-24,INTU,10,0.04999183118343353
2025-04-24,INTU,11,0.050003889948129654
2025-04-24,INTU,12,0.04999228194355965
2025-04-24,INTU,13,0.04999961704015732
2025-04-24,INTU,14,0.050023432821035385
2025-04-24,INTU,15,0.05001306161284447
2025-04-24,INTU,16,0.049991756677627563
2025-04-24,INTU,17,0.04997975006699562
2025-04-24,INTU,18,0.05002481862902641
2025-04-24,INTU,19,0.050007034093141556
2025-04-24,INTU,20,0.04999442771077156
2025-04-24,MSFT,1,0.05000298470258713
2025-04-24,MSFT,2,0.049994029104709625
2025-04-24,MSFT,3,0.049990538507699966
2025-04-24,MSFT,4,0.04999677836894989
2025-04-24,MSFT,5,0.05001294985413551
2025-04-24,MSFT,6,0.049989454448223114
2025-04-24,MSFT,7,0.04995806887745857
2025-04-24,MSFT,8,0.04995552450418472
2025-04-24,MSFT,9,0.05001406371593475
2025-04-24,MSFT,10,0.049991581588983536
2025-04-24,MSFT,11,0.05001408979296684
2025-04-24,MSFT,12,0.05000326409935951
2025-04-24,MSFT,13,0.05001216009259224
2025-04-24,MSFT,14,0.05003076046705246
2025-04-24,MSFT,15,0.05002149939537048
2025-04-24,MSFT,16,0.049994755536317825
2025-04-24,MSFT,17,0.04998103901743889
2025-04-24,MSFT,18,0.05002721771597862
2025-04-24,MSFT,19,0.05001142993569374
2025-04-24,MSFT,20,0.04999780282378197
2025-04-24,QCOM,1,0.050026342272758484
2025-04-24,QCOM,2,0.049985069781541824
2025-04-24,QCOM,3,0.04999316483736038
2025-04-24,QCOM,4,0.05003654956817627
2025-04-24,QCOM,5,0.0500556044280529
2025-04-24,QCOM,6,0.050000328570604324
2025-04-24,QCOM,7,0.04986784607172012
2025-04-24,QCOM,8,0.049873191863298416
2025-04-24,QCOM,9,0.05004248395562172
2025-04-24,QCOM,10,0.04999160021543503
2025-04-24,QCOM,11,0.05005194619297981
2025-04-24,QCOM,12,0.049953628331422806
2025-04-24,QCOM,13,0.05002585053443909
2025-04-24,QCOM,14,0.05008351802825928
2025-04-24,QCOM,15,0.05006125196814537
2025-04-24,QCOM,16,0.04996802285313606
2025-04-24,QCOM,17,0.049912407994270325
2025-04-24,QCOM,18,0.05005812644958496
2025-04-24,QCOM,19,0.050039008259773254
2025-04-24,QCOM,20,0.049974046647548676
2025-04-24,SBUX,1,0.05005061998963356
2025-04-24,SBUX,2,0.05003093555569649
2025-04-24,SBUX,3,0.050037555396556854
2025-04-24,SBUX,4,0.05005376785993576
2025-04-24,SBUX,5,0.0500686950981617
2025-04-24,SBUX,6,0.050046518445014954
2025-04-24,SBUX,7,0.04997388273477554
2025-04-24,SBUX,8,0.04995880275964737
2025-04-24,SBUX,9,0.05004480481147766
2025-04-24,SBUX,10,0.050011709332466125
2025-04-24,SBUX,11,0.050031691789627075
2025-04-24,SBUX,12,0.04994688183069229
2025-04-24,SBUX,13,0.049993012100458145
2025-04-24,SBUX,14,0.05006415396928787
2025-04-24,SBUX,15,0.0500355027616024
2025-04-24,SBUX,16,0.04989772289991379
2025-04-24,SBUX,17,0.04982306808233261
2025-04-24,SBUX,18,0.05001626908779144
2025-04-24,SBUX,19,0.05000115931034088
2025-04-24,SBUX,20,0.049913208931684494
2025-04-25,AAPL,1,0.05001059174537659
2025-04-25,AAPL,2,0.05000638961791992
2025-04-25,AAPL,3,0.05002079904079437
2025-04-25,AAPL,4,0.05002954602241516
2025-04-25,AAPL,5,0.05001499503850937
2025-04-25,AAPL,6,0.049968115985393524
2025-04-25,AAPL,7,0.04994788393378258
2025-04-25,AAPL,8,0.050009045749902725
2025-04-25,AAPL,9,0.04995720461010933
2025-04-25,AAPL,10,0.05001216009259224
2025-04-25,AAPL,11,0.04997118189930916
2025-04-25,AAPL,12,0.05000607669353485
2025-04-25,AAPL,13,0.05003538727760315
2025-04-25,AAPL,14,0.050025299191474915
2025-04-25,AAPL,15,0.049980729818344116
2025-04-25,AAPL,16,0.04997218772768974
2025-04-25,AAPL,17,0.05003038048744202
2025-04-25,AAPL,18,0.05001719668507576
2025-04-25,AAPL,19,0.049996793270111084
2025-04-25,AAPL,20,0.04998794198036194
2025-04-25,ADBE,1,0.05005081743001938
2025-04-25,ADBE,2,0.050083745270967484
2025-04-25,ADBE,3,0.050173576921224594
2025-04-25,ADBE,4,0.05018375813961029
2025-04-25,ADBE,5,0.050057221204042435
2025-04-25,ADBE,6,0.04983155056834221
2025-04-25,ADBE,7,0.04991360753774643
2025-04-25,ADBE,8,0.05014374479651451
2025-04-25,ADBE,9,0.05011427029967308
2025-04-25,ADBE,10,0.05011329427361488
2025-04-25,ADBE,11,0.04981078952550888
2025-04-25,ADBE,12,0.049967266619205475
2025-04-25,ADBE,13,0.0501728355884552
2025-04-25,ADBE,14,0.05014197528362274
2025-04-25,ADBE,15,0.049830421805381775
2025-04-25,ADBE,16,0.0496441088616848
2025-04-25,ADBE,17,0.05008330196142197
2025-04-25,ADBE,18,0.05009957402944565
2025-04-25,ADBE,19,0.04985266551375389
2025-04-25,ADBE,20,0.049731478095054626
2025-04-25,AMD,1,0.049947481602430344
2025-04-25,AMD,2,0.04999479651451111
2025-04-25,AMD,3,0.050095777958631516
2025-04-25,AMD,4,0.05014754831790924
2025-04-25,AMD,5,0.04997185617685318
2025-04-25,AMD,6,0.049606285989284515
2025-04-25,AMD,7,0.04972299933433533
2025-04-25,AMD,8,0.050092559307813644
2025-04-25,AMD,9,0.049981292337179184
2025-04-25,AMD,10,0.05018018186092377
2025-04-25,AMD,11,0.04992157593369484
2025-04-25,AMD,12,0.050116050988435745
2025-04-25,AMD,13,0.050239305943250656
2025-04-25,AMD,14,0.05020904168486595
2025-04-25,AMD,15,0.049940891563892365
2025-04-25,AMD,16,0.04976998642086983
2025-04-25,AMD,17,0.05014210194349289
2025-04-25,AMD,18,0.050100117921829224
2025-04-25,AMD,19,0.049966756254434586
2025-04-25,AMD,20,0.049853358417749405
2025-04-25,CMCSA,1,0.05006090924143791
2025-04-25,CMCSA,2,0.05006862059235573
2025-04-25,CMCSA,3,0.05018727853894234
2025-04-25,CMCSA,4,0.05020631104707718
2025-04-25,CMCSA,5,0.05008227005600929
2025-04-25,CMCSA,6,0.049841154366731644
2025-04-25,CMCSA,7,0.049728475511074066
2025-04-25,CMCSA,8,0.05011046305298805
2025-04-25,CMCSA,9,0.050020284950733185
2025-04-25,CMCSA,10,0.0501413531601429
2025-04-25,CMCSA,11,0.04986751452088356
2025-04-25,CMCSA,12,0.04999730363488197
2025-04-25,CMCSA,13,0.050207339227199554
2025-04-25,CMCSA,14,0.05017970874905586
2025-04-25,CMCSA,15,0.04987231269478798
2025-04-25,CMCSA,16,0.04972999542951584
2025-04-25,CMCSA,17,0.05010412633419037
2025-04-25,CMCSA,18,0.05012558773159981
2025-04-25,CMCSA,19,0.04994295910000801
2025-04-25,CMCSA,20,0.04952612891793251
2025-04-25,COST,1,0.049993954598903656
2025-04-25,COST,2,0.04999300092458725
2025-04-25,COST,3,0.04999680072069168
2025-04-25,COST,4,0.05000001937150955
2025-04-25,COST,5,0.049995120614767075
2025-04-25,COST,6,0.04999368637800217
2025-04-25,COST,7,0.04999357834458351
2025-04-25,COST,8,0.050006963312625885
2025-04-25,COST,9,0.04999992251396179
2025-04-25,COST,10,0.04999946057796478
2025-04-25,COST,11,0.05000019073486328
2025-04-25,COST,12,0.04999993368983269
2025-04-25,COST,13,0.05000707507133484
2025-04-25,COST,14,0.05000375583767891
2025-04-25,COST,15,0.04999970644712448
2025-04-25,COST,16,0.05000060051679611
2025-04-25,COST,17,0.05001138150691986
2025-04-25,COST,18,0.05000286549329758
2025-04-25,COST,19,0.05000099539756775
2025-04-25,COST,20,0.05000106990337372
2025-04-25,INTC,1,0.049945734441280365
2025-04-25,INTC,2,0.04996667429804802
2025-04-25,INTC,3,0.05011040344834328
2025-04-25,INTC,4,0.05012065917253494
2025-04-25,INTC,5,0.04996972531080246
2025-04-25,INTC,6,0.04989021271467209
2025-04-25,INTC,7,0.04989108443260193
2025-04-25,INTC,8,0.050142817199230194
2025-04-25,INTC,9,0.05006907880306244
2025-04-25,INTC,10,0.0501488521695137
2025-04-25,INTC,11,0.049893930554389954
2025-04-25,INTC,12,0.05002034455537796
2025-04-25,INTC,13,0.05018226429820061
2025-04-25,INTC,14,0.05013664811849594
2025-04-25,INTC,15,0.0498758926987648
2025-04-25,INTC,16,0.04963192343711853
2025-04-25,INTC,17,0.05007810890674591
2025-04-25,INTC,18,0.05008721724152565
2025-04-25,INTC,19,0.04996868595480919
2025-04-25,INTC,20,0.04986965283751488
2025-04-25,INTU,1,0.04999825358390808
2025-04-25,INTU,2,0.04999309405684471
2025-04-25,INTU,3,0.05000390484929085
2025-04-25,INTU,4,0.05001182481646538
2025-04-25,INTU,5,0.04999937117099762
2025-04-25,INTU,6,0.04998345300555229
2025-04-25,INTU,7,0.04997190460562706
2025-04-25,INTU,8,0.05001836270093918
2025-04-25,INTU,9,0.049991775304079056
2025-04-25,INTU,10,0.05000383034348488
2025-04-25,INTU,11,0.04999222233891487
2025-04-25,INTU,12,0.04999955743551254
2025-04-25,INTU,13,0.05002337694168091
2025-04-25,INTU,14,0.05001300200819969
2025-04-25,INTU,15,0.04999169707298279
2025-04-25,INTU,16,0.049979690462350845
2025-04-25,INTU,17,0.05002475902438164
2025-04-25,INTU,18,0.05000697821378708
2025-04-25,INTU,19,0.049994371831417084
2025-04-25,INTU,20,0.049998436123132706
2025-04-25,MSFT,1,0.049996647983789444
2025-04-25,MSFT,2,0.04999065026640892
2025-04-25,MSFT,3,0.04999678581953049
2025-04-25,MSFT,4,0.05001315847039223
2025-04-25,MSFT,5,0.04998951032757759
2025-04-25,MSFT,6,0.04995777830481529
2025-04-25,MSFT,7,0.04995505139231682
2025-04-25,MSFT,8,0.05001424625515938
2025-04-25,MSFT,9,0.04999161884188652
2025-04-25,MSFT,10,0.05001414939761162
2025-04-25,MSFT,11,0.05000300705432892
2025-04-25,MSFT,12,0.05001212656497955
2025-04-25,MSFT,13,0.05003117769956589
2025-04-25,MSFT,14,0.05002174153923988
2025-04-25,MSFT,15,0.0499943345785141
2025-04-25,MSFT,16,0.04998011514544487
2025-04-25,MSFT,17,0.05002743378281593
2025-04-25,MSFT,18,0.05001138523221016
2025-04-25,MSFT,19,0.049997393041849136
2025-04-25,MSFT,20,0.05000169947743416
2025-04-25,QCOM,1,0.04999794438481331
2025-04-25,QCOM,2,0.049996864050626755
2025-04-25,QCOM,3,0.0500396303832531
2025-04-25,QCOM,4,0.05005880817770958
2025-04-25,QCOM,5,0.05000334233045578
2025-04-25,QCOM,6,0.04986921697854996
2025-04-25,QCOM,7,0.04987400397658348
2025-04-25,QCOM,8,0.05004512146115303
2025-04-25,QCOM,9,0.04999381676316261
2025-04-25,QCOM,10,0.05005437880754471
2025-04-25,QCOM,11,0.04995391517877579
2025-04-25,QCOM,12,0.050027523189783096
2025-04-25,QCOM,13,0.050086427479982376
2025-04-25,QCOM,14,0.0500638522207737
2025-04-25,QCOM,15,0.04996873810887337
2025-04-25,QCOM,16,0.04991157725453377
2025-04-25,QCOM,17,0.05006032809615135
2025-04-25,QCOM,18,0.05004109442234039
2025-04-25,QCOM,19,0.04997480288147926
2025-04-25,QCOM,20,0.04997871071100235
2025-04-25,SBUX,1,0.05004651099443436
2025-04-25,SBUX,2,0.050049204379320145
2025-04-25,SBUX,3,0.05006515234708786
2025-04-25,SBUX,4,0.0500800684094429
2025-04-25,SBUX,5,0.05005788803100586
2025-04-25,SBUX,6,0.04998523369431496
2025-04-25,SBUX,7,0.049970149993896484
2025-04-25,SBUX,8,0.05005617067217827
2025-04-25,SBUX,9,0.050023067742586136
2025-04-25,SBUX,10,0.050043053925037384
2025-04-25,SBUX,11,0.049958229064941406
2025-04-25,SBUX,12,0.05000436678528786
2025-04-25,SBUX,13,0.05007552728056908
2025-04-25,SBUX,14,0.05004686862230301
2025-04-25,SBUX,15,0.04990905895829201
2025-04-25,SBUX,16,0.04983438178896904
2025-04-25,SBUX,17,0.05002762749791145
2025-04-25,SBUX,18,0.05001251772046089
2025-04-25,SBUX,19,0.04992454871535301
2025-04-25,SBUX,20,0.04983034357428551
2025-04-28,AAPL,1,0.05000850558280945
2025-04-28,AAPL,2,0.050021156668663025
2025-04-28,AAPL,3,0.05002984777092934
2025-04-28,AAPL,4,0.050015293061733246
2025-04-28,AAPL,5,0.0499684177339077
2025-04-28,AAPL,6,0.04994818568229675
2025-04-28,AAPL,7,0.0500093437731266
2025-04-28,AAPL,8,0.049957506358623505
2025-04-28,AAPL,9,0.050012461841106415
2025-04-28,AAPL,10,0.049971479922533035
2025-04-28,AAPL,11,0.050006378442049026
2025-04-28,AAPL,12,0.050035689026117325
2025-04-28,AAPL,13,0.05002560093998909
2025-04-28,AAPL,14,0.04998103156685829
2025-04-28,AAPL,15,0.04997248947620392
2025-04-28,AAPL,16,0.05003068223595619
2025-04-28,AAPL,17,0.05001749470829964
2025-04-28,AAPL,18,0.04999709501862526
2025-04-28,AAPL,19,0.049988240003585815
2025-04-28,AAPL,20,0.050003014504909515
2025-04-28,ADBE,1,0.05011264234781265
2025-04-28,ADBE,2,0.050179336220026016
2025-04-28,ADBE,3,0.05018812045454979
2025-04-28,ADBE,4,0.050061408430337906
2025-04-28,ADBE,5,0.0498356893658638
2025-04-28,ADBE,6,0.04991775006055832
2025-04-28,ADBE,7,0.05014790967106819
2025-04-28,ADBE,8,0.05011843144893646
2025-04-28,ADBE,9,0.050117455422878265
2025-04-28,ADBE,10,0.04981492459774017
2025-04-28,ADBE,11,0.04997141286730766
2025-04-28,ADBE,12,0.05017700046300888
2025-04-28,ADBE,13,0.05014614015817642
2025-04-28,ADBE,14,0.049834560602903366
2025-04-28,ADBE,15,0.0496482290327549
2025-04-28,ADBE,16,0.05008745566010475
2025-04-28,ADBE,17,0.05010373145341873
2025-04-28,ADBE,18,0.04985680431127548
2025-04-28,ADBE,19,0.04973560571670532
2025-04-28,ADBE,20,0.049945373088121414
2025-04-28,AMD,1,0.05002294108271599
2025-04-28,AMD,2,0.05009349063038826
2025-04-28,AMD,3,0.050143297761678696
2025-04-28,AMD,4,0.04996739327907562
2025-04-28,AMD,5,0.04960182309150696
2025-04-28,AMD,6,0.04971851781010628
2025-04-28,AMD,7,0.05008804425597191
2025-04-28,AMD,8,0.049976784735918045
2025-04-28,AMD,9,0.050175659358501434
2025-04-28,AMD,10,0.0499170757830143
2025-04-28,AMD,11,0.05011153221130371
2025-04-28,AMD,12,0.050234775990247726
2025-04-28,AMD,13,0.05020451173186302
2025-04-28,AMD,14,0.049936387687921524
2025-04-28,AMD,15,0.04976550117135048
2025-04-28,AMD,16,0.05013757944107056
2025-04-28,AMD,17,0.05009560286998749
2025-04-28,AMD,18,0.049962252378463745
2025-04-28,AMD,19,0.04984886571764946
2025-04-28,AMD,20,0.049998022615909576
2025-04-28,CMCSA,1,0.050097379833459854
2025-04-28,CMCSA,2,0.050192512571811676
2025-04-28,CMCSA,3,0.05021054297685623
2025-04-28,CMCSA,4,0.05008752644062042
2025-04-28,CMCSA,5,0.04984883964061737
2025-04-28,CMCSA,6,0.0497361458837986
2025-04-28,CMCSA,7,0.05011538416147232
2025-04-28,CMCSA,8,0.05002555251121521
2025-04-28,CMCSA,9,0.05014544725418091
2025-04-28,CMCSA,10,0.049873415380716324
2025-04-28,CMCSA,11,0.05000222846865654
2025-04-28,CMCSA,12,0.05021123215556145
2025-04-28,CMCSA,13,0.050183579325675964
2025-04-28,CMCSA,14,0.049878064543008804
2025-04-28,CMCSA,15,0.04973693564534187
2025-04-28,CMCSA,16,0.05010884255170822
2025-04-28,CMCSA,17,0.05012974143028259
2025-04-28,CMCSA,18,0.04994829371571541
2025-04-28,CMCSA,19,0.04953432455658913
2025-04-28,CMCSA,20,0.049934085458517075
2025-04-28,COST,1,0.049993135035037994
2025-04-28,COST,2,0.049996454268693924
2025-04-28,COST,3,0.0499996617436409
2025-04-28,COST,4,0.04999476298689842
2025-04-28,COST,5,0.049993328750133514
2025-04-28,COST,6,0.04999322071671486
2025-04-28,COST,7,0.05000660568475723
2025-04-28,COST,8,0.04999956488609314
2025-04-28,COST,9,0.04999910295009613
2025-04-28,COST,10,0.04999983310699463
2025-04-28,COST,11,0.049999576061964035
2025-04-28,COST,12,0.050006717443466187
2025-04-28,COST,13,0.05000339820981026
2025-04-28,COST,14,0.04999934881925583
2025-04-28,COST,15,0.05000024288892746
2025-04-28,COST,16,0.05001102387905121
2025-04-28,COST,17,0.050002507865428925
2025-04-28,COST,18,0.0500006377696991
2025-04-28,COST,19,0.050000712275505066
2025-04-28,COST,20,0.05000024661421776
2025-04-28,INTC,1,0.04999857023358345
2025-04-28,INTC,2,0.050111863762140274
2025-04-28,INTC,3,0.05012056604027748
2025-04-28,INTC,4,0.049969449639320374
2025-04-28,INTC,5,0.04988991096615791
2025-04-28,INTC,6,0.049890778958797455
2025-04-28,INTC,7,0.05014251172542572
2025-04-28,INTC,8,0.050068773329257965
2025-04-28,INTC,9,0.05014854297041893
2025-04-28,INTC,10,0.04989362508058548
2025-04-28,INTC,11,0.050020039081573486
2025-04-28,INTC,12,0.05018195882439613
2025-04-28,INTC,13,0.05013634264469147
2025-04-28,INTC,14,0.04987558722496033
2025-04-28,INTC,15,0.049631621688604355
2025-04-28,INTC,16,0.05007780343294144
2025-04-28,INTC,17,0.050086911767721176
2025-04-28,INTC,18,0.049968380481004715
2025-04-28,INTC,19,0.0498693473637104
2025-04-28,INTC,20,0.04991738870739937
2025-04-28,INTU,1,0.04999407008290291
2025-04-28,INTU,2,0.05000350996851921
2025-04-28,INTU,3,0.05001138895750046
2025-04-28,INTU,4,0.0499989315867424
2025-04-28,INTU,5,0.04998301342129707
2025-04-28,INTU,6,0.04997146502137184
2025-04-28,INTU,7,0.05001792311668396
2025-04-28,INTU,8,0.04999133571982384
2025-04-28,INTU,9,0.05000339075922966
2025-04-28,INTU,10,0.04999178647994995
2025-04-28,INTU,11,0.04999912157654762
2025-04-28,INTU,12,0.05002293735742569
2025-04-28,INTU,13,0.05001256242394447
2025-04-28,INTU,14,0.04999126121401787
2025-04-28,INTU,15,0.049979254603385925
2025-04-28,INTU,16,0.05002431944012642
2025-04-28,INTU,17,0.05000653862953186
2025-04-28,INTU,18,0.049993932247161865
2025-04-28,INTU,19,0.04999799653887749
2025-04-28,INTU,20,0.05000520125031471
2025-04-28,MSFT,1,0.04999208077788353
2025-04-28,MSFT,2,0.04999614879488945
2025-04-28,MSFT,3,0.05001245066523552
2025-04-28,MSFT,4,0.04998878389596939
2025-04-28,MSFT,5,0.04995701089501381
2025-04-28,MSFT,6,0.04995426908135414
2025-04-28,MSFT,7,0.05001353099942207
2025-04-28,MSFT,8,0.04999088868498802
2025-04-28,MSFT,9,0.050013426691293716
2025-04-28,MSFT,10,0.05000224709510803
2025-04-28,MSFT,11,0.05001138895750046
2025-04-28,MSFT,12,0.05003048852086067
2025-04-28,MSFT,13,0.050021033734083176
2025-04-28,MSFT,14,0.04999355599284172
2025-04-28,MSFT,15,0.049979280680418015
2025-04-28,MSFT,16,0.05002672225236893
2025-04-28,MSFT,17,0.050010643899440765
2025-04-28,MSFT,18,0.049996618181467056
2025-04-28,MSFT,19,0.05000092461705208
2025-04-28,MSFT,20,0.05000850185751915
2025-04-28,QCOM,1,0.05000419169664383
2025-04-28,QCOM,2,0.05003885552287102
2025-04-28,QCOM,3,0.05005767568945885
2025-04-28,QCOM,4,0.050002168864011765
2025-04-28,QCOM,5,0.04986796900629997
2025-04-28,QCOM,6,0.04987272620201111
2025-04-28,QCOM,7,0.05004392936825752
2025-04-28,QCOM,8,0.049992602318525314
2025-04-28,QCOM,9,0.05005317181348801
2025-04-28,QCOM,10,0.049952611327171326
2025-04-28,QCOM,11,0.05002628266811371
2025-04-28,QCOM,12,0.050085242837667465
2025-04-28,QCOM,13,0.05006265640258789
2025-04-28,QCOM,14,0.0499674528837204
2025-04-28,QCOM,15,0.049910224974155426
2025-04-28,QCOM,16,0.050059109926223755
2025-04-28,QCOM,17,0.0500398688018322
2025-04-28,QCOM,18,0.04997352138161659
2025-04-28,QCOM,19,0.04997742176055908
2025-04-28,QCOM,20,0.05001221224665642
2025-04-28,SBUX,1,0.05005933716893196
2025-04-28,SBUX,2,0.05007230490446091
2025-04-28,SBUX,3,0.0500870980322361
2025-04-28,SBUX,4,0.05006490275263786
2025-04-28,SBUX,5,0.049992237240076065
2025-04-28,SBUX,6,0.049977149814367294
2025-04-28,SBUX,7,0.05006318911910057
2025-04-28,SBUX,8,0.05003007873892784
2025-04-28,SBUX,9,0.05005006864666939
2025-04-28,SBUX,10,0.049965228885412216
2025-04-28,SBUX,11,0.050011374056339264
2025-04-28,SBUX,12,0.05008254200220108
2025-04-28,SBUX,13,0.050053879618644714
2025-04-28,SBUX,14,0.04991605132818222
2025-04-28,SBUX,15,0.049841366708278656
2025-04-28,SBUX,16,0.05003463849425316
2025-04-28,SBUX,17,0.050019521266222
2025-04-28,SBUX,18,0.049931544810533524
2025-04-28,SBUX,19,0.049837324768304825
2025-04-28,SBUX,20,0.04990995302796364
2025-04-29,AAPL,1,0.050020523369312286
2025-04-29,AAPL,2,0.05002831667661667
2025-04-29,AAPL,3,0.0500137023627758
2025-04-29,AAPL,4,0.049966827034950256
2025-04-29,AAPL,5,0.04994659125804901
2025-04-29,AAPL,6,0.05000774934887886
2025-04-29,AAPL,7,0.049955908209085464
2025-04-29,AAPL,8,0.05001086741685867
2025-04-29,AAPL,9,0.049969885498285294
2025-04-29,AAPL,10,0.050004784017801285
2025-04-29,AAPL,11,0.050034090876579285
2025-04-29,AAPL,12,0.05002400651574135
2025-04-29,AAPL,13,0.04997943341732025
2025-04-29,AAPL,14,0.04997089505195618
2025-04-29,AAPL,15,0.05002908408641815
2025-04-29,AAPL,16,0.050015900284051895
2025-04-29,AAPL,17,0.04999550059437752
2025-04-29,AAPL,18,0.049986645579338074
2025-04-29,AAPL,19,0.050001420080661774
2025-04-29,AAPL,20,0.05003780871629715
2025-04-29,ADBE,1,0.05018997937440872
2025-04-29,ADBE,2,0.05018637701869011
2025-04-29,ADBE,3,0.05005815625190735
2025-04-29,ADBE,4,0.04983222484588623
2025-04-29,ADBE,5,0.04991422966122627
2025-04-29,ADBE,6,0.050144366919994354
2025-04-29,ADBE,7,0.050114892423152924
2025-04-29,ADBE,8,0.05011391267180443
2025-04-29,ADBE,9,0.04981140419840813
2025-04-29,ADBE,10,0.04996788501739502
2025-04-29,ADBE,11,0.05017345771193504
2025-04-29,ADBE,12,0.050142597407102585
2025-04-29,ADBE,13,0.04983104020357132
2025-04-29,ADBE,14,0.04964471980929375
2025-04-29,ADBE,15,0.05008392035961151
2025-04-29,ADBE,16,0.05010019615292549
2025-04-29,ADBE,17,0.049853283911943436
2025-04-29,ADBE,18,0.04973209649324417
2025-04-29,ADBE,19,0.04994184523820877
2025-04-29,ADBE,20,0.05016336962580681
2025-04-29,AMD,1,0.050103623420000076
2025-04-29,AMD,2,0.050136275589466095
2025-04-29,AMD,3,0.04995834082365036
2025-04-29,AMD,4,0.049592506140470505
2025-04-29,AMD,5,0.04970909655094147
2025-04-29,AMD,6,0.05007854849100113
2025-04-29,AMD,7,0.049967311322689056
2025-04-29,AMD,8,0.05016614496707916
2025-04-29,AMD,9,0.049907613545656204
2025-04-29,AMD,10,0.050102028995752335
2025-04-29,AMD,11,0.05022525414824486
2025-04-29,AMD,12,0.05019499734044075
2025-04-29,AMD,13,0.04992692172527313
2025-04-29,AMD,14,0.049756065011024475
2025-04-29,AMD,15,0.05012807622551918
2025-04-29,AMD,16,0.05008610337972641
2025-04-29,AMD,17,0.049952778965234756
2025-04-29,AMD,18,0.04983941465616226
2025-04-29,AMD,19,0.04998854547739029
2025-04-29,AMD,20,0.05018044263124466
2025-04-29,CMCSA,1,0.05019863322377205
2025-04-29,CMCSA,2,0.05020624399185181
2025-04-29,CMCSA,3,0.050083499401807785
2025-04-29,CMCSA,4,0.04984785243868828
2025-04-29,CMCSA,5,0.04973629489541054
2025-04-29,CMCSA,6,0.05011104792356491
2025-04-29,CMCSA,7,0.05002179369330406
2025-04-29,CMCSA,8,0.05014052987098694
2025-04-29,CMCSA,9,0.049872174859046936
2025-04-29,CMCSA,10,0.04999932274222374
2025-04-29,CMCSA,11,0.05020579323172569
2025-04-29,CMCSA,12,0.05017819628119469
2025-04-29,CMCSA,13,0.04987644776701927
2025-04-29,CMCSA,14,0.049737825989723206
2025-04-29,CMCSA,15,0.05010499060153961
2025-04-29,CMCSA,16,0.050125088542699814
2025-04-29,CMCSA,17,0.049945998936891556
2025-04-29,CMCSA,18,0.049537982791662216
2025-04-29,CMCSA,19,0.04993247613310814
2025-04-29,CMCSA,20,0.05013780668377876
2025-04-29,COST,1,0.04999592527747154
2025-04-29,COST,2,0.04999886453151703
2025-04-29,COST,3,0.049993958324193954
2025-04-29,COST,4,0.04999252036213875
2025-04-29,COST,5,0.049992408603429794
2025-04-29,COST,6,0.05000579357147217
2025-04-29,COST,7,0.049998752772808075
2025-04-29,COST,8,0.049998294562101364
2025-04-29,COST,9,0.04999902471899986
2025-04-29,COST,10,0.04999876394867897
2025-04-29,COST,11,0.05000590533018112
2025-04-29,COST,12,0.05000258609652519
2025-04-29,COST,13,0.049998536705970764
2025-04-29,COST,14,0.049999430775642395
2025-04-29,COST,15,0.050010211765766144
2025-04-29,COST,16,0.05000169947743416
2025-04-29,COST,17,0.04999982565641403
2025-04-29,COST,18,0.04999990016222
2025-04-29,COST,19,0.049999434500932693
2025-04-29,COST,20,0.050008248537778854
2025-04-29,INTC,1,0.050120025873184204
2025-04-29,INTC,2,0.05011368170380592
2025-04-29,INTC,3,0.04996069148182869
2025-04-29,INTC,4,0.049880869686603546
2025-04-29,INTC,5,0.0498817041516304
2025-04-29,INTC,6,0.05013338476419449
2025-04-29,INTC,7,0.05005965754389763
2025-04-29,INTC,8,0.0501394160091877
2025-04-29,INTC,9,0.04988454282283783
2025-04-29,INTC,10,0.050010934472084045
2025-04-29,INTC,11,0.050172824412584305
2025-04-29,INTC,12,0.050127215683460236
2025-04-29,INTC,13,0.049866508692502975
2025-04-29,INTC,14,0.049622587859630585
2025-04-29,INTC,15,0.0500686876475811
2025-04-29,INTC,16,0.05007779225707054
2025-04-29,INTC,17,0.04995928332209587
2025-04-29,INTC,18,0.04986026883125305
2025-04-29,INTC,19,0.04990830272436142
2025-04-29,INTC,20,0.05015160143375397
2025-04-29,INTU,1,0.05000261217355728
2025-04-29,INTU,2,0.05000978708267212
2025-04-29,INTU,3,0.049997273832559586
2025-04-29,INTU,4,0.04998135194182396
2025-04-29,INTU,5,0.04996980354189873
2025-04-29,INTU,6,0.05001625791192055
2025-04-29,INTU,7,0.049989670515060425
2025-04-29,INTU,8,0.050001733005046844
2025-04-29,INTU,9,0.04999012500047684
2025-04-29,INTU,10,0.04999746009707451
2025-04-29,INTU,11,0.050021275877952576
2025-04-29,INTU,12,0.05001090466976166
2025-04-29,INTU,13,0.049989599734544754
2025-04-29,INTU,14,0.04997759312391281
2025-04-29,INTU,15,0.050022657960653305
2025-04-29,INTU,16,0.050004877150058746
2025-04-29,INTU,17,0.04999227076768875
2025-04-29,INTU,18,0.04999633505940437
2025-04-29,INTU,19,0.0500035397708416
2025-04-29,INTU,20,0.05002483353018761
2025-04-29,MSFT,1,0.04999565705657005
2025-04-29,MSFT,2,0.05001050606369972
2025-04-29,MSFT,3,0.04998675361275673
2025-04-29,MSFT,4,0.04995497316122055
2025-04-29,MSFT,5,0.04995223134756088
2025-04-29,MSFT,6,0.050011493265628815
2025-04-29,MSFT,7,0.04998885095119476
2025-04-29,MSFT,8,0.05001138523221016
2025-04-29,MSFT,9,0.050000205636024475
2025-04-29,MSFT,10,0.0500093474984169
2025-04-29,MSFT,11,0.050028447061777115
2025-04-29,MSFT,12,0.05001899227499962
2025-04-29,MSFT,13,0.04999151453375816
2025-04-29,MSFT,14,0.04997723922133446
2025-04-29,MSFT,15,0.05002468079328537
2025-04-29,MSFT,16,0.05000860244035721
2025-04-29,MSFT,17,0.0499945767223835
2025-04-29,MSFT,18,0.04999888315796852
2025-04-29,MSFT,19,0.05000646039843559
2025-04-29,MSFT,20,0.05002938210964203
2025-04-29,QCOM,1,0.05003926903009415
2025-04-29,QCOM,2,0.05005378648638725
2025-04-29,QCOM,3,0.04999786615371704
2025-04-29,QCOM,4,0.049863625317811966
2025-04-29,QCOM,5,0.049868375062942505
2025-04-29,QCOM,6,0.05003955960273743
2025-04-29,QCOM,7,0.04998823627829552
2025-04-29,QCOM,8,0.05004880204796791
2025-04-29,QCOM,9,0.049948252737522125
2025-04-29,QCOM,10,0.05002191662788391
2025-04-29,QCOM,11,0.05008086934685707
2025-04-29,QCOM,12,0.050058286637067795
2025-04-29,QCOM,13,0.0499630942940712
2025-04-29,QCOM,14,0.049905870109796524
2025-04-29,QCOM,15,0.05005474388599396
2025-04-29,QCOM,16,0.0500355064868927
2025-04-29,QCOM,17,0.04996916279196739
2025-04-29,QCOM,18,0.04997305944561958
2025-04-29,QCOM,19,0.05000784620642662
2025-04-29,QCOM,20,0.05008178576827049
2025-04-29,SBUX,1,0.0500749871134758
2025-04-29,SBUX,2,0.05008793994784355
2025-04-29,SBUX,3,0.05006561055779457
2025-04-29,SBUX,4,0.04999293386936188
2025-04-29,SBUX,5,0.04997784644365311
2025-04-29,SBUX,6,0.050063882023096085
2025-04-29,SBUX,7,0.050030771642923355
2025-04-29,SBUX,8,0.0500507615506649
2025-04-29,SBUX,9,0.04996592178940773
2025-04-29,SBUX,10,0.05001206696033478
2025-04-29,SBUX,11,0.05008323863148689
2025-04-29,SBUX,12,0.05005457624793053
2025-04-29,SBUX,13,0.049916744232177734
2025-04-29,SBUX,14,0.04984205961227417
2025-04-29,SBUX,15,0.05003533139824867
2025-04-29,SBUX,16,0.05002021789550781
2025-04-29,SBUX,17,0.04993223398923874
2025-04-29,SBUX,18,0.04983801767230034
2025-04-29,SBUX,19,0.04991064593195915
2025-04-29,SBUX,20,0.05004414916038513
2025-04-30,AAPL,1,0.050029292702674866
2025-04-30,AAPL,2,0.050013601779937744
2025-04-30,AAPL,3,0.049966633319854736
2025-04-30,AAPL,4,0.049946386367082596
2025-04-30,AAPL,5,0.050007544457912445
2025-04-30,AAPL,6,0.04995570331811905
2025-04-30,AAPL,7,0.05001066252589226
2025-04-30,AAPL,8,0.04996968060731888
2025-04-30,AAPL,9,0.05000457912683487
2025-04-30,AAPL,10,0.05003388598561287
2025-04-30,AAPL,11,0.05002380162477493
2025-04-30,AAPL,12,0.049979228526353836
2025-04-30,AAPL,13,0.04997069016098976
2025-04-30,AAPL,14,0.050028879195451736
2025-04-30,AAPL,15,0.05001569539308548
2025-04-30,AAPL,16,0.049995291978120804
2025-04-30,AAPL,17,0.04998644068837166
2025-04-30,AAPL,18,0.05000121518969536
2025-04-30,AAPL,19,0.050037603825330734
2025-04-30,AAPL,20,0.050023216754198074
2025-04-30,ADBE,1,0.050205048173666
2025-04-30,ADBE,2,0.050062183290719986
2025-04-30,ADBE,3,0.04983397200703621
2025-04-30,ADBE,4,0.04991552606225014
2025-04-30,ADBE,5,0.05014563724398613
2025-04-30,ADBE,6,0.0501161552965641
2025-04-30,ADBE,7,0.050115182995796204
2025-04-30,ADBE,8,0.04981266334652901
2025-04-30,ADBE,9,0.0499691478908062
2025-04-30,ADBE,10,0.05017472431063652
2025-04-30,ADBE,11,0.05014386400580406
2025-04-30,ADBE,12,0.0498322993516922
2025-04-30,ADBE,13,0.04964597523212433
2025-04-30,ADBE,14,0.05008518695831299
2025-04-30,ADBE,15,0.05010146275162697
2025-04-30,ADBE,16,0.049854543060064316
2025-04-30,ADBE,17,0.04973335191607475
2025-04-30,ADBE,18,0.04994310811161995
2025-04-30,ADBE,19,0.050164639949798584
2025-04-30,ADBE,20,0.050145264714956284
2025-04-30,AMD,1,0.05015597864985466
2025-04-30,AMD,2,0.049958545714616776
2025-04-30,AMD,3,0.04958958178758621
2025-04-30,AMD,4,0.04970546066761017
2025-04-30,AMD,5,0.050074830651283264
2025-04-30,AMD,6,0.04996360093355179
2025-04-30,AMD,7,0.0501624271273613
2025-04-30,AMD,8,0.04990391433238983
2025-04-30,AMD,9,0.05009831488132477
2025-04-30,AMD,10,0.050221528857946396
2025-04-30,AMD,11,0.05019127577543259
2025-04-30,AMD,12,0.04992322251200676
2025-04-30,AMD,13,0.049752376973629
2025-04-30,AMD,14,0.050124358385801315
2025-04-30,AMD,15,0.05008238926529884
2025-04-30,AMD,16,0.049949076026678085
2025-04-30,AMD,17,0.04983571916818619
2025-04-30,AMD,18,0.04998483881354332
2025-04-30,AMD,19,0.050176721066236496
2025-04-30,AMD,20,0.05014581233263016
2025-04-30,CMCSA,1,0.05022062733769417
2025-04-30,CMCSA,2,0.05008791387081146
2025-04-30,CMCSA,3,0.04985341802239418
2025-04-30,CMCSA,4,0.049742572009563446
2025-04-30,CMCSA,5,0.05011330544948578
2025-04-30,CMCSA,6,0.05002458021044731
2025-04-30,CMCSA,7,0.05014221370220184
2025-04-30,CMCSA,8,0.04987716302275658
2025-04-30,CMCSA,9,0.0500028096139431
2025-04-30,CMCSA,10,0.05020705610513687
2025-04-30,CMCSA,11,0.05017949640750885
2025-04-30,CMCSA,12,0.04988114535808563
2025-04-30,CMCSA,13,0.04974474012851715
2025-04-30,CMCSA,14,0.050107717514038086
2025-04-30,CMCSA,15,0.0501270517706871
2025-04-30,CMCSA,16,0.04995007440447807
2025-04-30,CMCSA,17,0.04954738914966583
2025-04-30,CMCSA,18,0.04993712902069092
2025-04-30,CMCSA,19,0.0501401461660862
2025-04-30,CMCSA,20,0.050113435834646225
2025-04-30,COST,1,0.04999890923500061
2025-04-30,COST,2,0.04999365285038948
2025-04-30,COST,3,0.049992192536592484
2025-04-30,COST,4,0.04999208077788353
2025-04-30,COST,5,0.0500054657459259
2025-04-30,COST,6,0.04999842494726181
2025-04-30,COST,7,0.0499979630112648
2025-04-30,COST,8,0.0499986931681633
2025-04-30,COST,9,0.049998436123132706
2025-04-30,COST,10,0.05000557750463486
2025-04-30,COST,11,0.05000225827097893
2025-04-30,COST,12,0.0499982088804245
2025-04-30,COST,13,0.04999910295009613
2025-04-30,COST,14,0.05000988021492958
2025-04-30,COST,15,0.050001367926597595
2025-04-30,COST,16,0.04999949783086777
2025-04-30,COST,17,0.04999957233667374
2025-04-30,COST,18,0.04999910667538643
2025-04-30,COST,19,0.05000791698694229
2025-04-30,COST,20,0.05000176653265953
2025-04-30,INTC,1,0.05013301223516464
2025-04-30,INTC,2,0.049962569028139114
2025-04-30,INTC,3,0.04988004267215729
2025-04-30,INTC,4,0.04988054186105728
2025-04-30,INTC,5,0.05013219639658928
2025-04-30,INTC,6,0.050058476626873016
2025-04-30,INTC,7,0.05013822764158249
2025-04-30,INTC,8,0.04988336190581322
2025-04-30,INTC,9,0.05000975355505943
2025-04-30,INTC,10,0.050171639770269394
2025-04-30,INTC,11,0.050126031041145325
2025-04-30,INTC,12,0.04986533150076866
2025-04-30,INTC,13,0.04962141439318657
2025-04-30,INTC,14,0.05006750300526619
2025-04-30,INTC,15,0.05007661134004593
2025-04-30,INTC,16,0.04995810240507126
2025-04-30,INTC,17,0.04985909163951874
2025-04-30,INTC,18,0.04990712180733681
2025-04-30,INTC,19,0.050150416791439056
2025-04-30,INTC,20,0.0501185804605484
2025-04-30,INTU,1,0.050010282546281815
2025-04-30,INTU,2,0.04999677464365959
2025-04-30,INTU,3,0.0499807670712471
2025-04-30,INTU,4,0.049969207495450974
2025-04-30,INTU,5,0.05001566559076309
2025-04-30,INTU,6,0.04998907446861267
2025-04-30,INTU,7,0.05000113695859909
2025-04-30,INTU,8,0.04998952895402908
2025-04-30,INTU,9,0.049996864050626755
2025-04-30,INTU,10,0.05002067983150482
2025-04-30,INTU,11,0.050010308623313904
2025-04-30,INTU,12,0.049989003688097
2025-04-30,INTU,13,0.04997699707746506
2025-04-30,INTU,14,0.05002206191420555
2025-04-30,INTU,15,0.05000428110361099
2025-04-30,INTU,16,0.049991674721241
2025-04-30,INTU,17,0.04999573901295662
2025-04-30,INTU,18,0.050002943724393845
2025-04-30,INTU,19,0.050024233758449554
2025-04-30,INTU,20,0.0500127449631691
2025-04-30,MSFT,1,0.05001102387905121
2025-04-30,MSFT,2,0.049985699355602264
2025-04-30,MSFT,3,0.04995373263955116
2025-04-30,MSFT,4,0.049950964748859406
2025-04-30,MSFT,5,0.05001022294163704
2025-04-30,MSFT,6,0.04998758062720299
2025-04-30,MSFT,7,0.050010114908218384
2025-04-30,MSFT,8,0.0499989353120327
2025-04-30,MSFT,9,0.050008077174425125
2025-04-30,MSFT,10,0.05002717673778534
2025-04-30,MSFT,11,0.05001772195100784
2025-04-30,MSFT,12,0.049990247935056686
2025-04-30,MSFT,13,0.04997597262263298
2025-04-30,MSFT,14,0.050023410469293594
2025-04-30,MSFT,15,0.05000733211636543
2025-04-30,MSFT,16,0.04999331012368202
2025-04-30,MSFT,17,0.049997616559267044
2025-04-30,MSFT,18,0.050005193799734116
2025-04-30,MSFT,19,0.05002811178565025
2025-04-30,MSFT,20,0.05001763999462128
2025-04-30,QCOM,1,0.05005868896842003
2025-04-30,QCOM,2,0.04999738931655884
2025-04-30,QCOM,3,0.049862537533044815
2025-04-30,QCOM,4,0.04986714944243431
2025-04-30,QCOM,5,0.05003832280635834
2025-04-30,QCOM,6,0.04998699948191643
2025-04-30,QCOM,7,0.05004756525158882
2025-04-30,QCOM,8,0.049947015941143036
2025-04-30,QCOM,9,0.05002067610621452
2025-04-30,QCOM,10,0.05007963255047798
2025-04-30,QCOM,11,0.05005704611539841
2025-04-30,QCOM,12,0.04996185749769211
2025-04-30,QCOM,13,0.049904633313417435
2025-04-30,QCOM,14,0.05005350336432457
2025-04-30,QCOM,15,0.05003426969051361
2025-04-30,QCOM,16,0.0499679259955883
2025-04-30,QCOM,17,0.049971822649240494
2025-04-30,QCOM,18,0.05000660941004753
2025-04-30,QCOM,19,0.0500805489718914
2025-04-30,QCOM,20,0.050055742263793945
2025-04-30,SBUX,1,0.05009276792407036
2025-04-30,SBUX,2,0.05006830394268036
2025-04-30,SBUX,3,0.049995437264442444
2025-04-30,SBUX,4,0.04998031258583069
2025-04-30,SBUX,5,0.050066351890563965
2025-04-30,SBUX,6,0.05003323778510094
2025-04-30,SBUX,7,0.05005323141813278
2025-04-30,SBUX,8,0.04996838420629501
2025-04-30,SBUX,9,0.05001453310251236
2025-04-30,SBUX,10,0.05008570849895477
2025-04-30,SBUX,11,0.05005704239010811
2025-04-30,SBUX,12,0.04991920292377472
2025-04-30,SBUX,13,0.049844518303871155
2025-04-30,SBUX,14,0.05003780126571655
2025-04-30,SBUX,15,0.050022684037685394
2025-04-30,SBUX,16,0.04993470013141632
2025-04-30,SBUX,17,0.049840476363897324
2025-04-30,SBUX,18,0.04991310462355614
2025-04-30,SBUX,19,0.05004661902785301
2025-04-30,SBUX,20,0.050025638192892075
2025-05-01,AAPL,1,0.05001949518918991
2025-05-01,AAPL,2,0.04997902363538742
2025-05-01,AAPL,3,0.049959152936935425
2025-05-01,AAPL,4,0.05000215396285057
2025-05-01,AAPL,5,0.04996750131249428
2025-05-01,AAPL,6,0.050005119293928146
2025-05-01,AAPL,7,0.04996882379055023
2025-05-01,AAPL,8,0.0500023327767849
2025-05-01,AAPL,9,0.05002177506685257
2025-05-01,AAPL,10,0.050018761307001114
2025-05-01,AAPL,11,0.04999275133013725
2025-05-01,AAPL,12,0.049986667931079865
2025-05-01,AAPL,13,0.05002667009830475
2025-05-01,AAPL,14,0.0500158816576004
2025-05-01,AAPL,15,0.0500032864511013
2025-05-01,AAPL,16,0.049998972564935684
2025-05-01,AAPL,17,0.05000787600874901
2025-05-01,AAPL,18,0.050031229853630066
2025-05-01,AAPL,19,0.05002304166555405
2025-05-01,AAPL,20,0.04996950924396515
2025-05-01,ADBE,1,0.050126101821660995
2025-05-01,ADBE,2,0.04987521469593048
2025-05-01,ADBE,3,0.04994535073637962
2025-05-01,ADBE,4,0.05013897642493248
2025-05-01,ADBE,5,0.050119027495384216
2025-05-01,ADBE,6,0.050104476511478424
2025-05-01,ADBE,7,0.049775805324316025
2025-05-01,ADBE,8,0.04997865855693817
2025-05-01,ADBE,9,0.050164878368377686
2025-05-01,ADBE,10,0.05014309659600258
2025-05-01,ADBE,11,0.049866218119859695
2025-05-01,ADBE,12,0.04969283193349838
2025-05-01,ADBE,13,0.05012674257159233
2025-05-01,ADBE,14,0.05012930929660797
2025-05-01,ADBE,15,0.049896735697984695
2025-05-01,ADBE,16,0.04979036748409271
2025-05-01,ADBE,17,0.0499919094145298
2025-05-01,ADBE,18,0.05019785091280937
2025-05-01,ADBE,19,0.050182998180389404
2025-05-01,ADBE,20,0.049753449857234955
2025-05-01,AMD,1,0.05004940927028656
2025-05-01,AMD,2,0.049635231494903564
2025-05-01,AMD,3,0.04973467439413071
2025-05-01,AMD,4,0.05007963255047798
2025-05-01,AMD,5,0.04997129738330841
2025-05-01,AMD,6,0.05014391988515854
2025-05-01,AMD,7,0.04984414950013161
2025-05-01,AMD,8,0.050083767622709274
2025-05-01,AMD,9,0.05019088461995125
2025-05-01,AMD,10,0.05018002539873123
2025-05-01,AMD,11,0.0499260276556015
2025-05-01,AMD,12,0.04979501664638519
2025-05-01,AMD,13,0.05015424266457558
2025-05-01,AMD,14,0.050111133605241776
2025-05-01,AMD,15,0.04997575655579567
2025-05-01,AMD,16,0.049886491149663925
2025-05-01,AMD,17,0.050034649670124054
2025-05-01,AMD,18,0.050204575061798096
2025-05-01,AMD,19,0.05018169432878494
2025-05-01,AMD,20,0.0498175285756588
2025-05-01,CMCSA,1,0.050184737890958786
2025-05-01,CMCSA,2,0.04993344470858574
2025-05-01,CMCSA,3,0.04975662752985954
2025-05-01,CMCSA,4,0.050115205347537994
2025-05-01,CMCSA,5,0.050034042447805405
2025-05-01,CMCSA,6,0.050164613872766495
2025-05-01,CMCSA,7,0.049832142889499664
2025-05-01,CMCSA,8,0.050021544098854065
2025-05-01,CMCSA,9,0.05021262913942337
2025-05-01,CMCSA,10,0.050204794853925705
2025-05-01,CMCSA,11,0.049916189163923264
2025-05-01,CMCSA,12,0.0498058907687664
2025-05-01,CMCSA,13,0.050148915499448776
2025-05-01,CMCSA,14,0.05017320066690445
2025-05-01,CMCSA,15,0.04999469593167305
2025-05-01,CMCSA,16,0.04950623959302902
2025-05-01,CMCSA,17,0.049976788461208344
2025-05-01,CMCSA,18,0.0501568540930748
2025-05-01,CMCSA,19,0.050148993730545044
2025-05-01,CMCSA,20,0.049712445586919785
2025-05-01,COST,1,0.049998488277196884
2025-05-01,COST,2,0.04999725893139839
2025-05-01,COST,3,0.049995020031929016
2025-05-01,COST,4,0.050002653151750565
2025-05-01,COST,5,0.04999936744570732
2025-05-01,COST,6,0.0499979630112648
2025-05-01,COST,7,0.04999879375100136
2025-05-01,COST,8,0.04999927058815956
2025-05-01,COST,9,0.05000276491045952
2025-05-01,COST,10,0.050001658499240875
2025-05-01,COST,11,0.0500013567507267
2025-05-01,COST,12,0.050000544637441635
2025-05-01,COST,13,0.05000599846243858
2025-05-01,COST,14,0.05000077188014984
2025-05-01,COST,15,0.05000080540776253
2025-05-01,COST,16,0.05000077560544014
2025-05-01,COST,17,0.050000134855508804
2025-05-01,COST,18,0.05000504106283188
2025-05-01,COST,19,0.050001926720142365
2025-05-01,COST,20,0.049989402294158936
2025-05-01,INTC,1,0.0500575490295887
2025-05-01,INTC,2,0.04990258067846298
2025-05-01,INTC,3,0.04989778622984886
2025-05-01,INTC,4,0.05013952776789665
2025-05-01,INTC,5,0.05006454139947891
2025-05-01,INTC,6,0.050144970417022705
2025-05-01,INTC,7,0.0498354472219944
2025-05-01,INTC,8,0.05000952631235123
2025-05-01,INTC,9,0.05015506595373154
2025-05-01,INTC,10,0.05012970045208931
2025-05-01,INTC,11,0.04989563301205635
2025-05-01,INTC,12,0.04967550188302994
2025-05-01,INTC,13,0.05011233687400818
2025-05-01,INTC,14,0.05011717602610588
2025-05-01,INTC,15,0.04999513179063797
2025-05-01,INTC,16,0.049897123128175735
2025-05-01,INTC,17,0.04993315041065216
2025-05-01,INTC,18,0.050165120512247086
2025-05-01,INTC,19,0.05015004426240921
2025-05-01,INTC,20,0.04972212389111519
2025-05-01,INTU,1,0.05000242590904236
2025-05-01,INTU,2,0.04998822510242462
2025-05-01,INTU,3,0.04997573420405388
2025-05-01,INTU,4,0.05001000687479973
2025-05-01,INTU,5,0.0499933660030365
2025-05-01,INTU,6,0.04999968409538269
2025-05-01,INTU,7,0.04998986795544624
2025-05-01,INTU,8,0.04999769851565361
2025-05-01,INTU,9,0.050012700259685516
2025-05-01,INTU,10,0.05000769719481468
2025-05-01,INTU,11,0.049996718764305115
2025-05-01,INTU,12,0.04999035969376564
2025-05-01,INTU,13,0.050018373876810074
2025-05-01,INTU,14,0.05000534653663635
2025-05-01,INTU,15,0.04999767616391182
2025-05-01,INTU,16,0.049999821931123734
2025-05-01,INTU,17,0.050003744661808014
2025-05-01,INTU,18,0.05001717805862427
2025-05-01,INTU,19,0.05001090466976166
2025-05-01,INTU,20,0.049982503056526184
2025-05-01,MSFT,1,0.04999736696481705
2025-05-01,MSFT,2,0.04996878281235695
2025-05-01,MSFT,3,0.04996136203408241
2025-05-01,MSFT,4,0.05000457540154457
2025-05-01,MSFT,5,0.04999383166432381
2025-05-01,MSFT,6,0.05000578239560127
2025-05-01,MSFT,7,0.0499960295855999
2025-05-01,MSFT,8,0.05000544711947441
2025-05-01,MSFT,9,0.050017356872558594
2025-05-01,MSFT,10,0.050012849271297455
2025-05-01,MSFT,11,0.04999883472919464
2025-05-01,MSFT,12,0.049987904727458954
2025-05-01,MSFT,13,0.050020139664411545
2025-05-01,MSFT,14,0.05000774934887886
2025-05-01,MSFT,15,0.04999832436442375
2025-05-01,MSFT,16,0.050000764429569244
2025-05-01,MSFT,17,0.0500061921775341
2025-05-01,MSFT,18,0.05002117529511452
2025-05-01,MSFT,19,0.050015248358249664
2025-05-01,MSFT,20,0.04998021945357323
2025-05-01,QCOM,1,0.05002785846590996
2025-05-01,QCOM,2,0.04986719787120819
2025-05-01,QCOM,3,0.04986893758177757
2025-05-01,QCOM,4,0.050025664269924164
2025-05-01,QCOM,5,0.04998449608683586
2025-05-01,QCOM,6,0.05003901198506355
2025-05-01,QCOM,7,0.0499320887029171
2025-05-01,QCOM,8,0.0500187911093235
2025-05-01,QCOM,9,0.05006397143006325
2025-05-01,QCOM,10,0.050052300095558167
2025-05-01,QCOM,11,0.049977757036685944
2025-05-01,QCOM,12,0.04994035139679909
2025-05-01,QCOM,13,0.05006027966737747
2025-05-01,QCOM,14,0.05004466325044632
2025-05-01,QCOM,15,0.04999249428510666
2025-05-01,QCOM,16,0.04999378323554993
2025-05-01,QCOM,17,0.05002627894282341
2025-05-01,QCOM,18,0.050079964101314545
2025-05-01,QCOM,19,0.05006226897239685
2025-05-01,QCOM,20,0.04994171857833862
2025-05-01,SBUX,1,0.05007646605372429
2025-05-01,SBUX,2,0.05001584440469742
2025-05-01,SBUX,3,0.05000193044543266
2025-05-01,SBUX,4,0.05006536468863487
2025-05-01,SBUX,5,0.05004158243536949
2025-05-01,SBUX,6,0.05005185678601265
2025-05-01,SBUX,7,0.049984000623226166
2025-05-01,SBUX,8,0.05002608895301819
2025-05-01,SBUX,9,0.05007826164364815
2025-05-01,SBUX,10,0.05005919188261032
2025-05-01,SBUX,11,0.0499613881111145
2025-05-01,SBUX,12,0.04990384355187416
2025-05-01,SBUX,13,0.05005590245127678
2025-05-01,SBUX,14,0.05004036799073219
2025-05-01,SBUX,15,0.04997390881180763
2025-05-01,SBUX,16,0.04990525543689728
2025-05-01,SBUX,17,0.04996097832918167
2025-05-01,SBUX,18,0.0500650480389595
2025-05-01,SBUX,19,0.05004362389445305
2025-05-01,SBUX,20,0.049689073115587234
2025-05-02,AAPL,1,0.04998103529214859
2025-05-02,AAPL,2,0.0499604158103466
2025-05-02,AAPL,3,0.05000312998890877
2025-05-02,AAPL,4,0.04996861517429352
2025-05-02,AAPL,5,0.05000608414411545
2025-05-02,AAPL,6,0.049969810992479324
2025-05-02,AAPL,7,0.05000331252813339
2025-05-02,AAPL,8,0.050022728741168976
2025-05-02,AAPL,9,0.05001971498131752
2025-05-02,AAPL,10,0.049993809312582016
2025-05-02,AAPL,11,0.04998781904578209
2025-05-02,AAPL,12,0.050027504563331604
2025-05-02,AAPL,13,0.05001683160662651
2025-05-02,AAPL,14,0.05000431090593338
2025-05-02,AAPL,15,0.05000006780028343
2025-05-02,AAPL,16,0.05000891536474228
2025-05-02,AAPL,17,0.05003206431865692
2025-05-02,AAPL,18,0.05002395063638687
2025-05-02,AAPL,19,0.04997080937027931
2025-05-02,AAPL,20,0.04999911040067673
2025-05-02,ADBE,1,0.04992513358592987
2025-05-02,ADBE,2,0.049963805824518204
2025-05-02,ADBE,3,0.05015437677502632
2025-05-02,ADBE,4,0.050134096294641495
2025-05-02,ADBE,5,0.05011950433254242
2025-05-02,ADBE,6,0.04979073628783226
2025-05-02,ADBE,7,0.049993645399808884
2025-05-02,ADBE,8,0.050179921090602875
2025-05-02,ADBE,9,0.05015813186764717
2025-05-02,ADBE,10,0.04988117143511772
2025-05-02,ADBE,11,0.04970773309469223
2025-05-02,ADBE,12,0.050141774117946625
2025-05-02,ADBE,13,0.050144340842962265
2025-05-02,ADBE,14,0.04991170018911362
2025-05-02,ADBE,15,0.04980529844760895
2025-05-02,ADBE,16,0.05000689998269081
2025-05-02,ADBE,17,0.05021290481090546
2025-05-02,ADBE,18,0.05019804462790489
2025-05-02,ADBE,19,0.049768369644880295
2025-05-02,ADBE,20,0.04980245977640152
2025-05-02,AMD,1,0.049691636115312576
2025-05-02,AMD,2,0.04974701628088951
2025-05-02,AMD,3,0.05008735507726669
2025-05-02,AMD,4,0.04997855797410011
2025-05-02,AMD,5,0.050151124596595764
2025-05-02,AMD,6,0.04985130950808525
2025-05-02,AMD,7,0.050090957432985306
2025-05-02,AMD,8,0.050198089331388474
2025-05-02,AMD,9,0.05018722638487816
2025-05-02,AMD,10,0.04993319511413574
2025-05-02,AMD,11,0.04980216547846794
2025-05-02,AMD,12,0.050161439925432205
2025-05-02,AMD,13,0.050118330866098404
2025-05-02,AMD,14,0.04998292773962021
2025-05-02,AMD,15,0.04989365115761757
2025-05-02,AMD,16,0.05004183202981949
2025-05-02,AMD,17,0.05021178349852562
2025-05-02,AMD,18,0.05018889904022217
2025-05-02,AMD,19,0.049824681133031845
2025-05-02,AMD,20,0.049857791513204575
2025-05-02,CMCSA,1,0.04998954012989998
2025-05-02,CMCSA,2,0.04978935420513153
2025-05-02,CMCSA,3,0.0501396581530571
2025-05-02,CMCSA,4,0.050058867782354355
2025-05-02,CMCSA,5,0.05018804594874382
2025-05-02,CMCSA,6,0.0498601533472538
2025-05-02,CMCSA,7,0.05004701390862465
2025-05-02,CMCSA,8,0.05023552104830742
2025-05-02,CMCSA,9,0.050227630883455276
2025-05-02,CMCSA,10,0.04994271323084831
2025-05-02,CMCSA,11,0.04983443021774292
2025-05-02,CMCSA,12,0.050172653049230576
2025-05-02,CMCSA,13,0.05019645392894745
2025-05-02,CMCSA,14,0.05002044513821602
2025-05-02,CMCSA,15,0.0495389923453331
2025-05-02,CMCSA,16,0.05000321567058563
2025-05-02,CMCSA,17,0.05018065124750137
2025-05-02,CMCSA,18,0.050172675400972366
2025-05-02,CMCSA,19,0.04974185675382614
2025-05-02,CMCSA,20,0.04966014623641968
2025-05-02,COST,1,0.0499972365796566
2025-05-02,COST,2,0.04999493062496185
2025-05-02,COST,3,0.0500025600194931
2025-05-02,COST,4,0.04999927803874016
2025-05-02,COST,5,0.04999787360429764
2025-05-02,COST,6,0.049998700618743896
2025-05-02,COST,7,0.0499991774559021
2025-05-02,COST,8,0.050002675503492355
2025-05-02,COST,9,0.05000156909227371
2025-05-02,COST,10,0.05000126361846924
2025-05-02,COST,11,0.05000045523047447
2025-05-02,COST,12,0.05000590905547142
2025-05-02,COST,13,0.05000068247318268
2025-05-02,COST,14,0.050000716000795364
2025-05-02,COST,15,0.05000068619847298
2025-05-02,COST,16,0.05000004544854164
2025-05-02,COST,17,0.05000494793057442
2025-05-02,COST,18,0.0500018373131752
2025-05-02,COST,19,0.04998931288719177
2025-05-02,COST,20,0.05000022053718567
2025-05-02,INTC,1,0.0499456450343132
2025-05-02,INTC,2,0.049914319068193436
2025-05-02,INTC,3,0.05015289783477783
2025-05-02,INTC,4,0.05007760971784592
2025-05-02,INTC,5,0.05015801638364792
2025-05-02,INTC,6,0.049848414957523346
2025-05-02,INTC,7,0.050022535026073456
2025-05-02,INTC,8,0.05016811192035675
2025-05-02,INTC,9,0.050142742693424225
2025-05-02,INTC,10,0.04990861192345619
2025-05-02,INTC,11,0.049688421189785004
2025-05-02,INTC,12,0.050125375390052795
2025-05-02,INTC,13,0.0501302145421505
2025-05-02,INTC,14,0.0500081405043602
2025-05-02,INTC,15,0.04991010203957558
2025-05-02,INTC,16,0.0499461367726326
2025-05-02,INTC,17,0.0501781702041626
2025-05-02,INTC,18,0.050163090229034424
2025-05-02,INTC,19,0.04973505809903145
2025-05-02,INTC,20,0.04977640137076378
2025-05-02,INTU,1,0.049988873302936554
2025-05-02,INTU,2,0.049975842237472534
2025-05-02,INTU,3,0.0500100813806057
2025-05-02,INTU,4,0.04999344050884247
2025-05-02,INTU,5,0.04999976232647896
2025-05-02,INTU,6,0.04998994246125221
2025-05-02,INTU,7,0.04999777674674988
2025-05-02,INTU,8,0.050012778490781784
2025-05-02,INTU,9,0.05000777170062065
2025-05-02,INTU,10,0.049996793270111084
2025-05-02,INTU,11,0.04999043419957161
2025-05-02,INTU,12,0.05001845210790634
2025-05-02,INTU,13,0.05000542104244232
2025-05-02,INTU,14,0.04999775066971779
2025-05-02,INTU,15,0.0499998964369297
2025-05-02,INTU,16,0.05000382289290428
2025-05-02,INTU,17,0.050017256289720535
2025-05-02,INTU,18,0.05001097917556763
2025-05-02,INTU,19,0.04998258128762245
2025-05-02,INTU,20,0.05000036954879761
2025-05-02,MSFT,1,0.04996784031391144
2025-05-02,MSFT,2,0.04995892196893692
2025-05-02,MSFT,3,0.050004858523607254
2025-05-02,MSFT,4,0.049993693828582764
2025-05-02,MSFT,5,0.05000533536076546
2025-05-02,MSFT,6,0.04999413341283798
2025-05-02,MSFT,7,0.05000488460063934
2025-05-02,MSFT,8,0.050018809735774994
2025-05-02,MSFT,9,0.05001361295580864
2025-05-02,MSFT,10,0.049997616559267044
2025-05-02,MSFT,11,0.04998490959405899
2025-05-02,MSFT,12,0.0500214658677578
2025-05-02,MSFT,13,0.05000784248113632
2025-05-02,MSFT,14,0.04999688267707825
2025-05-02,MSFT,15,0.04999910667538643
2025-05-02,MSFT,16,0.0500054694712162
2025-05-02,MSFT,17,0.05002342537045479
2025-05-02,MSFT,18,0.050016436725854874
2025-05-02,MSFT,19,0.04997546598315239
2025-05-02,MSFT,20,0.050009261816740036
2025-05-02,QCOM,1,0.04988432303071022
2025-05-02,QCOM,2,0.04987519606947899
2025-05-02,QCOM,3,0.0500352568924427
2025-05-02,QCOM,4,0.04999304190278053
2025-05-02,QCOM,5,0.05004815757274628
2025-05-02,QCOM,6,0.049935631453990936
2025-05-02,QCOM,7,0.0500265508890152
2025-05-02,QCOM,8,0.05007399246096611
2025-05-02,QCOM,9,0.050061896443367004
2025-05-02,QCOM,10,0.04998360574245453
2025-05-02,QCOM,11,0.04994374141097069
2025-05-02,QCOM,12,0.05006984621286392
2025-05-02,QCOM,13,0.05005382001399994
2025-05-02,QCOM,14,0.04999900236725807
2025-05-02,QCOM,15,0.049999937415122986
2025-05-02,QCOM,16,0.0500340461730957
2025-05-02,QCOM,17,0.05009065940976143
2025-05-02,QCOM,18,0.05007226765155792
2025-05-02,QCOM,19,0.04994624853134155
2025-05-02,QCOM,20,0.04987283796072006
2025-05-02,SBUX,1,0.05003008991479874
2025-05-02,SBUX,2,0.05001423507928848
2025-05-02,SBUX,3,0.05007757246494293
2025-05-02,SBUX,4,0.050053779035806656
2025-05-02,SBUX,5,0.05006405711174011
2025-05-02,SBUX,6,0.049996182322502136
2025-05-02,SBUX,7,0.050038281828165054
2025-05-02,SBUX,8,0.05009046569466591
2025-05-02,SBUX,9,0.050071392208337784
2025-05-02,SBUX,10,0.049973566085100174
2025-05-02,SBUX,11,0.04991600662469864
2025-05-02,SBUX,12,0.05006810277700424
2025-05-02,SBUX,13,0.05005256459116936
2025-05-02,SBUX,14,0.0499860905110836
2025-05-02,SBUX,15,0.049917418509721756
2025-05-02,SBUX,16,0.04997315630316734
2025-05-02,SBUX,17,0.050077248364686966
2025-05-02,SBUX,18,0.05005582049489021
2025-05-02,SBUX,19,0.049701184034347534
2025-05-02,SBUX,20,0.04984278231859207
2025-05-05,AAPL,1,0.04993491619825363
2025-05-05,AAPL,2,0.049986474215984344
2025-05-05,AAPL,3,0.049937594681978226
2025-05-05,AAPL,4,0.05001644790172577
2025-05-05,AAPL,5,0.049952153116464615
2025-05-05,AAPL,6,0.05001068487763405
2025-05-05,AAPL,7,0.05003425106406212
2025-05-05,AAPL,8,0.05002976208925247
2025-05-05,AAPL,9,0.04998423159122467
2025-05-05,AAPL,10,0.04998001828789711
2025-05-05,AAPL,11,0.050031471997499466
2025-05-05,AAPL,12,0.050025779753923416
2025-05-05,AAPL,13,0.05000653117895126
2025-05-05,AAPL,14,0.04999915510416031
2025-05-05,AAPL,15,0.05001569166779518
2025-05-05,AAPL,16,0.050042733550071716
2025-05-05,AAPL,17,0.050034210085868835
2025-05-05,AAPL,18,0.04997286573052406
2025-05-05,AAPL,19,0.049998532980680466
2025-05-05,AAPL,20,0.05000655725598335
2025-05-05,ADBE,1,0.049973540008068085
2025-05-05,ADBE,2,0.05016573891043663
2025-05-05,ADBE,3,0.05014238506555557
2025-05-05,ADBE,4,0.05013294517993927
2025-05-05,ADBE,5,0.049704600125551224
2025-05-05,ADBE,6,0.049982987344264984
2025-05-05,ADBE,7,0.05020388215780258
2025-05-05,ADBE,8,0.050172388553619385
2025-05-05,ADBE,9,0.0498255155980587
2025-05-05,ADBE,10,0.04963640868663788
2025-05-05,ADBE,11,0.05016589164733887
2025-05-05,ADBE,12,0.05016494542360306
2025-05-05,ADBE,13,0.049880411475896835
2025-05-05,ADBE,14,0.049771808087825775
2025-05-05,ADBE,15,0.050015728920698166
2025-05-05,ADBE,16,0.05025334656238556
2025-05-05,ADBE,17,0.050227634608745575
2025-05-05,ADBE,18,0.049747928977012634
2025-05-05,ADBE,19,0.049772266298532486
2025-05-05,ADBE,20,0.05005963519215584
2025-05-05,AMD,1,0.04968465492129326
2025-05-05,AMD,2,0.05004711449146271
2025-05-05,AMD,3,0.0498947873711586
2025-05-05,AMD,4,0.0501604899764061
2025-05-05,AMD,5,0.04977188631892204
2025-05-05,AMD,6,0.05009086802601814
2025-05-05,AMD,7,0.050216495990753174
2025-05-05,AMD,8,0.05019950866699219
2025-05-05,AMD,9,0.04987206682562828
2025-05-05,AMD,10,0.04974474012851715
2025-05-05,AMD,11,0.05017431452870369
2025-05-05,AMD,12,0.05012195184826851
2025-05-05,AMD,13,0.04996247589588165
2025-05-05,AMD,14,0.04986950382590294
2025-05-05,AMD,15,0.05004587769508362
2025-05-05,AMD,16,0.050235699862241745
2025-05-05,AMD,17,0.05020403861999512
2025-05-05,AMD,18,0.04980742186307907
2025-05-05,AMD,19,0.049831174314022064
2025-05-05,AMD,20,0.050064943730831146
2025-05-05,CMCSA,1,0.04974083602428436
2025-05-05,CMCSA,2,0.05013669282197952
2025-05-05,CMCSA,3,0.050031691789627075
2025-05-05,CMCSA,4,0.05020364746451378
2025-05-05,CMCSA,5,0.04979844018816948
2025-05-05,CMCSA,6,0.05004744976758957
2025-05-05,CMCSA,7,0.050271596759557724
2025-05-05,CMCSA,8,0.05025550723075867
2025-05-05,CMCSA,9,0.04991075024008751
2025-05-05,CMCSA,10,0.0498054139316082
2025-05-05,CMCSA,11,0.05020565167069435
2025-05-05,CMCSA,12,0.050225503742694855
2025-05-05,CMCSA,13,0.050014104694128036
2025-05-05,CMCSA,14,0.049437060952186584
2025-05-05,CMCSA,15,0.05001791939139366
2025-05-05,CMCSA,16,0.050224460661411285
2025-05-05,CMCSA,17,0.05020874738693237
2025-05-05,CMCSA,18,0.04974529147148132
2025-05-05,CMCSA,19,0.049646567553281784
2025-05-05,CMCSA,20,0.05007264390587807
2025-05-05,COST,1,0.04998914524912834
2025-05-05,COST,2,0.0500015988945961
2025-05-05,COST,3,0.04999883472919464
2025-05-05,COST,4,0.0500001534819603
2025-05-05,COST,5,0.0499974861741066
2025-05-05,COST,6,0.049999743700027466
2025-05-05,COST,7,0.05000493302941322
2025-05-05,COST,8,0.05000333860516548
2025-05-05,COST,9,0.04999907314777374
2025-05-05,COST,10,0.05000020191073418
2025-05-05,COST,11,0.05000625550746918
2025-05-05,COST,12,0.05000312998890877
2025-05-05,COST,13,0.050000421702861786
2025-05-05,COST,14,0.049999065697193146
2025-05-05,COST,15,0.05000074580311775
2025-05-05,COST,16,0.05000622943043709
2025-05-05,COST,17,0.05000350996851921
2025-05-05,COST,18,0.049987562000751495
2025-05-05,COST,19,0.049997858703136444
2025-05-05,COST,20,0.050000742077827454
2025-05-05,INTC,1,0.049903105944395065
2025-05-05,INTC,2,0.0501621849834919
2025-05-05,INTC,3,0.050062939524650574
2025-05-05,INTC,4,0.05016962066292763
2025-05-05,INTC,5,0.04979304224252701
2025-05-05,INTC,6,0.05001738294959068
2025-05-05,INTC,7,0.050195176154375076
2025-05-05,INTC,8,0.050159528851509094
2025-05-05,INTC,9,0.04987568408250809
2025-05-05,INTC,10,0.049634065479040146
2025-05-05,INTC,11,0.050156354904174805
2025-05-05,INTC,12,0.05014897137880325
2025-05-05,INTC,13,0.05000210553407669
2025-05-05,INTC,14,0.049888916313648224
2025-05-05,INTC,15,0.049930669367313385
2025-05-05,INTC,16,0.05020975321531296
2025-05-05,INTC,17,0.05018545314669609
2025-05-05,INTC,18,0.04972680285573006
2025-05-05,INTC,19,0.0497562512755394
2025-05-05,INTC,20,0.05002192035317421
2025-05-05,INTU,1,0.04995707795023918
2025-05-05,INTU,2,0.05000445991754532
2025-05-05,INTU,3,0.04998123273253441
2025-05-05,INTU,4,0.05000646039843559
2025-05-05,INTU,5,0.049979280680418015
2025-05-05,INTU,6,0.05000079423189163
2025-05-05,INTU,7,0.05001925304532051
2025-05-05,INTU,8,0.05001372471451759
2025-05-05,INTU,9,0.04999067634344101
2025-05-05,INTU,10,0.0499781034886837
2025-05-05,INTU,11,0.05001625418663025
2025-05-05,INTU,12,0.05000973492860794
2025-05-05,INTU,13,0.04999670758843422
2025-05-05,INTU,14,0.05000017210841179
2025-05-05,INTU,15,0.050009794533252716
2025-05-05,INTU,16,0.05002393573522568
2025-05-05,INTU,17,0.050018440932035446
2025-05-05,INTU,18,0.049984220415353775
2025-05-05,INTU,19,0.04999798536300659
2025-05-05,INTU,20,0.050011686980724335
2025-05-05,MSFT,1,0.04992992430925369
2025-05-05,MSFT,2,0.049992892891168594
2025-05-05,MSFT,3,0.04997749999165535
2025-05-05,MSFT,4,0.05001411586999893
2025-05-05,MSFT,5,0.04998422786593437
2025-05-05,MSFT,6,0.05001010000705719
2025-05-05,MSFT,7,0.05002659931778908
2025-05-05,MSFT,8,0.050020694732666016
2025-05-05,MSFT,9,0.049982666969299316
2025-05-05,MSFT,10,0.04996489733457565
2025-05-05,MSFT,11,0.05001675337553024
2025-05-05,MSFT,12,0.05001109838485718
2025-05-05,MSFT,13,0.049993034452199936
2025-05-05,MSFT,14,0.04999667406082153
2025-05-05,MSFT,15,0.05000945180654526
2025-05-05,MSFT,16,0.05003023520112038
2025-05-05,MSFT,17,0.05002392455935478
2025-05-05,MSFT,18,0.04997096583247185
2025-05-05,MSFT,19,0.05001876503229141
2025-05-05,MSFT,20,0.050025422126054764
2025-05-05,QCOM,1,0.049818508327007294
2025-05-05,QCOM,2,0.05002880468964577
2025-05-05,QCOM,3,0.04996282607316971
2025-05-05,QCOM,4,0.05006379261612892
2025-05-05,QCOM,5,0.04989449307322502
2025-05-05,QCOM,6,0.05003412440419197
2025-05-05,QCOM,7,0.05008844658732414
2025-05-05,QCOM,8,0.05007409304380417
2025-05-05,QCOM,9,0.04996265470981598
2025-05-05,QCOM,10,0.04991719871759415
2025-05-05,QCOM,11,0.0500766895711422
2025-05-05,QCOM,12,0.050062764436006546
2025-05-05,QCOM,13,0.04998936876654625
2025-05-05,QCOM,14,0.049996037036180496
2025-05-05,QCOM,15,0.050043102353811264
2025-05-05,QCOM,16,0.05010649561882019
2025-05-05,QCOM,17,0.05008592829108238
2025-05-05,QCOM,18,0.04994476959109306
2025-05-05,QCOM,19,0.04981861263513565
2025-05-05,QCOM,20,0.050031304359436035
2025-05-05,SBUX,1,0.050011858344078064
2025-05-05,SBUX,2,0.050086263567209244
2025-05-05,SBUX,3,0.05006210505962372
2025-05-05,SBUX,4,0.05008833110332489
2025-05-05,SBUX,5,0.04998074099421501
2025-05-05,SBUX,6,0.0500543937087059
2025-05-05,SBUX,7,0.050116125494241714
2025-05-05,SBUX,8,0.05009173974394798
2025-05-05,SBUX,9,0.049951162189245224
2025-05-05,SBUX,10,0.04988933727145195
2025-05-05,SBUX,11,0.05008438974618912
2025-05-05,SBUX,12,0.050070323050022125
2025-05-05,SBUX,13,0.04998081550002098
2025-05-05,SBUX,14,0.049899570643901825
2025-05-05,SBUX,15,0.04998049885034561
2025-05-05,SBUX,16,0.05010170117020607
2025-05-05,SBUX,17,0.0500771664083004
2025-05-05,SBUX,18,0.049645692110061646
2025-05-05,SBUX,19,0.04982097074389458
2025-05-05,SBUX,20,0.05000675842165947
2025-05-06,AAPL,1,0.049974992871284485
2025-05-06,AAPL,2,0.04991421476006508
2025-05-06,AAPL,3,0.0500015951693058
2025-05-06,AAPL,4,0.049909546971321106
2025-05-06,AAPL,5,0.04999836906790733
2025-05-06,AAPL,6,0.05003126338124275
2025-05-06,AAPL,7,0.05003051087260246
2025-05-06,AAPL,8,0.04997938126325607
2025-05-06,AAPL,9,0.04996993765234947
2025-05-06,AAPL,10,0.050048843026161194
2025-05-06,AAPL,11,0.05003320798277855
2025-05-06,AAPL,12,0.05000598728656769
2025-05-06,AAPL,13,0.049995798617601395
2025-05-06,AAPL,14,0.05001828074455261
2025-05-06,AAPL,15,0.05005670338869095
2025-05-06,AAPL,16,0.05004584416747093
2025-05-06,AAPL,17,0.04993750900030136
2025-05-06,AAPL,18,0.04999450221657753
2025-05-06,AAPL,19,0.05000331252813339
2025-05-06,AAPL,20,0.05005014315247536
2025-05-06,ADBE,1,0.05022749304771423
2025-05-06,ADBE,2,0.05014658719301224
2025-05-06,ADBE,3,0.050026826560497284
2025-05-06,ADBE,4,0.049440350383520126
2025-05-06,ADBE,5,0.0498657189309597
2025-05-06,ADBE,6,0.050257984548807144
2025-05-06,ADBE,7,0.05019696429371834
2025-05-06,ADBE,8,0.04979151114821434
2025-05-06,ADBE,9,0.04950016364455223
2025-05-06,ADBE,10,0.05035737529397011
2025-05-06,ADBE,11,0.050264306366443634
2025-05-06,ADBE,12,0.04987747594714165
2025-05-06,ADBE,13,0.04969735071063042
2025-05-06,ADBE,14,0.050000984221696854
2025-05-06,ADBE,15,0.05043334141373634
2025-05-06,ADBE,16,0.05037040635943413
2025-05-06,ADBE,17,0.04935500770807266
2025-05-06,ADBE,18,0.04967682436108589
2025-05-06,ADBE,19,0.05005976930260658
2025-05-06,ADBE,20,0.050453558564186096
2025-05-06,AMD,1,0.05014345049858093
2025-05-06,AMD,2,0.0499163493514061
2025-05-06,AMD,3,0.05001705884933472
2025-05-06,AMD,4,0.04951288178563118
2025-05-06,AMD,5,0.04995979741215706
2025-05-06,AMD,6,0.05017882212996483
2025-05-06,AMD,7,0.05016324296593666
2025-05-06,AMD,8,0.04979722201824188
2025-05-06,AMD,9,0.0496736541390419
2025-05-06,AMD,10,0.05030710622668266
2025-05-06,AMD,11,0.050200674682855606
2025-05-06,AMD,12,0.04992898181080818
2025-05-06,AMD,13,0.049825962632894516
2025-05-06,AMD,14,0.05004872754216194
2025-05-06,AMD,15,0.05035730078816414
2025-05-06,AMD,16,0.050300050526857376
2025-05-06,AMD,17,0.04951217770576477
2025-05-06,AMD,18,0.04978878051042557
2025-05-06,AMD,19,0.05005974322557449
2025-05-06,AMD,20,0.05030794069170952
2025-05-06,CMCSA,1,0.05018191039562225
2025-05-06,CMCSA,2,0.05004367232322693
2025-05-06,CMCSA,3,0.050114236772060394
2025-05-06,CMCSA,4,0.0495644174516201
2025-05-06,CMCSA,5,0.049959447234869
2025-05-06,CMCSA,6,0.05030946433544159
2025-05-06,CMCSA,7,0.05028803274035454
2025-05-06,CMCSA,8,0.04991630092263222
2025-05-06,CMCSA,9,0.04976847767829895
2025-05-06,CMCSA,10,0.05037684366106987
2025-05-06,CMCSA,11,0.050316885113716125
2025-05-06,CMCSA,12,0.050017137080430984
2025-05-06,CMCSA,13,0.049197789281606674
2025-05-06,CMCSA,14,0.049973029643297195
2025-05-06,CMCSA,15,0.05033162608742714
2025-05-06,CMCSA,16,0.050300370901823044
2025-05-06,CMCSA,17,0.04925522208213806
2025-05-06,CMCSA,18,0.04955103620886803
2025-05-06,CMCSA,19,0.050076358020305634
2025-05-06,CMCSA,20,0.050457652658224106
2025-05-06,COST,1,0.05000072345137596
2025-05-06,COST,2,0.04999835789203644
2025-05-06,COST,3,0.04999823868274689
2025-05-06,COST,4,0.049993276596069336
2025-05-06,COST,5,0.04999827593564987
2025-05-06,COST,6,0.0500052347779274
2025-05-06,COST,7,0.05000390112400055
2025-05-06,COST,8,0.04999888315796852
2025-05-06,COST,9,0.049998752772808075
2025-05-06,COST,10,0.05000700801610947
2025-05-06,COST,11,0.05000343546271324
2025-05-06,COST,12,0.049999676644802094
2025-05-06,COST,13,0.04999677091836929
2025-05-06,COST,14,0.050000254064798355
2025-05-06,COST,15,0.05000808462500572
2025-05-06,COST,16,0.050005167722702026
2025-05-06,COST,17,0.049979835748672485
2025-05-06,COST,18,0.049996268004179
2025-05-06,COST,19,0.050000641494989395
2025-05-06,COST,20,0.050007179379463196
2025-05-06,INTC,1,0.05025501921772957
2025-05-06,INTC,2,0.05008260905742645
2025-05-06,INTC,3,0.050075460225343704
2025-05-06,INTC,4,0.04955641180276871
2025-05-06,INTC,5,0.049903012812137604
2025-05-06,INTC,6,0.050185371190309525
2025-05-06,INTC,7,0.05017382279038429
2025-05-06,INTC,8,0.0498717725276947
2025-05-06,INTC,9,0.04958782717585564
2025-05-06,INTC,10,0.05034642294049263
2025-05-06,INTC,11,0.05025622993707657
2025-05-06,INTC,12,0.0500003844499588
2025-05-06,INTC,13,0.049828898161649704
2025-05-06,INTC,14,0.04987943172454834
2025-05-06,INTC,15,0.050294339656829834
2025-05-06,INTC,16,0.05027640610933304
2025-05-06,INTC,17,0.04930649697780609
2025-05-06,INTC,18,0.04965783283114433
2025-05-06,INTC,19,0.05003829300403595
2025-05-06,INTC,20,0.05042380467057228
2025-05-06,INTU,1,0.05000359192490578
2025-05-06,INTU,2,0.04997343569993973
2025-05-06,INTU,3,0.049999624490737915
2025-05-06,INTU,4,0.04995826631784439
2025-05-06,INTU,5,0.049994099885225296
2025-05-06,INTU,6,0.05002005398273468
2025-05-06,INTU,7,0.05001448839902878
2025-05-06,INTU,8,0.04998606815934181
2025-05-06,INTU,9,0.04996864125132561
2025-05-06,INTU,10,0.05002578720450401
2025-05-06,INTU,11,0.05001353099942207
2025-05-06,INTU,12,0.04999353736639023
2025-05-06,INTU,13,0.04999459534883499
2025-05-06,INTU,14,0.050008248537778854
2025-05-06,INTU,15,0.05002922937273979
2025-05-06,INTU,16,0.05002275109291077
2025-05-06,INTU,17,0.04996436461806297
2025-05-06,INTU,18,0.04999163746833801
2025-05-06,INTU,19,0.05001030117273331
2025-05-06,INTU,20,0.05002770572900772
2025-05-06,MSFT,1,0.049985356628894806
2025-05-06,MSFT,2,0.04996975511312485
2025-05-06,MSFT,3,0.050005629658699036
2025-05-06,MSFT,4,0.04995809495449066
2025-05-06,MSFT,5,0.050002455711364746
2025-05-06,MSFT,6,0.05002744495868683
2025-05-06,MSFT,7,0.05002117529511452
2025-05-06,MSFT,8,0.04997522756457329
2025-05-06,MSFT,9,0.0499471053481102
2025-05-06,MSFT,10,0.050031017512083054
2025-05-06,MSFT,11,0.05001659691333771
2025-05-06,MSFT,12,0.04998740926384926
2025-05-06,MSFT,13,0.04998759180307388
2025-05-06,MSFT,14,0.05000796541571617
2025-05-06,MSFT,15,0.050041016191244125
2025-05-06,MSFT,16,0.05003175884485245
2025-05-06,MSFT,17,0.04993361607193947
2025-05-06,MSFT,18,0.05001288652420044
2025-05-06,MSFT,19,0.05002375319600105
2025-05-06,MSFT,20,0.05003419518470764
2025-05-06,QCOM,1,0.05002117529511452
2025-05-06,QCOM,2,0.04993230849504471
2025-05-06,QCOM,3,0.05002904683351517
2025-05-06,QCOM,4,0.04979293420910835
2025-05-06,QCOM,5,0.05000397190451622
2025-05-06,QCOM,6,0.05009356141090393
2025-05-06,QCOM,7,0.05007794871926308
2025-05-06,QCOM,8,0.04994501918554306
2025-05-06,QCOM,9,0.049897901713848114
2025-05-06,QCOM,10,0.05013091117143631
2025-05-06,QCOM,11,0.05009545385837555
2025-05-06,QCOM,12,0.0499952994287014
2025-05-06,QCOM,13,0.04998498037457466
2025-05-06,QCOM,14,0.05005664378404617
2025-05-06,QCOM,15,0.0501527301967144
2025-05-06,QCOM,16,0.05011875927448273
2025-05-06,QCOM,17,0.04983430355787277
2025-05-06,QCOM,18,0.04971078038215637
2025-05-06,QCOM,19,0.050008755177259445
2025-05-06,QCOM,20,0.05011753737926483
2025-05-06,SBUX,1,0.05010299012064934
2025-05-06,SBUX,2,0.05006572976708412
2025-05-06,SBUX,3,0.05008053407073021
2025-05-06,SBUX,4,0.049928389489650726
2025-05-06,SBUX,5,0.05004604533314705
2025-05-06,SBUX,6,0.05014241486787796
2025-05-06,SBUX,7,0.050113312900066376
2025-05-06,SBUX,8,0.049937933683395386
2025-05-06,SBUX,9,0.049852460622787476
2025-05-06,SBUX,10,0.05014853551983833
2025-05-06,SBUX,11,0.0501183457672596
2025-05-06,SBUX,12,0.04999271035194397
2025-05-06,SBUX,13,0.04989052936434746
2025-05-06,SBUX,14,0.05000273883342743
2025-05-06,SBUX,15,0.0501926951110363
2025-05-06,SBUX,16,0.05014163255691528
2025-05-06,SBUX,17,0.04933129623532295
2025-05-06,SBUX,18,0.049744825810194016
2025-05-06,SBUX,19,0.05000511184334755
2025-05-06,SBUX,20,0.050161801278591156
2025-05-07,AAPL,1,0.049916088581085205
2025-05-07,AAPL,2,0.04999824985861778
2025-05-07,AAPL,3,0.04990612342953682
2025-05-07,AAPL,4,0.049994926899671555
2025-05-07,AAPL,5,0.050027813762426376
2025-05-07,AAPL,6,0.050027064979076385
2025-05-07,AAPL,7,0.049975939095020294
2025-05-07,AAPL,8,0.04996649548411369
2025-05-07,AAPL,9,0.050045400857925415
2025-05-07,AAPL,10,0.05002976208925247
2025-05-07,AAPL,11,0.05000254511833191
2025-05-07,AAPL,12,0.049992356449365616
2025-05-07,AAPL,13,0.050014838576316833
2025-05-07,AAPL,14,0.05005325749516487
2025-05-07,AAPL,15,0.05004240199923515
2025-05-07,AAPL,16,0.04993407055735588
2025-05-07,AAPL,17,0.04999106004834175
2025-05-07,AAPL,18,0.04999987408518791
2025-05-07,AAPL,19,0.05004669725894928
2025-05-07,AAPL,20,0.050035037100315094
2025-05-07,ADBE,1,0.05015572905540466
2025-05-07,ADBE,2,0.05002211779356003
2025-05-07,ADBE,3,0.049434322863817215
2025-05-07,ADBE,4,0.04985921084880829
2025-05-07,ADBE,5,0.05025138333439827
2025-05-07,ADBE,6,0.05019036680459976
2025-05-07,ADBE,7,0.04978496581315994
2025-05-07,ADBE,8,0.049493659287691116
2025-05-07,ADBE,9,0.05035075545310974
2025-05-07,ADBE,10,0.05025770142674446
2025-05-07,ADBE,11,0.049870919436216354
2025-05-07,ADBE,12,0.04969082027673721
2025-05-07,ADBE,13,0.04999441280961037
2025-05-07,ADBE,14,0.05042671039700508
2025-05-07,ADBE,15,0.05036378651857376
2025-05-07,ADBE,16,0.04934851825237274
2025-05-07,ADBE,17,0.04967029392719269
2025-05-07,ADBE,18,0.0500531904399395
2025-05-07,ADBE,19,0.050446927547454834
2025-05-07,ADBE,20,0.05033416673541069
2025-05-07,AMD,1,0.04993373155593872
2025-05-07,AMD,2,0.05001336336135864
2025-05-07,AMD,3,0.04950825124979019
2025-05-07,AMD,4,0.04995473846793175
2025-05-07,AMD,5,0.050173718482255936
2025-05-07,AMD,6,0.05015813559293747
2025-05-07,AMD,7,0.049792151898145676
2025-05-07,AMD,8,0.04966859892010689
2025-05-07,AMD,9,0.050301987677812576
2025-05-07,AMD,10,0.050195567309856415
2025-05-07,AMD,11,0.04992389678955078
2025-05-07,AMD,12,0.04982088878750801
2025-05-07,AMD,13,0.050043631345033646
2025-05-07,AMD,14,0.050352174788713455
2025-05-07,AMD,15,0.05029493197798729
2025-05-07,AMD,16,0.04950713738799095
2025-05-07,AMD,17,0.04978371039032936
2025-05-07,AMD,18,0.0500546470284462
2025-05-07,AMD,19,0.05030281841754913
2025-05-07,AMD,20,0.05021602660417557
2025-05-07,CMCSA,1,0.05006545037031174
2025-05-07,CMCSA,2,0.050103623420000076
2025-05-07,CMCSA,3,0.04955334961414337
2025-05-07,CMCSA,4,0.04994673654437065
2025-05-07,CMCSA,5,0.05029556155204773
2025-05-07,CMCSA,6,0.05027420073747635
2025-05-07,CMCSA,7,0.04990323260426521
2025-05-07,CMCSA,8,0.04975596442818642
2025-05-07,CMCSA,9,0.0503624826669693
2025-05-07,CMCSA,10,0.05030287802219391
2025-05-07,CMCSA,11,0.05000395327806473
2025-05-07,CMCSA,12,0.04918679967522621
2025-05-07,CMCSA,13,0.049960166215896606
2025-05-07,CMCSA,14,0.050317514687776566
2025-05-07,CMCSA,15,0.05028637498617172
2025-05-07,CMCSA,16,0.049244172871112823
2025-05-07,CMCSA,17,0.049539126455783844
2025-05-07,CMCSA,18,0.050063181668519974
2025-05-07,CMCSA,19,0.0504431314766407
2025-05-07,CMCSA,20,0.050392162054777145
2025-05-07,COST,1,0.049998197704553604
2025-05-07,COST,2,0.04999800771474838
2025-05-07,COST,3,0.04999304190278053
2025-05-07,COST,4,0.04999804496765137
2025-05-07,COST,5,0.050005000084638596
2025-05-07,COST,6,0.050003666430711746
2025-05-07,COST,7,0.04999864846467972
2025-05-07,COST,8,0.04999852180480957
2025-05-07,COST,9,0.05000677332282066
2025-05-07,COST,10,0.05000320449471474
2025-05-07,COST,11,0.04999944567680359
2025-05-07,COST,12,0.04999653995037079
2025-05-07,COST,13,0.05000001937150955
2025-05-07,COST,14,0.05000784993171692
2025-05-07,COST,15,0.05000493302941322
2025-05-07,COST,16,0.04997960105538368
2025-05-07,COST,17,0.0499960333108902
2025-05-07,COST,18,0.05000040680170059
2025-05-07,COST,19,0.05000694841146469
2025-05-07,COST,20,0.05000500753521919
2025-05-07,INTC,1,0.050096295773983
2025-05-07,INTC,2,0.05007265880703926
2025-05-07,INTC,3,0.04955250024795532
2025-05-07,INTC,4,0.04989868029952049
2025-05-07,INTC,5,0.050180982798337936
2025-05-07,INTC,6,0.050169430673122406
2025-05-07,INTC,7,0.049867402762174606
2025-05-07,INTC,8,0.04958347976207733
2025-05-07,INTC,9,0.05034201219677925
2025-05-07,INTC,10,0.05025182664394379
2025-05-07,INTC,11,0.04999600350856781
2025-05-07,INTC,12,0.04982453212141991
2025-05-07,INTC,13,0.049875061959028244
2025-05-07,INTC,14,0.050289932638406754
2025-05-07,INTC,15,0.050272002816200256
2025-05-07,INTC,16,0.049302175641059875
2025-05-07,INTC,17,0.04965348169207573
2025-05-07,INTC,18,0.05003390833735466
2025-05-07,INTC,19,0.050419386476278305
2025-05-07,INTC,20,0.05031822249293327
2025-05-07,INTU,1,0.04997329041361809
2025-05-07,INTU,2,0.04999861121177673
2025-05-07,INTU,3,0.04995724558830261
2025-05-07,INTU,4,0.04999307543039322
2025-05-07,INTU,5,0.0500190295279026
2025-05-07,INTU,6,0.0500134639441967
2025-05-07,INTU,7,0.049985043704509735
2025-05-07,INTU,8,0.04996761679649353
2025-05-07,INTU,9,0.05002475902438164
2025-05-07,INTU,10,0.050012506544589996
2025-05-07,INTU,11,0.04999251291155815
2025-05-07,INTU,12,0.049993570894002914
2025-05-07,INTU,13,0.05000722035765648
2025-05-07,INTU,14,0.050028201192617416
2025-05-07,INTU,15,0.05002172663807869
2025-05-07,INTU,16,0.049963340163230896
2025-05-07,INTU,17,0.049990613013505936
2025-05-07,INTU,18,0.05000927671790123
2025-05-07,INTU,19,0.050026677548885345
2025-05-07,INTU,20,0.050022322684526443
2025-05-07,MSFT,1,0.04996969923377037
2025-05-07,MSFT,2,0.05000322312116623
2025-05-07,MSFT,3,0.04995565488934517
2025-05-07,MSFT,4,0.050000011920928955
2025-05-07,MSFT,5,0.05002500116825104
2025-05-07,MSFT,6,0.050018731504678726
2025-05-07,MSFT,7,0.049972787499427795
2025-05-07,MSFT,8,0.049944665282964706
2025-05-07,MSFT,9,0.05002857372164726
2025-05-07,MSFT,10,0.050014153122901917
2025-05-07,MSFT,11,0.049984969198703766
2025-05-07,MSFT,12,0.04998514801263809
2025-05-07,MSFT,13,0.05000552162528038
2025-05-07,MSFT,14,0.050038572400808334
2025-05-07,MSFT,15,0.050029315054416656
2025-05-07,MSFT,16,0.049931176006793976
2025-05-07,MSFT,17,0.05001044273376465
2025-05-07,MSFT,18,0.05002130940556526
2025-05-07,MSFT,19,0.05003175139427185
2025-05-07,MSFT,20,0.050029292702674866
2025-05-07,QCOM,1,0.0499386340379715
2025-05-07,QCOM,2,0.050025247037410736
2025-05-07,QCOM,3,0.04978889226913452
2025-05-07,QCOM,4,0.04999984800815582
2025-05-07,QCOM,5,0.05008942633867264
2025-05-07,QCOM,6,0.050073813647031784
2025-05-07,QCOM,7,0.04994089901447296
2025-05-07,QCOM,8,0.049893785268068314
2025-05-07,QCOM,9,0.05012677237391472
2025-05-07,QCOM,10,0.05009131878614426
2025-05-07,QCOM,11,0.049991171807050705
2025-05-07,QCOM,12,0.049980856478214264
2025-05-07,QCOM,13,0.05005250871181488
2025-05-07,QCOM,14,0.05014858767390251
2025-05-07,QCOM,15,0.050114624202251434
2025-05-07,QCOM,16,0.04983018711209297
2025-05-07,QCOM,17,0.04970667511224747
2025-05-07,QCOM,18,0.05000462755560875
2025-05-07,QCOM,19,0.05011340230703354
2025-05-07,QCOM,20,0.05008867755532265
2025-05-07,SBUX,1,0.0500682070851326
2025-05-07,SBUX,2,0.050079453736543655
2025-05-07,SBUX,3,0.049927178770303726
2025-05-07,SBUX,4,0.05004480481147766
2025-05-07,SBUX,5,0.05014117434620857
2025-05-07,SBUX,6,0.05011207237839699
2025-05-07,SBUX,7,0.049936693161726
2025-05-07,SBUX,8,0.049851227551698685
2025-05-07,SBUX,9,0.05014729127287865
2025-05-07,SBUX,10,0.05011710152029991
2025-05-07,SBUX,11,0.04999146983027458
2025-05-07,SBUX,12,0.04988929256796837
2025-05-07,SBUX,13,0.05000149831175804
2025-05-07,SBUX,14,0.050191450864076614
2025-05-07,SBUX,15,0.0501403883099556
2025-05-07,SBUX,16,0.04933007434010506
2025-05-07,SBUX,17,0.049743592739105225
2025-05-07,SBUX,18,0.05000387132167816
2025-05-07,SBUX,19,0.05016056075692177
2025-05-07,SBUX,20,0.05012258514761925
2025-05-08,AAPL,1,0.04999595507979393
2025-05-08,AAPL,2,0.04990229383111
2025-05-08,AAPL,3,0.04999084770679474
2025-05-08,AAPL,4,0.050023727118968964
2025-05-08,AAPL,5,0.05002297833561897
2025-05-08,AAPL,6,0.04997185617685318
2025-05-08,AAPL,7,0.04996241256594658
2025-05-08,AAPL,8,0.050041310489177704
2025-05-08,AAPL,9,0.05002567544579506
2025-05-08,AAPL,10,0.049998458474874496
2025-05-08,AAPL,11,0.0499882735311985
2025-05-08,AAPL,12,0.05001075193285942
2025-05-08,AAPL,13,0.05004916712641716
2025-05-08,AAPL,14,0.05003831163048744
2025-05-08,AAPL,15,0.049929991364479065
2025-05-08,AAPL,16,0.04998697340488434
2025-05-08,AAPL,17,0.0499957874417305
2025-05-08,AAPL,18,0.05004260689020157
2025-05-08,AAPL,19,0.05003095045685768
2025-05-08,AAPL,20,0.049991708248853683
2025-05-08,ADBE,1,0.05004333332180977
2025-05-08,ADBE,2,0.0494411438703537
2025-05-08,ADBE,3,0.04986181855201721
2025-05-08,ADBE,4,0.05025365576148033
2025-05-08,ADBE,5,0.050192587077617645
2025-05-08,ADBE,6,0.049787163734436035
2025-05-08,ADBE,7,0.04949583858251572
2025-05-08,ADBE,8,0.050352975726127625
2025-05-08,ADBE,9,0.050259917974472046
2025-05-08,ADBE,10,0.04987311735749245
2025-05-08,ADBE,11,0.04969301074743271
2025-05-08,ADBE,12,0.049996618181467056
2025-05-08,ADBE,13,0.05042893439531326
2025-05-08,ADBE,14,0.050366006791591644
2025-05-08,ADBE,15,0.04935069382190704
2025-05-08,ADBE,16,0.049672484397888184
2025-05-08,ADBE,17,0.05005539581179619
2025-05-08,ADBE,18,0.050449151545763016
2025-05-08,ADBE,19,0.050336383283138275
2025-05-08,ADBE,20,0.05008985102176666
2025-05-08,AMD,1,0.05002455785870552
2025-05-08,AMD,2,0.049509573727846146
2025-05-08,AMD,3,0.04995233193039894
2025-05-08,AMD,4,0.05017109215259552
2025-05-08,AMD,5,0.05015548691153526
2025-05-08,AMD,6,0.04978952184319496
2025-05-08,AMD,7,0.04966597631573677
2025-05-08,AMD,8,0.050299327820539474
2025-05-08,AMD,9,0.05019291490316391
2025-05-08,AMD,10,0.04992125928401947
2025-05-08,AMD,11,0.0498182587325573
2025-05-08,AMD,12,0.050040990114212036
2025-05-08,AMD,13,0.05034951493144035
2025-05-08,AMD,14,0.05029227212071419
2025-05-08,AMD,15,0.04950452223420143
2025-05-08,AMD,16,0.04978108033537865
2025-05-08,AMD,17,0.05005200207233429
2025-05-08,AMD,18,0.05030016228556633
2025-05-08,AMD,19,0.05021337419748306
2025-05-08,AMD,20,0.049965810030698776
2025-05-08,CMCSA,1,0.050122953951358795
2025-05-08,CMCSA,2,0.049558088183403015
2025-05-08,CMCSA,3,0.0499456562101841
2025-05-08,CMCSA,4,0.0502932071685791
2025-05-08,CMCSA,5,0.05027184635400772
2025-05-08,CMCSA,6,0.04990142956376076
2025-05-08,CMCSA,7,0.04975457862019539
2025-05-08,CMCSA,8,0.05035972222685814
2025-05-08,CMCSA,9,0.050300389528274536
2025-05-08,CMCSA,10,0.0500020757317543
2025-05-08,CMCSA,11,0.049186527729034424
2025-05-08,CMCSA,12,0.04995853081345558
2025-05-08,CMCSA,13,0.05031494423747063
2025-05-08,CMCSA,14,0.05028389021754265
2025-05-08,CMCSA,15,0.04924386367201805
2025-05-08,CMCSA,16,0.049538180232048035
2025-05-08,CMCSA,17,0.05006131902337074
2025-05-08,CMCSA,18,0.05044025927782059
2025-05-08,CMCSA,19,0.05038942024111748
2025-05-08,CMCSA,20,0.05007307603955269
2025-05-08,COST,1,0.049997955560684204
2025-05-08,COST,2,0.04999292641878128
2025-05-08,COST,3,0.049997925758361816
2025-05-08,COST,4,0.050004880875349045
2025-05-08,COST,5,0.050003547221422195
2025-05-08,COST,6,0.04999852925539017
2025-05-08,COST,7,0.04999840259552002
2025-05-08,COST,8,0.05000665411353111
2025-05-08,COST,9,0.050003085285425186
2025-05-08,COST,10,0.04999932646751404
2025-05-08,COST,11,0.04999642074108124
2025-05-08,COST,12,0.04999990016222
2025-05-08,COST,13,0.05000773072242737
2025-05-08,COST,14,0.05000481382012367
2025-05-08,COST,15,0.04997948184609413
2025-05-08,COST,16,0.04999591410160065
2025-05-08,COST,17,0.05000028759241104
2025-05-08,COST,18,0.05000682920217514
2025-05-08,COST,19,0.05000488832592964
2025-05-08,COST,20,0.05000045523047447
2025-05-08,INTC,1,0.05009094253182411
2025-05-08,INTC,2,0.049558646976947784
2025-05-08,INTC,3,0.049900949001312256
2025-05-08,INTC,4,0.050182923674583435
2025-05-08,INTC,5,0.05017133057117462
2025-05-08,INTC,6,0.049869291484355927
2025-05-08,INTC,7,0.049585357308387756
2025-05-08,INTC,8,0.050343915820121765
2025-05-08,INTC,9,0.050253726541996
2025-05-08,INTC,10,0.04999789223074913
2025-05-08,INTC,11,0.04982641711831093
2025-05-08,INTC,12,0.049876946955919266
2025-05-08,INTC,13,0.05029183253645897
2025-05-08,INTC,14,0.05027390271425247
2025-05-08,INTC,15,0.049304038286209106
2025-05-08,INTC,16,0.049655359238386154
2025-05-08,INTC,17,0.05003580078482628
2025-05-08,INTC,18,0.05042129009962082
2025-05-08,INTC,19,0.05032012611627579
2025-05-08,INTC,20,0.05003933236002922
2025-05-08,INTU,1,0.04999726265668869
2025-05-08,INTU,2,0.04995526373386383
2025-05-08,INTU,3,0.049991052597761154
2025-05-08,INTU,4,0.050017014145851135
2025-05-08,INTU,5,0.050011444836854935
2025-05-08,INTU,6,0.04998301714658737
2025-05-08,INTU,7,0.04996557906270027
2025-05-08,INTU,8,0.05002274364233017
2025-05-08,INTU,9,0.05001048743724823
2025-05-08,INTU,10,0.049990490078926086
2025-05-08,INTU,11,0.04999154433608055
2025-05-08,INTU,12,0.050005197525024414
2025-05-08,INTU,13,0.05002618581056595
2025-05-08,INTU,14,0.05001970753073692
2025-05-08,INTU,15,0.04996129870414734
2025-05-08,INTU,16,0.049988579005002975
2025-05-08,INTU,17,0.050007253885269165
2025-05-08,INTU,18,0.05002466216683388
2025-05-08,INTU,19,0.050020307302474976
2025-05-08,INTU,20,0.05001095309853554
2025-05-08,MSFT,1,0.05000130459666252
2025-05-08,MSFT,2,0.04995265230536461
2025-05-08,MSFT,3,0.04999731108546257
2025-05-08,MSFT,4,0.0500224307179451
2025-05-08,MSFT,5,0.0500161312520504
2025-05-08,MSFT,6,0.0499698743224144
2025-05-08,MSFT,7,0.04994162544608116
2025-05-08,MSFT,8,0.05002596601843834
2025-05-08,MSFT,9,0.050011564046144485
2025-05-08,MSFT,10,0.0499822162091732
2025-05-08,MSFT,11,0.049982309341430664
2025-05-08,MSFT,12,0.050002820789813995
2025-05-08,MSFT,13,0.05003604292869568
2025-05-08,MSFT,14,0.05002675577998161
2025-05-08,MSFT,15,0.0499279722571373
2025-05-08,MSFT,16,0.050007764250040054
2025-05-08,MSFT,17,0.05001872405409813
2025-05-08,MSFT,18,0.050029266625642776
2025-05-08,MSFT,19,0.0500267818570137
2025-05-08,MSFT,20,0.050020504742860794
2025-05-08,QCOM,1,0.05002560466527939
2025-05-08,QCOM,2,0.04978559911251068
2025-05-08,QCOM,3,0.04999564215540886
2025-05-08,QCOM,4,0.05008517950773239
2025-05-08,QCOM,5,0.05006956681609154
2025-05-08,QCOM,6,0.04993665963411331
2025-05-08,QCOM,7,0.04988954961299896
2025-05-08,QCOM,8,0.050122518092393875
2025-05-08,QCOM,9,0.05008706822991371
2025-05-08,QCOM,10,0.04998692870140076
2025-05-08,QCOM,11,0.049976617097854614
2025-05-08,QCOM,12,0.05004826560616493
2025-05-08,QCOM,13,0.05014433339238167
2025-05-08,QCOM,14,0.05011037364602089
2025-05-08,QCOM,15,0.04982595890760422
2025-05-08,QCOM,16,0.04970245808362961
2025-05-08,QCOM,17,0.0500003844499588
2025-05-08,QCOM,18,0.050109148025512695
2025-05-08,QCOM,19,0.0500844307243824
2025-05-08,QCOM,20,0.05001365765929222
2025-05-08,SBUX,1,0.050086792558431625
2025-05-08,SBUX,2,0.04993150755763054
2025-05-08,SBUX,3,0.050048649311065674
2025-05-08,SBUX,4,0.05014500394463539
2025-05-08,SBUX,5,0.05011589825153351
2025-05-08,SBUX,6,0.04994050785899162
2025-05-08,SBUX,7,0.04985503479838371
2025-05-08,SBUX,8,0.050151120871305466
2025-05-08,SBUX,9,0.05012093111872673
2025-05-08,SBUX,10,0.049995291978120804
2025-05-08,SBUX,11,0.049893103539943695
2025-05-08,SBUX,12,0.05000532045960426
2025-05-08,SBUX,13,0.05019528418779373
2025-05-08,SBUX,14,0.050144221633672714
2025-05-08,SBUX,15,0.0493338406085968
2025-05-08,SBUX,16,0.049747392535209656
2025-05-08,SBUX,17,0.050007693469524384
2025-05-08,SBUX,18,0.05016439035534859
2025-05-08,SBUX,19,0.050126414746046066
2025-05-08,SBUX,20,0.04999152198433876
2025-05-09,AAPL,1,0.0498848520219326
2025-05-09,AAPL,2,0.04999065026640892
2025-05-09,AAPL,3,0.05002250894904137
2025-05-09,AAPL,4,0.050024133175611496
2025-05-09,AAPL,5,0.04997338727116585
2025-05-09,AAPL,6,0.04996605962514877
2025-05-09,AAPL,7,0.05004850775003433
2025-05-09,AAPL,8,0.05003136396408081
2025-05-09,AAPL,9,0.05000471696257591
2025-05-09,AAPL,10,0.049995046108961105
2025-05-09,AAPL,11,0.05001651868224144
2025-05-09,AAPL,12,0.05005420371890068
2025-05-09,AAPL,13,0.05004430562257767
2025-05-09,AAPL,14,0.049942225217819214
2025-05-09,AAPL,15,0.049996789544820786
2025-05-09,AAPL,16,0.050001997500658035
2025-05-09,AAPL,17,0.050049807876348495
2025-05-09,AAPL,18,0.0500393882393837
2025-05-09,AAPL,19,0.05000423267483711
2025-05-09,AAPL,20,0.049909256398677826
2025-05-09,ADBE,1,0.049291037023067474
2025-05-09,ADBE,2,0.04981628805398941
2025-05-09,ADBE,3,0.05028107389807701
2025-05-09,ADBE,4,0.050210196524858475
2025-05-09,ADBE,5,0.04976830258965492
2025-05-09,ADBE,6,0.04943782463669777
2025-05-09,ADBE,7,0.05046848580241203
2025-05-09,ADBE,8,0.05033108592033386
2025-05-09,ADBE,9,0.04989198222756386
2025-05-09,ADBE,10,0.049683939665555954
2025-05-09,ADBE,11,0.05002288147807121
2025-05-09,ADBE,12,0.05054052174091339
2025-05-09,ADBE,13,0.05046377703547478
2025-05-09,ADBE,14,0.0492221899330616
2025-05-09,ADBE,15,0.0496770516037941
2025-05-09,ADBE,16,0.050104547291994095
2025-05-09,ADBE,17,0.05057268962264061
2025-05-09,ADBE,18,0.05042843148112297
2025-05-09,ADBE,19,0.0501774437725544
2025-05-09,ADBE,20,0.04961026832461357
2025-05-09,AMD,1,0.04935544356703758
2025-05-09,AMD,2,0.04993153735995293
2025-05-09,AMD,3,0.05018308758735657
2025-05-09,AMD,4,0.05017293617129326
2025-05-09,AMD,5,0.049735601991415024
2025-05-09,AMD,6,0.049625296145677567
2025-05-09,AMD,7,0.05039789527654648
2025-05-09,AMD,8,0.05027231201529503
2025-05-09,AMD,9,0.04994097724556923
2025-05-09,AMD,10,0.049839265644550323
2025-05-09,AMD,11,0.05009577050805092
2025-05-09,AMD,12,0.05045185983181
2025-05-09,AMD,13,0.050387781113386154
2025-05-09,AMD,14,0.04944780096411705
2025-05-09,AMD,15,0.049818601459264755
2025-05-09,AMD,16,0.05011385679244995
2025-05-09,AMD,17,0.05038318783044815
2025-05-09,AMD,18,0.05028360337018967
2025-05-09,AMD,19,0.049999356269836426
2025-05-09,AMD,20,0.04956372454762459
2025-05-09,CMCSA,1,0.049460332840681076
2025-05-09,CMCSA,2,0.04996355623006821
2025-05-09,CMCSA,3,0.050368811935186386
2025-05-09,CMCSA,4,0.050348248332738876
2025-05-09,CMCSA,5,0.04992826655507088
2025-05-09,CMCSA,6,0.049789708107709885
2025-05-09,CMCSA,7,0.05050167068839073
2025-05-09,CMCSA,8,0.050412025302648544
2025-05-09,CMCSA,9,0.05006435886025429
2025-05-09,CMCSA,10,0.04898503050208092
2025-05-09,CMCSA,11,0.05000175163149834
2025-05-09,CMCSA,12,0.05041962489485741
2025-05-09,CMCSA,13,0.0503888875246048
2025-05-09,CMCSA,14,0.049046993255615234
2025-05-09,CMCSA,15,0.04952653869986534
2025-05-09,CMCSA,16,0.050147008150815964
2025-05-09,CMCSA,17,0.05060107260942459
2025-05-09,CMCSA,18,0.050544049590826035
2025-05-09,CMCSA,19,0.05018875375390053
2025-05-09,CMCSA,20,0.04931315407156944
2025-05-09,COST,1,0.049993064254522324
2025-05-09,COST,2,0.04999799281358719
2025-05-09,COST,3,0.0500037744641304
2025-05-09,COST,4,0.05000302195549011
2025-05-09,COST,5,0.049999967217445374
2025-05-09,COST,6,0.04999908432364464
2025-05-09,COST,7,0.05000520125031471
2025-05-09,COST,8,0.05000235512852669
2025-05-09,COST,9,0.04999952018260956
2025-05-09,COST,10,0.04999666288495064
2025-05-09,COST,11,0.04999986290931702
2025-05-09,COST,12,0.05000681430101395
2025-05-09,COST,13,0.05000457167625427
2025-05-09,COST,14,0.049984950572252274
2025-05-09,COST,15,0.049997635185718536
2025-05-09,COST,16,0.05000068247318268
2025-05-09,COST,17,0.05000612139701843
2025-05-09,COST,18,0.050004955381155014
2025-05-09,COST,19,0.05000179633498192
2025-05-09,COST,20,0.04999198019504547
2025-05-09,INTC,1,0.04944487288594246
2025-05-09,INTC,2,0.04986688494682312
2025-05-09,INTC,3,0.050192106515169144
2025-05-09,INTC,4,0.05019161477684975
2025-05-09,INTC,5,0.04988335445523262
2025-05-09,INTC,6,0.049576517194509506
2025-05-09,INTC,7,0.050467610359191895
2025-05-09,INTC,8,0.05033828318119049
2025-05-09,INTC,9,0.05003367364406586
2025-05-09,INTC,10,0.04983888566493988
2025-05-09,INTC,11,0.049874257296323776
2025-05-09,INTC,12,0.05035407468676567
2025-05-09,INTC,13,0.05034360662102699
2025-05-09,INTC,14,0.0491253025829792
2025-05-09,INTC,15,0.04964084550738335
2025-05-09,INTC,16,0.050093088299036026
2025-05-09,INTC,17,0.05055881291627884
2025-05-09,INTC,18,0.0504351481795311
2025-05-09,INTC,19,0.05011991038918495
2025-05-09,INTC,20,0.04962102323770523
2025-05-09,INTU,1,0.04994789883494377
2025-05-09,INTU,2,0.04998984560370445
2025-05-09,INTU,3,0.05001449212431908
2025-05-09,INTU,4,0.05001023784279823
2025-05-09,INTU,5,0.04998496547341347
2025-05-09,INTU,6,0.04996766149997711
2025-05-09,INTU,7,0.050023868680000305
2025-05-09,INTU,8,0.05001191794872284
2025-05-09,INTU,9,0.04999247193336487
2025-05-09,INTU,10,0.04999244213104248
2025-05-09,INTU,11,0.05000464618206024
2025-05-09,INTU,12,0.05002453550696373
2025-05-09,INTU,13,0.05001907795667648
2025-05-09,INTU,14,0.04996810108423233
2025-05-09,INTU,15,0.04999057576060295
2025-05-09,INTU,16,0.050006989389657974
2025-05-09,INTU,17,0.05002272501587868
2025-05-09,INTU,18,0.05001973733305931
2025-05-09,INTU,19,0.05001068115234375
2025-05-09,INTU,20,0.04999708756804466
2025-05-09,MSFT,1,0.04994529113173485
2025-05-09,MSFT,2,0.049995604902505875
2025-05-09,MSFT,3,0.050019342452287674
2025-05-09,MSFT,4,0.050014395266771317
2025-05-09,MSFT,5,0.04996947944164276
2025-05-09,MSFT,6,0.04993991553783417
2025-05-09,MSFT,7,0.05002954974770546
2025-05-09,MSFT,8,0.0500146746635437
2025-05-09,MSFT,9,0.04998476430773735
2025-05-09,MSFT,10,0.049984488636255264
2025-05-09,MSFT,11,0.05000421777367592
2025-05-09,MSFT,12,0.05003722757101059
2025-05-09,MSFT,13,0.05002828314900398
2025-05-09,MSFT,14,0.04993494972586632
2025-05-09,MSFT,15,0.05000636726617813
2025-05-09,MSFT,16,0.050015512853860855
2025-05-09,MSFT,17,0.050024669617414474
2025-05-09,MSFT,18,0.050022825598716736
2025-05-09,MSFT,19,0.050017617642879486
2025-05-09,MSFT,20,0.0500108040869236
2025-05-09,QCOM,1,0.04973316937685013
2025-05-09,QCOM,2,0.0499948188662529
2025-05-09,QCOM,3,0.05008985847234726
2025-05-09,QCOM,4,0.05007624253630638
2025-05-09,QCOM,5,0.04993806034326553
2025-05-09,QCOM,6,0.04989852383732796
2025-05-09,QCOM,7,0.050155483186244965
2025-05-09,QCOM,8,0.050113286823034286
2025-05-09,QCOM,9,0.05000925436615944
2025-05-09,QCOM,10,0.04999490827322006
2025-05-09,QCOM,11,0.05007002130150795
2025-05-09,QCOM,12,0.050170283764600754
2025-05-09,QCOM,13,0.05013331398367882
2025-05-09,QCOM,14,0.04982419312000275
2025-05-09,QCOM,15,0.04965676739811897
2025-05-09,QCOM,16,0.050009626895189285
2025-05-09,QCOM,17,0.05012878030538559
2025-05-09,QCOM,18,0.050102975219488144
2025-05-09,QCOM,19,0.05002647638320923
2025-05-09,QCOM,20,0.04987403005361557
2025-05-09,SBUX,1,0.049915388226509094
2025-05-09,SBUX,2,0.05006220564246178
2025-05-09,SBUX,3,0.05016644299030304
2025-05-09,SBUX,4,0.050137680023908615
2025-05-09,SBUX,5,0.049942124634981155
2025-05-09,SBUX,6,0.04985063523054123
2025-05-09,SBUX,7,0.05019431561231613
2025-05-09,SBUX,8,0.05016278848052025
2025-05-09,SBUX,9,0.05002477392554283
2025-05-09,SBUX,10,0.049913812428712845
2025-05-09,SBUX,11,0.05004286766052246
2025-05-09,SBUX,12,0.050256166607141495
2025-05-09,SBUX,13,0.05019687861204147
2025-05-09,SBUX,14,0.04922429099678993
2025-05-09,SBUX,15,0.049742043018341064
2025-05-09,SBUX,16,0.05004321411252022
2025-05-09,SBUX,17,0.05022263526916504
2025-05-09,SBUX,18,0.05017834156751633
2025-05-09,SBUX,19,0.05004343390464783
2025-05-09,SBUX,20,0.04968000575900078
2025-05-12,AAPL,1,0.04999040439724922
2025-05-12,AAPL,2,0.050015464425086975
2025-05-12,AAPL,3,0.05001780018210411
2025-05-12,AAPL,4,0.04997149854898453
2025-05-12,AAPL,5,0.04996583238244057
2025-05-12,AAPL,6,0.05003807693719864
2025-05-12,AAPL,7,0.050025030970573425
2025-05-12,AAPL,8,0.05000060424208641
2025-05-12,AAPL,9,0.049992579966783524
2025-05-12,AAPL,10,0.0500127337872982
2025-05-12,AAPL,11,0.050045598298311234
2025-05-12,AAPL,12,0.05003812164068222
2025-05-12,AAPL,13,0.04993759095668793
2025-05-12,AAPL,14,0.0499952994287014
2025-05-12,AAPL,15,0.04999998211860657
2025-05-12,AAPL,16,0.05003993213176727
2025-05-12,AAPL,17,0.050032105296850204
2025-05-12,AAPL,18,0.04999919608235359
2025-05-12,AAPL,19,0.049909841269254684
2025-05-12,AAPL,20,0.04997231811285019
2025-05-12,ADBE,1,0.049845729023218155
2025-05-12,ADBE,2,0.050239913165569305
2025-05-12,ADBE,3,0.05016806721687317
2025-05-12,ADBE,4,0.04973914846777916
2025-05-12,ADBE,5,0.049428995698690414
2025-05-12,ADBE,6,0.05042692646384239
2025-05-12,ADBE,7,0.05029682442545891
2025-05-12,ADBE,8,0.04986149072647095
2025-05-12,ADBE,9,0.04966219887137413
2025-05-12,ADBE,10,0.049991533160209656
2025-05-12,ADBE,11,0.050503041595220566
2025-05-12,ADBE,12,0.050435472279787064
2025-05-12,ADBE,13,0.04911578446626663
2025-05-12,ADBE,14,0.04965105652809143
2025-05-12,ADBE,15,0.0500684417784214
2025-05-12,ADBE,16,0.05053132772445679
2025-05-12,ADBE,17,0.05039556697010994
2025-05-12,ADBE,18,0.0501432791352272
2025-05-12,ADBE,19,0.04957624897360802
2025-05-12,ADBE,20,0.04991888254880905
2025-05-12,AMD,1,0.049934711307287216
2025-05-12,AMD,2,0.05014122277498245
2025-05-12,AMD,3,0.050132885575294495
2025-05-12,AMD,4,0.04971570894122124
2025-05-12,AMD,5,0.049616266041994095
2025-05-12,AMD,6,0.050358325242996216
2025-05-12,AMD,7,0.05024050921201706
2025-05-12,AMD,8,0.04991381987929344
2025-05-12,AMD,9,0.04982176795601845
2025-05-12,AMD,10,0.05006785690784454
2025-05-12,AMD,11,0.050413765013217926
2025-05-12,AMD,12,0.050357844680547714
2025-05-12,AMD,13,0.04937189072370529
2025-05-12,AMD,14,0.04980241134762764
2025-05-12,AMD,15,0.05008389428257942
2025-05-12,AMD,16,0.05034472420811653
2025-05-12,AMD,17,0.05025256425142288
2025-05-12,AMD,18,0.049975790083408356
2025-05-12,AMD,19,0.049537718296051025
2025-05-12,AMD,20,0.04991632327437401
2025-05-12,CMCSA,1,0.049991950392723083
2025-05-12,CMCSA,2,0.05033024027943611
2025-05-12,CMCSA,3,0.05030938237905502
2025-05-12,CMCSA,4,0.04990088567137718
2025-05-12,CMCSA,5,0.0497780479490757
2025-05-12,CMCSA,6,0.05046467110514641
2025-05-12,CMCSA,7,0.05038070306181908
2025-05-12,CMCSA,8,0.05004023388028145
2025-05-12,CMCSA,9,0.049004070460796356
2025-05-12,CMCSA,10,0.04997598007321358
2025-05-12,CMCSA,11,0.050382718443870544
2025-05-12,CMCSA,12,0.05035637691617012
2025-05-12,CMCSA,13,0.04893407225608826
2025-05-12,CMCSA,14,0.04951053485274315
2025-05-12,CMCSA,15,0.05011680722236633
2025-05-12,CMCSA,16,0.05056121572852135
2025-05-12,CMCSA,17,0.050511427223682404
2025-05-12,CMCSA,18,0.050156693905591965
2025-05-12,CMCSA,19,0.049293503165245056
2025-05-12,CMCSA,20,0.05000041052699089
2025-05-12,COST,1,0.049998313188552856
2025-05-12,COST,2,0.05000298097729683
2025-05-12,COST,3,0.05000250041484833
2025-05-12,COST,4,0.04999968037009239
2025-05-12,COST,5,0.04999911040067673
2025-05-12,COST,6,0.050003644078969955
2025-05-12,COST,7,0.05000222474336624
2025-05-12,COST,8,0.049999307841062546
2025-05-12,COST,9,0.04999677464365959
2025-05-12,COST,10,0.049999967217445374
2025-05-12,COST,11,0.050005532801151276
2025-05-12,COST,12,0.050004150718450546
2025-05-12,COST,13,0.0499858632683754
2025-05-12,COST,14,0.04999788850545883
2025-05-12,COST,15,0.0500008650124073
2025-05-12,COST,16,0.05000502988696098
2025-05-12,COST,17,0.05000431463122368
2025-05-12,COST,18,0.05000133067369461
2025-05-12,COST,19,0.04999260976910591
2025-05-12,COST,20,0.049997854977846146
2025-05-12,INTC,1,0.04989679530262947
2025-05-12,INTC,2,0.050160784274339676
2025-05-12,INTC,3,0.05015549436211586
2025-05-12,INTC,4,0.04986107349395752
2025-05-12,INTC,5,0.0495726615190506
2025-05-12,INTC,6,0.05043768882751465
2025-05-12,INTC,7,0.05031416565179825
2025-05-12,INTC,8,0.05001021549105644
2025-05-12,INTC,9,0.04982618987560272
2025-05-12,INTC,10,0.04985944554209709
2025-05-12,INTC,11,0.05032508075237274
2025-05-12,INTC,12,0.050318460911512375
2025-05-12,INTC,13,0.04901484027504921
2025-05-12,INTC,14,0.04961666092276573
2025-05-12,INTC,15,0.05006581172347069
2025-05-12,INTC,16,0.0505281537771225
2025-05-12,INTC,17,0.05041124299168587
2025-05-12,INTC,18,0.05009176582098007
2025-05-12,INTC,19,0.049583446234464645
2025-05-12,INTC,20,0.04995010793209076
2025-05-12,INTU,1,0.04998917132616043
2025-05-12,INTU,2,0.0500086173415184
2025-05-12,INTU,3,0.05000586807727814
2025-05-12,INTU,4,0.04998430237174034
2025-05-12,INTU,5,0.04996974766254425
2025-05-12,INTU,6,0.05001640319824219
2025-05-12,INTU,7,0.05000787600874901
2025-05-12,INTU,8,0.04999082535505295
2025-05-12,INTU,9,0.04999101907014847
2025-05-12,INTU,10,0.05000242590904236
2025-05-12,INTU,11,0.05001873895525932
2025-05-12,INTU,12,0.05001502111554146
2025-05-12,INTU,13,0.049966588616371155
2025-05-12,INTU,14,0.04999011382460594
2025-05-12,INTU,15,0.05000476911664009
2025-05-12,INTU,16,0.05001751706004143
2025-05-12,INTU,17,0.050015538930892944
2025-05-12,INTU,18,0.050007689744234085
2025-05-12,INTU,19,0.04999559745192528
2025-05-12,INTU,20,0.05000222474336624
2025-05-12,MSFT,1,0.04999394714832306
2025-05-12,MSFT,2,0.050012100487947464
2025-05-12,MSFT,3,0.05000867322087288
2025-05-12,MSFT,4,0.04996880888938904
2025-05-12,MSFT,5,0.04994312301278114
2025-05-12,MSFT,6,0.05002012476325035
2025-05-12,MSFT,7,0.05000894516706467
2025-05-12,MSFT,8,0.04998186603188515
2025-05-12,MSFT,9,0.049982622265815735
2025-05-12,MSFT,10,0.05000108480453491
2025-05-12,MSFT,11,0.05002918466925621
2025-05-12,MSFT,12,0.05002262443304062
2025-05-12,MSFT,13,0.04993412271142006
2025-05-12,MSFT,14,0.05000466853380203
2025-05-12,MSFT,15,0.050012681633234024
2025-05-12,MSFT,16,0.05002010986208916
2025-05-12,MSFT,17,0.05001891404390335
2025-05-12,MSFT,18,0.050014059990644455
2025-05-12,MSFT,19,0.05000792816281319
2025-05-12,MSFT,20,0.05001445859670639
2025-05-12,QCOM,1,0.049992453306913376
2025-05-12,QCOM,2,0.050066713243722916
2025-05-12,QCOM,3,0.05005565285682678
2025-05-12,QCOM,4,0.0499294139444828
2025-05-12,QCOM,5,0.04989607259631157
2025-05-12,QCOM,6,0.050131905823946
2025-05-12,QCOM,7,0.05009516328573227
2025-05-12,QCOM,8,0.04999835044145584
2025-05-12,QCOM,9,0.04998566955327988
2025-05-12,QCOM,10,0.050055716186761856
2025-05-12,QCOM,11,0.05014706403017044
2025-05-12,QCOM,12,0.05011497810482979
2025-05-12,QCOM,13,0.04980161413550377
2025-05-12,QCOM,14,0.04968063905835152
2025-05-12,QCOM,15,0.0499982088804245
2025-05-12,QCOM,16,0.05010415241122246
2025-05-12,QCOM,17,0.05008208379149437
2025-05-12,QCOM,18,0.05000947043299675
2025-05-12,QCOM,19,0.04986611008644104
2025-05-12,QCOM,20,0.04998861625790596
2025-05-12,SBUX,1,0.05008053407073021
2025-05-12,SBUX,2,0.05016477778553963
2025-05-12,SBUX,3,0.050138507038354874
2025-05-12,SBUX,4,0.049956467002630234
2025-05-12,SBUX,5,0.049874529242515564
2025-05-12,SBUX,6,0.05018826201558113
2025-05-12,SBUX,7,0.050162043422460556
2025-05-12,SBUX,8,0.050031740218400955
2025-05-12,SBUX,9,0.04993176460266113
2025-05-12,SBUX,10,0.050051745027303696
2025-05-12,SBUX,11,0.050248775631189346
2025-05-12,SBUX,12,0.05019649490714073
2025-05-12,SBUX,13,0.04920966550707817
2025-05-12,SBUX,14,0.04975902661681175
2025-05-12,SBUX,15,0.05004461482167244
2025-05-12,SBUX,16,0.050208237022161484
2025-05-12,SBUX,17,0.050170864909887314
2025-05-12,SBUX,18,0.05003966763615608
2025-05-12,SBUX,19,0.049686774611473083
2025-05-12,SBUX,20,0.04985549673438072
2025-05-13,AAPL,1,0.050014469772577286
2025-05-13,AAPL,2,0.050015781074762344
2025-05-13,AAPL,3,0.04996944218873978
2025-05-13,AAPL,4,0.04996377229690552
2025-05-13,AAPL,5,0.05003601312637329
2025-05-13,AAPL,6,0.05002296715974808
2025-05-13,AAPL,7,0.04999854043126106
2025-05-13,AAPL,8,0.049990519881248474
2025-05-13,AAPL,9,0.050010669976472855
2025-05-13,AAPL,10,0.050043534487485886
2025-05-13,AAPL,11,0.05003605782985687
2025-05-13,AAPL,12,0.049935534596443176
2025-05-13,AAPL,13,0.04999323934316635
2025-05-13,AAPL,14,0.04999791830778122
2025-05-13,AAPL,15,0.050037868320941925
2025-05-13,AAPL,16,0.05003004148602486
2025-05-13,AAPL,17,0.049997132271528244
2025-05-13,AAPL,18,0.049907784909009933
2025-05-13,AAPL,19,0.04997025430202484
2025-05-13,AAPL,20,0.05002851039171219
2025-05-13,ADBE,1,0.05025160312652588
2025-05-13,ADBE,2,0.05014222860336304
2025-05-13,ADBE,3,0.04971030354499817
2025-05-13,ADBE,4,0.04939962923526764
2025-05-13,ADBE,5,0.05039684474468231
2025-05-13,ADBE,6,0.0502668060362339
2025-05-13,ADBE,7,0.049831729382276535
2025-05-13,ADBE,8,0.04963255301117897
2025-05-13,ADBE,9,0.04996168985962868
2025-05-13,ADBE,10,0.050472892820835114
2025-05-13,ADBE,11,0.050405364483594894
2025-05-13,ADBE,12,0.04908646643161774
2025-05-13,ADBE,13,0.04962141811847687
2025-05-13,ADBE,14,0.05003855377435684
2025-05-13,ADBE,15,0.05050116404891014
2025-05-13,ADBE,16,0.05036548525094986
2025-05-13,ADBE,17,0.05011335015296936
2025-05-13,ADBE,18,0.049546655267477036
2025-05-13,ADBE,19,0.049889083951711655
2025-05-13,ADBE,20,0.05036609619855881
2025-05-13,AMD,1,0.050145670771598816
2025-05-13,AMD,2,0.05011659488081932
2025-05-13,AMD,3,0.04969801753759384
2025-05-13,AMD,4,0.049598246812820435
2025-05-13,AMD,5,0.050339967012405396
2025-05-13,AMD,6,0.050222188234329224
2025-05-13,AMD,7,0.04989561811089516
2025-05-13,AMD,8,0.04980359598994255
2025-05-13,AMD,9,0.05004959553480148
2025-05-13,AMD,10,0.050395380705595016
2025-05-13,AMD,11,0.050339482724666595
2025-05-13,AMD,12,0.049353886395692825
2025-05-13,AMD,13,0.04978425055742264
2025-05-13,AMD,14,0.05006562918424606
2025-05-13,AMD,15,0.05032636225223541
2025-05-13,AMD,16,0.05023423582315445
2025-05-13,AMD,17,0.04995756223797798
2025-05-13,AMD,18,0.049519650638103485
2025-05-13,AMD,19,0.04989812150597572
2025-05-13,AMD,20,0.05025588721036911
2025-05-13,CMCSA,1,0.05033169686794281
2025-05-13,CMCSA,2,0.05028112605214119
2025-05-13,CMCSA,3,0.04987085610628128
2025-05-13,CMCSA,4,0.049747828394174576
2025-05-13,CMCSA,5,0.050432659685611725
2025-05-13,CMCSA,6,0.05034908279776573
2025-05-13,CMCSA,7,0.0500093549489975
2025-05-13,CMCSA,8,0.048975422978401184
2025-05-13,CMCSA,9,0.04994545131921768
2025-05-13,CMCSA,10,0.050351016223430634
2025-05-13,CMCSA,11,0.05032476782798767
2025-05-13,CMCSA,12,0.048905763775110245
2025-05-13,CMCSA,13,0.049480799585580826
2025-05-13,CMCSA,14,0.05008593946695328
2025-05-13,CMCSA,15,0.050529059022665024
2025-05-13,CMCSA,16,0.05047941207885742
2025-05-13,CMCSA,17,0.05012547969818115
2025-05-13,CMCSA,18,0.04926421120762825
2025-05-13,CMCSA,19,0.049969520419836044
2025-05-13,CMCSA,20,0.05054054781794548
2025-05-13,COST,1,0.05000272020697594
2025-05-13,COST,2,0.050002194941043854
2025-05-13,COST,3,0.04999937117099762
2025-05-13,COST,4,0.049998801201581955
2025-05-13,COST,5,0.050003331154584885
2025-05-13,COST,6,0.05000191181898117
2025-05-13,COST,7,0.04999899864196777
2025-05-13,COST,8,0.04999646544456482
2025-05-13,COST,9,0.0499996580183506
2025-05-13,COST,10,0.0500052236020565
2025-05-13,COST,11,0.050003837794065475
2025-05-13,COST,12,0.049985554069280624
2025-05-13,COST,13,0.04999757558107376
2025-05-13,COST,14,0.05000055581331253
2025-05-13,COST,15,0.05000471696257591
2025-05-13,COST,16,0.05000400170683861
2025-05-13,COST,17,0.05000102147459984
2025-05-13,COST,18,0.04999229684472084
2025-05-13,COST,19,0.04999754577875137
2025-05-13,COST,20,0.05000421777367592
2025-05-13,INTC,1,0.05016909912228584
2025-05-13,INTC,2,0.0501333512365818
2025-05-13,INTC,3,0.04983586445450783
2025-05-13,INTC,4,0.049546945840120316
2025-05-13,INTC,5,0.050411392003297806
2025-05-13,INTC,6,0.05028791353106499
2025-05-13,INTC,7,0.049984123557806015
2025-05-13,INTC,8,0.049800191074609756
2025-05-13,INTC,9,0.049833428114652634
2025-05-13,INTC,10,0.050298821181058884
2025-05-13,INTC,11,0.050292205065488815
2025-05-13,INTC,12,0.04898926615715027
2025-05-13,INTC,13,0.04959077015519142
2025-05-13,INTC,14,0.05003968998789787
2025-05-13,INTC,15,0.05050178989768028
2025-05-13,INTC,16,0.05038493871688843
2025-05-13,INTC,17,0.05006562918424606
2025-05-13,INTC,18,0.04955757409334183
2025-05-13,INTC,19,0.04992404580116272
2025-05-13,INTC,20,0.05035293847322464
2025-05-13,INTU,1,0.05000784620642662
2025-05-13,INTU,2,0.050004635006189346
2025-05-13,INTU,3,0.049983058124780655
2025-05-13,INTU,4,0.04996850714087486
2025-05-13,INTU,5,0.0500151589512825
2025-05-13,INTU,6,0.05000663176178932
2025-05-13,INTU,7,0.04998958110809326
2025-05-13,INTU,8,0.04998977482318878
2025-05-13,INTU,9,0.05000118166208267
2025-05-13,INTU,10,0.05001749098300934
2025-05-13,INTU,11,0.05001377314329147
2025-05-13,INTU,12,0.04996534809470177
2025-05-13,INTU,13,0.049988869577646255
2025-05-13,INTU,14,0.050003524869680405
2025-05-13,INTU,15,0.05001627281308174
2025-05-13,INTU,16,0.05001429468393326
2025-05-13,INTU,17,0.0500064454972744
2025-05-13,INTU,18,0.04999434947967529
2025-05-13,INTU,19,0.050000980496406555
2025-05-13,INTU,20,0.05001238361001015
2025-05-13,MSFT,1,0.050011374056339264
2025-05-13,MSFT,2,0.05000730976462364
2025-05-13,MSFT,3,0.049967434257268906
2025-05-13,MSFT,4,0.04994174465537071
2025-05-13,MSFT,5,0.05001874640583992
2025-05-13,MSFT,6,0.050007566809654236
2025-05-13,MSFT,7,0.049980487674474716
2025-05-13,MSFT,8,0.049981243908405304
2025-05-13,MSFT,9,0.04999970272183418
2025-05-13,MSFT,10,0.05002780631184578
2025-05-13,MSFT,11,0.05002124607563019
2025-05-13,MSFT,12,0.04993274435400963
2025-05-13,MSFT,13,0.0500032901763916
2025-05-13,MSFT,14,0.05001130327582359
2025-05-13,MSFT,15,0.05001872777938843
2025-05-13,MSFT,16,0.05001753196120262
2025-05-13,MSFT,17,0.050012681633234024
2025-05-13,MSFT,18,0.050006549805402756
2025-05-13,MSFT,19,0.05001307651400566
2025-05-13,MSFT,20,0.05001945421099663
2025-05-13,QCOM,1,0.05006694421172142
2025-05-13,QCOM,2,0.05005048215389252
2025-05-13,QCOM,3,0.04992397129535675
2025-05-13,QCOM,4,0.04989059641957283
2025-05-13,QCOM,5,0.050126396119594574
2025-05-13,QCOM,6,0.05008965730667114
2025-05-13,QCOM,7,0.04999285563826561
2025-05-13,QCOM,8,0.049980178475379944
2025-05-13,QCOM,9,0.050050217658281326
2025-05-13,QCOM,10,0.050141554325819016
2025-05-13,QCOM,11,0.05010947212576866
2025-05-13,QCOM,12,0.04979614168405533
2025-05-13,QCOM,13,0.04967518150806427
2025-05-13,QCOM,14,0.04999271407723427
2025-05-13,QCOM,15,0.05009864643216133
2025-05-13,QCOM,16,0.05007657781243324
2025-05-13,QCOM,17,0.05000397562980652
2025-05-13,QCOM,18,0.049860630184412
2025-05-13,QCOM,19,0.04998312518000603
2025-05-13,QCOM,20,0.05009062588214874
2025-05-13,SBUX,1,0.05016322806477547
2025-05-13,SBUX,2,0.05013253912329674
2025-05-13,SBUX,3,0.049950290471315384
2025-05-13,SBUX,4,0.049868326634168625
2025-05-13,SBUX,5,0.05018201842904091
2025-05-13,SBUX,6,0.05015580356121063
2025-05-13,SBUX,7,0.050025515258312225
2025-05-13,SBUX,8,0.0499255545437336
2025-05-13,SBUX,9,0.05004551634192467
2025-05-13,SBUX,10,0.050242528319358826
2025-05-13,SBUX,11,0.05019025132060051
2025-05-13,SBUX,12,0.0492035448551178
2025-05-13,SBUX,13,0.04975283890962601
2025-05-13,SBUX,14,0.05003838986158371
2025-05-13,SBUX,15,0.05020198971033096
2025-05-13,SBUX,16,0.05016462504863739
2025-05-13,SBUX,17,0.05003344267606735
2025-05-13,SBUX,18,0.049680594354867935
2025-05-13,SBUX,19,0.04984929412603378
2025-05-13,SBUX,20,0.05019364506006241
2025-05-14,AAPL,1,0.05001576617360115
2025-05-14,AAPL,2,0.049968935549259186
2025-05-14,AAPL,3,0.04996321350336075
2025-05-14,AAPL,4,0.050035446882247925
2025-05-14,AAPL,5,0.05002240464091301
2025-05-14,AAPL,6,0.049997977912425995
2025-05-14,AAPL,7,0.04998995363712311
2025-05-14,AAPL,8,0.05001010745763779
2025-05-14,AAPL,9,0.05004297196865082
2025-05-14,AAPL,10,0.050035495311021805
2025-05-14,AAPL,11,0.04993497207760811
2025-05-14,AAPL,12,0.049992676824331284
2025-05-14,AAPL,13,0.04999735578894615
2025-05-14,AAPL,14,0.05003730580210686
2025-05-14,AAPL,15,0.05002947896718979
2025-05-14,AAPL,16,0.049996569752693176
2025-05-14,AAPL,17,0.049907222390174866
2025-05-14,AAPL,18,0.049969691783189774
2025-05-14,AAPL,19,0.05002794787287712
2025-05-14,AAPL,20,0.05002455785870552
2025-05-14,ADBE,1,0.05014823004603386
2025-05-14,ADBE,2,0.049708619713783264
2025-05-14,ADBE,3,0.04939543828368187
2025-05-14,ADBE,4,0.05039205774664879
2025-05-14,ADBE,5,0.050261951982975006
2025-05-14,ADBE,6,0.04982690513134003
2025-05-14,ADBE,7,0.04962775111198425
2025-05-14,ADBE,8,0.049956854432821274
2025-05-14,ADBE,9,0.05046800896525383
2025-05-14,ADBE,10,0.05040048807859421
2025-05-14,ADBE,11,0.0490817129611969
2025-05-14,ADBE,12,0.04961661249399185
2025-05-14,ADBE,13,0.05003371089696884
2025-05-14,ADBE,14,0.05049627646803856
2025-05-14,ADBE,15,0.05036060884594917
2025-05-14,ADBE,16,0.05010849982500076
2025-05-14,ADBE,17,0.049541860818862915
2025-05-14,ADBE,18,0.04988425597548485
2025-05-14,ADBE,19,0.05036121979355812
2025-05-14,ADBE,20,0.050328776240348816
2025-05-14,AMD,1,0.050122104585170746
2025-05-14,AMD,2,0.04969710856676102
2025-05-14,AMD,3,0.049595460295677185
2025-05-14,AMD,4,0.05033678188920021
2025-05-14,AMD,5,0.05021896958351135
2025-05-14,AMD,6,0.04989241436123848
2025-05-14,AMD,7,0.04980039596557617
2025-05-14,AMD,8,0.05004637688398361
2025-05-14,AMD,9,0.050392139703035355
2025-05-14,AMD,10,0.05033624544739723
2025-05-14,AMD,11,0.049350712448358536
2025-05-14,AMD,12,0.04978104680776596
2025-05-14,AMD,13,0.050062406808137894
2025-05-14,AMD,14,0.05032312870025635
2025-05-14,AMD,15,0.05023100599646568
2025-05-14,AMD,16,0.04995435103774071
2025-05-14,AMD,17,0.0495164655148983
2025-05-14,AMD,18,0.04989491403102875
2025-05-14,AMD,19,0.050252657383680344
2025-05-14,AMD,20,0.05019529163837433
2025-05-14,CMCSA,1,0.05028464272618294
2025-05-14,CMCSA,2,0.049865663051605225
2025-05-14,CMCSA,3,0.049740131944417953
2025-05-14,CMCSA,4,0.05042304843664169
2025-05-14,CMCSA,5,0.050339777022600174
2025-05-14,CMCSA,6,0.050000641494989395
2025-05-14,CMCSA,7,0.048968516290187836
2025-05-14,CMCSA,8,0.049937065690755844
2025-05-14,CMCSA,9,0.050341613590717316
2025-05-14,CMCSA,10,0.05031545087695122
2025-05-14,CMCSA,11,0.04889916256070137
2025-05-14,CMCSA,12,0.049473002552986145
2025-05-14,CMCSA,13,0.050077274441719055
2025-05-14,CMCSA,14,0.05051928013563156
2025-05-14,CMCSA,15,0.05046975240111351
2025-05-14,CMCSA,16,0.05011647567152977
2025-05-14,CMCSA,17,0.04925676807761192
2025-05-14,CMCSA,18,0.049960777163505554
2025-05-14,CMCSA,19,0.05053061246871948
2025-05-14,CMCSA,20,0.05048030614852905
2025-05-14,COST,1,0.050002310425043106
2025-05-14,COST,2,0.04999948665499687
2025-05-14,COST,3,0.04999891668558121
2025-05-14,COST,4,0.05000344663858414
2025-05-14,COST,5,0.05000202730298042
2025-05-14,COST,6,0.049999114125967026
2025-05-14,COST,7,0.04999658092856407
2025-05-14,COST,8,0.049999773502349854
2025-05-14,COST,9,0.05000533536076546
2025-05-14,COST,10,0.05000395327806473
2025-05-14,COST,11,0.04998566955327988
2025-05-14,COST,12,0.04999769106507301
2025-05-14,COST,13,0.050000667572021484
2025-05-14,COST,14,0.050004832446575165
2025-05-14,COST,15,0.05000411719083786
2025-05-14,COST,16,0.05000113695859909
2025-05-14,COST,17,0.04999241232872009
2025-05-14,COST,18,0.04999765753746033
2025-05-14,COST,19,0.05000433325767517
2025-05-14,COST,20,0.05000060424208641
2025-05-14,INTC,1,0.050144873559474945
2025-05-14,INTC,2,0.049830205738544464
2025-05-14,INTC,3,0.04953742399811745
2025-05-14,INTC,4,0.05040085315704346
2025-05-14,INTC,5,0.05027730017900467
2025-05-14,INTC,6,0.04997355863451958
2025-05-14,INTC,7,0.0497896634042263
2025-05-14,INTC,8,0.04982289299368858
2025-05-14,INTC,9,0.05028818920254707
2025-05-14,INTC,10,0.050281573086977005
2025-05-14,INTC,11,0.048978909850120544
2025-05-14,INTC,12,0.04958028718829155
2025-05-14,INTC,13,0.05002911016345024
2025-05-14,INTC,14,0.05049111321568489
2025-05-14,INTC,15,0.050374288111925125
2025-05-14,INTC,16,0.05005504563450813
2025-05-14,INTC,17,0.04954709857702255
2025-05-14,INTC,18,0.04991349205374718
2025-05-14,INTC,19,0.050342291593551636
2025-05-14,INTC,20,0.050341881811618805
2025-05-14,INTU,1,0.050004612654447556
2025-05-14,INTU,2,0.0499829463660717
2025-05-14,INTU,3,0.04996838793158531
2025-05-14,INTU,4,0.05001503974199295
2025-05-14,INTU,5,0.05000651255249977
2025-05-14,INTU,6,0.04998946189880371
2025-05-14,INTU,7,0.04998965561389923
2025-05-14,INTU,8,0.05000106245279312
2025-05-14,INTU,9,0.05001737177371979
2025-05-14,INTU,10,0.05001365393400192
2025-05-14,INTU,11,0.049965228885412216
2025-05-14,INTU,12,0.049988750368356705
2025-05-14,INTU,13,0.050003405660390854
2025-05-14,INTU,14,0.05001615360379219
2025-05-14,INTU,15,0.05001417174935341
2025-05-14,INTU,16,0.05000632628798485
2025-05-14,INTU,17,0.04999423027038574
2025-05-14,INTU,18,0.050000861287117004
2025-05-14,INTU,19,0.050012264400720596
2025-05-14,INTU,20,0.05001000687479973
2025-05-14,MSFT,1,0.0500071682035923
2025-05-14,MSFT,2,0.04996710270643234
2025-05-14,MSFT,3,0.049941401928663254
2025-05-14,MSFT,4,0.05001839995384216
2025-05-14,MSFT,5,0.05000722035765648
2025-05-14,MSFT,6,0.04998014122247696
2025-05-14,MSFT,7,0.04998089373111725
2025-05-14,MSFT,8,0.049999356269836426
2025-05-14,MSFT,9,0.050027456134557724
2025-05-14,MSFT,10,0.05002089589834213
2025-05-14,MSFT,11,0.04993239790201187
2025-05-14,MSFT,12,0.050002943724393845
2025-05-14,MSFT,13,0.050010956823825836
2025-05-14,MSFT,14,0.05001838132739067
2025-05-14,MSFT,15,0.050017185509204865
2025-05-14,MSFT,16,0.05001233145594597
2025-05-14,MSFT,17,0.050006203353405
2025-05-14,MSFT,18,0.050012730062007904
2025-05-14,MSFT,19,0.05001910403370857
2025-05-14,MSFT,20,0.050017762929201126
2025-05-14,QCOM,1,0.050052057951688766
2025-05-14,QCOM,2,0.0499236062169075
2025-05-14,QCOM,3,0.049889951944351196
2025-05-14,QCOM,4,0.050125718116760254
2025-05-14,QCOM,5,0.05008897930383682
2025-05-14,QCOM,6,0.04999217391014099
2025-05-14,QCOM,7,0.049979496747255325
2025-05-14,QCOM,8,0.05004953593015671
2025-05-14,QCOM,9,0.0501408725976944
2025-05-14,QCOM,10,0.05010879039764404
2025-05-14,QCOM,11,0.04979546368122101
2025-05-14,QCOM,12,0.04967450723052025
2025-05-14,QCOM,13,0.04999203607439995
2025-05-14,QCOM,14,0.05009796842932701
2025-05-14,QCOM,15,0.05007589980959892
2025-05-14,QCOM,16,0.0500032976269722
2025-05-14,QCOM,17,0.04985995218157768
2025-05-14,QCOM,18,0.04998244345188141
2025-05-14,QCOM,19,0.050089944154024124
2025-05-14,QCOM,20,0.05007733404636383
2025-05-14,SBUX,1,0.050132930278778076
2025-05-14,SBUX,2,0.04994944483041763
2025-05-14,SBUX,3,0.049867283552885056
2025-05-14,SBUX,4,0.05018094554543495
2025-05-14,SBUX,5,0.05015472695231438
2025-05-14,SBUX,6,0.05002444237470627
2025-05-14,SBUX,7,0.04992448166012764
2025-05-14,SBUX,8,0.05004444345831871
2025-05-14,SBUX,9,0.05024144798517227
2025-05-14,SBUX,10,0.050189174711704254
2025-05-14,SBUX,11,0.049202486872673035
2025-05-14,SBUX,12,0.04975176975131035
2025-05-14,SBUX,13,0.05003731697797775
2025-05-14,SBUX,14,0.05020091310143471
2025-05-14,SBUX,15,0.050163548439741135
2025-05-14,SBUX,16,0.050032369792461395
2025-05-14,SBUX,17,0.049679528921842575
2025-05-14,SBUX,18,0.049848224967718124
2025-05-14,SBUX,19,0.05019256845116615
2025-05-14,SBUX,20,0.05018198490142822
2025-05-15,AAPL,1,0.04997112974524498
2025-05-15,AAPL,2,0.04996446520090103
2025-05-15,AAPL,3,0.05003664270043373
2025-05-15,AAPL,4,0.05002359300851822
2025-05-15,AAPL,5,0.049999166280031204
2025-05-15,AAPL,6,0.04999114200472832
2025-05-15,AAPL,7,0.050011295825242996
2025-05-15,AAPL,8,0.05004416033625603
2025-05-15,AAPL,9,0.050036683678627014
2025-05-15,AAPL,10,0.04993615671992302
2025-05-15,AAPL,11,0.04999386519193649
2025-05-15,AAPL,12,0.04999854415655136
2025-05-15,AAPL,13,0.05003849416971207
2025-05-15,AAPL,14,0.050030667334795
2025-05-15,AAPL,15,0.049997758120298386
2025-05-15,AAPL,16,0.04990840703248978
2025-05-15,AAPL,17,0.04997088015079498
2025-05-15,AAPL,18,0.05002913624048233
2025-05-15,AAPL,19,0.05002574622631073
2025-05-15,AAPL,20,0.04999203979969025
2025-05-15,ADBE,1,0.04974149167537689
2025-05-15,ADBE,2,0.04940551891922951
2025-05-15,ADBE,3,0.050398088991642
2025-05-15,ADBE,4,0.050267357379198074
2025-05-15,ADBE,5,0.04983219876885414
2025-05-15,ADBE,6,0.049633003771305084
2025-05-15,ADBE,7,0.04996214061975479
2025-05-15,ADBE,8,0.050473347306251526
2025-05-15,ADBE,9,0.05040581896901131
2025-05-15,ADBE,10,0.049086906015872955
2025-05-15,ADBE,11,0.049621861428022385
2025-05-15,ADBE,12,0.050039004534482956
2025-05-15,ADBE,13,0.05050161853432655
2025-05-15,ADBE,14,0.050365936011075974
2025-05-15,ADBE,15,0.050113797187805176
2025-05-15,ADBE,16,0.04954709857702255
2025-05-15,ADBE,17,0.04988953098654747
2025-05-15,ADBE,18,0.05036654695868492
2025-05-15,ADBE,19,0.05033409968018532
2025-05-15,ADBE,20,0.050014570355415344
2025-05-15,AMD,1,0.04972356930375099
2025-05-15,AMD,2,0.04960620775818825
2025-05-15,AMD,3,0.05034470185637474
2025-05-15,AMD,4,0.05022650212049484
2025-05-15,AMD,5,0.04989984631538391
2025-05-15,AMD,6,0.04980780929327011
2025-05-15,AMD,7,0.05005382373929024
2025-05-15,AMD,8,0.05039963871240616
2025-05-15,AMD,9,0.05034373328089714
2025-05-15,AMD,10,0.049358054995536804
2025-05-15,AMD,11,0.0497884564101696
2025-05-15,AMD,12,0.05006985738873482
2025-05-15,AMD,13,0.050330616533756256
2025-05-15,AMD,14,0.050238482654094696
2025-05-15,AMD,15,0.04996178299188614
2025-05-15,AMD,16,0.04952383413910866
2025-05-15,AMD,17,0.04990233853459358
2025-05-15,AMD,18,0.05026013404130936
2025-05-15,AMD,19,0.050202760845422745
2025-05-15,AMD,20,0.049957871437072754
2025-05-15,CMCSA,1,0.04990675300359726
2025-05-15,CMCSA,2,0.049757860600948334
2025-05-15,CMCSA,3,0.05043594539165497
2025-05-15,CMCSA,4,0.05035234987735748
2025-05-15,CMCSA,5,0.05001349374651909
2025-05-15,CMCSA,6,0.04898236691951752
2025-05-15,CMCSA,7,0.04995013400912285
2025-05-15,CMCSA,8,0.05035404488444328
2025-05-15,CMCSA,9,0.05032794177532196
2025-05-15,CMCSA,10,0.048913225531578064
2025-05-15,CMCSA,11,0.04948635771870613
2025-05-15,CMCSA,12,0.05009017139673233
2025-05-15,CMCSA,13,0.050531480461359024
2025-05-15,CMCSA,14,0.05048203095793724
2025-05-15,CMCSA,15,0.050129130482673645
2025-05-15,CMCSA,16,0.04927031323313713
2025-05-15,CMCSA,17,0.04997357726097107
2025-05-15,CMCSA,18,0.05054269731044769
2025-05-15,CMCSA,19,0.05049242079257965
2025-05-15,CMCSA,20,0.050007808953523636
2025-05-15,COST,1,0.0499999076128006
2025-05-15,COST,2,0.04999933019280434
2025-05-15,COST,3,0.050003860145807266
2025-05-15,COST,4,0.05000244453549385
2025-05-15,COST,5,0.049999527633190155
2025-05-15,COST,6,0.0499969944357872
2025-05-15,COST,7,0.05000018700957298
2025-05-15,COST,8,0.050005752593278885
2025-05-15,COST,9,0.05000436678528786
2025-05-15,COST,10,0.049986083060503006
2025-05-15,COST,11,0.04999810457229614
2025-05-15,COST,12,0.05000108480453491
2025-05-15,COST,13,0.050005245953798294
2025-05-15,COST,14,0.05000453069806099
2025-05-15,COST,15,0.05000155046582222
2025-05-15,COST,16,0.04999282583594322
2025-05-15,COST,17,0.049998074769973755
2025-05-15,COST,18,0.0500047467648983
2025-05-15,COST,19,0.05000101774930954
2025-05-15,COST,20,0.04999443516135216
2025-05-15,INTC,1,0.04988233745098114
2025-05-15,INTC,2,0.049561209976673126
2025-05-15,INTC,3,0.05041898414492607
2025-05-15,INTC,4,0.05029463768005371
2025-05-15,INTC,5,0.0499907024204731
2025-05-15,INTC,6,0.04980672523379326
2025-05-15,INTC,7,0.049839965999126434
2025-05-15,INTC,8,0.05030541867017746
2025-05-15,INTC,9,0.05029880255460739
2025-05-15,INTC,10,0.048995692282915115
2025-05-15,INTC,11,0.049597278237342834
2025-05-15,INTC,12,0.05004625394940376
2025-05-15,INTC,13,0.05050841346383095
2025-05-15,INTC,14,0.0503915511071682
2025-05-15,INTC,15,0.05007219687104225
2025-05-15,INTC,16,0.04956407472491264
2025-05-15,INTC,17,0.049930594861507416
2025-05-15,INTC,18,0.05035954341292381
2025-05-15,INTC,19,0.05035913363099098
2025-05-15,INTC,20,0.049776554107666016
2025-05-15,INTU,1,0.04998347535729408
2025-05-15,INTU,2,0.049968693405389786
2025-05-15,INTU,3,0.05001533031463623
2025-05-15,INTU,4,0.05000680312514305
2025-05-15,INTU,5,0.04998975247144699
2025-05-15,INTU,6,0.04998994618654251
2025-05-15,INTU,7,0.0500013530254364
2025-05-15,INTU,8,0.05001766234636307
2025-05-15,INTU,9,0.0500139445066452
2025-05-15,INTU,10,0.049965519458055496
2025-05-15,INTU,11,0.049989040940999985
2025-05-15,INTU,12,0.050003696233034134
2025-05-15,INTU,13,0.05001644417643547
2025-05-15,INTU,14,0.05001446604728699
2025-05-15,INTU,15,0.05000661686062813
2025-05-15,INTU,16,0.04999452456831932
2025-05-15,INTU,17,0.050001151859760284
2025-05-15,INTU,18,0.050012554973363876
2025-05-15,INTU,19,0.05001030117273331
2025-05-15,INTU,20,0.04999879375100136
2025-05-15,MSFT,1,0.049967359751462936
2025-05-15,MSFT,2,0.0499410480260849
2025-05-15,MSFT,3,0.050018005073070526
2025-05-15,MSFT,4,0.05000682175159454
2025-05-15,MSFT,5,0.04997974634170532
2025-05-15,MSFT,6,0.04998049885034561
2025-05-15,MSFT,7,0.04999896138906479
2025-05-15,MSFT,8,0.05002706125378609
2025-05-15,MSFT,9,0.050020501017570496
2025-05-15,MSFT,10,0.049932003021240234
2025-05-15,MSFT,11,0.05000254884362221
2025-05-15,MSFT,12,0.0500105582177639
2025-05-15,MSFT,13,0.050017982721328735
2025-05-15,MSFT,14,0.05001678690314293
2025-05-15,MSFT,15,0.05001193657517433
2025-05-15,MSFT,16,0.05000580474734306
2025-05-15,MSFT,17,0.05001233518123627
2025-05-15,MSFT,18,0.050018709152936935
2025-05-15,MSFT,19,0.05001736804842949
2025-05-15,MSFT,20,0.0500139482319355
2025-05-15,QCOM,1,0.04993010684847832
2025-05-15,QCOM,2,0.04989203065633774
2025-05-15,QCOM,3,0.05012732744216919
2025-05-15,QCOM,4,0.05009055137634277
2025-05-15,QCOM,5,0.04999374598264694
2025-05-15,QCOM,6,0.04998106509447098
2025-05-15,QCOM,7,0.05005110800266266
2025-05-15,QCOM,8,0.05014244467020035
2025-05-15,QCOM,9,0.050110362470149994
2025-05-15,QCOM,10,0.049797024577856064
2025-05-15,QCOM,11,0.049676064401865005
2025-05-15,QCOM,12,0.0499936044216156
2025-05-15,QCOM,13,0.05009954050183296
2025-05-15,QCOM,14,0.050077471882104874
2025-05-15,QCOM,15,0.05000486597418785
2025-05-15,QCOM,16,0.049861516803503036
2025-05-15,QCOM,17,0.04998401179909706
2025-05-15,QCOM,18,0.050091516226530075
2025-05-15,QCOM,19,0.05007890611886978
2025-05-15,QCOM,20,0.05001673847436905
2025-05-15,SBUX,1,0.049960024654865265
2025-05-15,SBUX,2,0.04987283796072006
2025-05-15,SBUX,3,0.050186049193143845
2025-05-15,SBUX,4,0.05015978962182999
2025-05-15,SBUX,5,0.050029490143060684
2025-05-15,SBUX,6,0.04992952197790146
2025-05-15,SBUX,7,0.050049494951963425
2025-05-15,SBUX,8,0.05024651810526848
2025-05-15,SBUX,9,0.050194237381219864
2025-05-15,SBUX,10,0.049207452684640884
2025-05-15,SBUX,11,0.049756791442632675
2025-05-15,SBUX,12,0.05004236474633217
2025-05-15,SBUX,13,0.050205979496240616
2025-05-15,SBUX,14,0.050168611109256744
2025-05-15,SBUX,15,0.05003741756081581
2025-05-15,SBUX,16,0.049684543162584305
2025-05-15,SBUX,17,0.04985325410962105
2025-05-15,SBUX,18,0.05019763112068176
2025-05-15,SBUX,19,0.05018704757094383
2025-05-15,SBUX,20,0.05003099516034126
2025-05-16,AAPL,1,0.049964334815740585
2025-05-16,AAPL,2,0.05004119127988815
2025-05-16,AAPL,3,0.05002749338746071
2025-05-16,AAPL,4,0.050000935792922974
2025-05-16,AAPL,5,0.04998917132616043
2025-05-16,AAPL,6,0.050011131912469864
2025-05-16,AAPL,7,0.05004549399018288
2025-05-16,AAPL,8,0.0500386506319046
2025-05-16,AAPL,9,0.04993944242596626
2025-05-16,AAPL,10,0.04999176412820816
2025-05-16,AAPL,11,0.04999732971191406
2025-05-16,AAPL,12,0.05004157871007919
2025-05-16,AAPL,13,0.0500350221991539
2025-05-16,AAPL,14,0.04999884217977524
2025-05-16,AAPL,15,0.04990053176879883
2025-05-16,AAPL,16,0.049970366060733795
2025-05-16,AAPL,17,0.050033148378133774
2025-05-16,AAPL,18,0.05003057420253754
2025-05-16,AAPL,19,0.049990084022283554
2025-05-16,AAPL,20,0.049952853471040726
2025-05-16,ADBE,1,0.04939156770706177
2025-05-16,ADBE,2,0.05053635686635971
2025-05-16,ADBE,3,0.050320424139499664
2025-05-16,ADBE,4,0.04987992346286774
2025-05-16,ADBE,5,0.04961526766419411
2025-05-16,ADBE,6,0.04991726577281952
2025-05-16,ADBE,7,0.05055466294288635
2025-05-16,ADBE,8,0.05046248063445091
2025-05-16,ADBE,9,0.048872340470552444
2025-05-16,ADBE,10,0.04958413541316986
2025-05-16,ADBE,11,0.04998963698744774
2025-05-16,ADBE,12,0.05058992654085159
2025-05-16,ADBE,13,0.05040561780333519
2025-05-16,ADBE,14,0.05013087019324303
2025-05-16,ADBE,15,0.049486640840768814
2025-05-16,ADBE,16,0.04986772686243057
2025-05-16,ADBE,17,0.05038565397262573
2025-05-16,ADBE,18,0.05037649720907211
2025-05-16,ADBE,19,0.04999338090419769
2025-05-16,ADBE,20,0.04963960498571396
2025-05-16,AMD,1,0.0496397465467453
2025-05-16,AMD,2,0.05043323338031769
2025-05-16,AMD,3,0.05029560253024101
2025-05-16,AMD,4,0.04992535710334778
2025-05-16,AMD,5,0.04982079192996025
2025-05-16,AMD,6,0.050047867000103
2025-05-16,AMD,7,0.050449125468730927
2025-05-16,AMD,8,0.05038364976644516
2025-05-16,AMD,9,0.049287099391222
2025-05-16,AMD,10,0.04980868101119995
2025-05-16,AMD,11,0.05005384981632233
2025-05-16,AMD,12,0.05034538730978966
2025-05-16,AMD,13,0.050243791192770004
2025-05-16,AMD,14,0.04992276057600975
2025-05-16,AMD,15,0.04948288947343826
2025-05-16,AMD,16,0.04989539086818695
2025-05-16,AMD,17,0.050292469561100006
2025-05-16,AMD,18,0.05020387843251228
2025-05-16,AMD,19,0.049885135143995285
2025-05-16,AMD,20,0.04958328977227211
2025-05-16,CMCSA,1,0.04975024610757828
2025-05-16,CMCSA,2,0.050495702773332596
2025-05-16,CMCSA,3,0.050326816737651825
2025-05-16,CMCSA,4,0.0499827042222023
2025-05-16,CMCSA,5,0.04892590641975403
2025-05-16,CMCSA,6,0.049883343279361725
2025-05-16,CMCSA,7,0.050366971641778946
2025-05-16,CMCSA,8,0.05032852292060852
2025-05-16,CMCSA,9,0.048658743500709534
2025-05-16,CMCSA,10,0.04949983209371567
2025-05-16,CMCSA,11,0.050033435225486755
2025-05-16,CMCSA,12,0.05058049410581589
2025-05-16,CMCSA,13,0.050513915717601776
2025-05-16,CMCSA,14,0.05013580247759819
2025-05-16,CMCSA,15,0.04922596365213394
2025-05-16,CMCSA,16,0.05002662539482117
2025-05-16,CMCSA,17,0.050672948360443115
2025-05-16,CMCSA,18,0.050634611397981644
2025-05-16,CMCSA,19,0.05013478547334671
2025-05-16,CMCSA,20,0.049822621047496796
2025-05-16,COST,1,0.04999976232647896
2025-05-16,COST,2,0.050004057586193085
2025-05-16,COST,3,0.05000394582748413
2025-05-16,COST,4,0.0500001385807991
2025-05-16,COST,5,0.04999696463346481
2025-05-16,COST,6,0.05000102147459984
2025-05-16,COST,7,0.05000648275017738
2025-05-16,COST,8,0.05000559985637665
2025-05-16,COST,9,0.04998856782913208
2025-05-16,COST,10,0.049997713416814804
2025-05-16,COST,11,0.0500018373131752
2025-05-16,COST,12,0.05000606179237366
2025-05-16,COST,13,0.05000551417469978
2025-05-16,COST,14,0.05000123009085655
2025-05-16,COST,15,0.0499902069568634
2025-05-16,COST,16,0.04999749734997749
2025-05-16,COST,17,0.05000527575612068
2025-05-16,COST,18,0.050001323223114014
2025-05-16,COST,19,0.04999314993619919
2025-05-16,COST,20,0.04999362677335739
2025-05-16,INTC,1,0.04962018504738808
2025-05-16,INTC,2,0.05053715035319328
2025-05-16,INTC,3,0.05033474415540695
2025-05-16,INTC,4,0.04998420923948288
2025-05-16,INTC,5,0.04976737126708031
2025-05-16,INTC,6,0.04979092627763748
2025-05-16,INTC,7,0.05030273646116257
2025-05-16,INTC,8,0.0503082275390625
2025-05-16,INTC,9,0.04879021272063255
2025-05-16,INTC,10,0.04958834499120712
2025-05-16,INTC,11,0.05002349987626076
2025-05-16,INTC,12,0.05062205716967583
2025-05-16,INTC,13,0.050476718693971634
2025-05-16,INTC,14,0.050118960440158844
2025-05-16,INTC,15,0.04955907166004181
2025-05-16,INTC,16,0.04993535205721855
2025-05-16,INTC,17,0.050440713763237
2025-05-16,INTC,18,0.05045508220791817
2025-05-16,INTC,19,0.04981774091720581
2025-05-16,INTC,20,0.04952658340334892
2025-05-16,INTU,1,0.049965750426054
2025-05-16,INTU,2,0.0500158965587616
2025-05-16,INTU,3,0.05001014843583107
2025-05-16,INTU,4,0.0499911792576313
2025-05-16,INTU,5,0.049989279359579086
2025-05-16,INTU,6,0.05000180006027222
2025-05-16,INTU,7,0.05001812055706978
2025-05-16,INTU,8,0.050015468150377274
2025-05-16,INTU,9,0.04996778070926666
2025-05-16,INTU,10,0.049986306577920914
2025-05-16,INTU,11,0.050003532320261
2025-05-16,INTU,12,0.05001680925488472
2025-05-16,INTU,13,0.05001533403992653
2025-05-16,INTU,14,0.05000566691160202
2025-05-16,INTU,15,0.049990639090538025
2025-05-16,INTU,16,0.04999792203307152
2025-05-16,INTU,17,0.05001208558678627
2025-05-16,INTU,18,0.050009798258543015
2025-05-16,INTU,19,0.04999471455812454
2025-05-16,INTU,20,0.04999159649014473
2025-05-16,MSFT,1,0.04993663728237152
2025-05-16,MSFT,2,0.05001956969499588
2025-05-16,MSFT,3,0.050010450184345245
2025-05-16,MSFT,4,0.049981094896793365
2025-05-16,MSFT,5,0.04997904971241951
2025-05-16,MSFT,6,0.0499979592859745
2025-05-16,MSFT,7,0.05002717673778534
2025-05-16,MSFT,8,0.05002110078930855
2025-05-16,MSFT,9,0.049931637942790985
2025-05-16,MSFT,10,0.05000109225511551
2025-05-16,MSFT,11,0.050007760524749756
2025-05-16,MSFT,12,0.05001530051231384
2025-05-16,MSFT,13,0.05001421272754669
2025-05-16,MSFT,14,0.050008125603199005
2025-05-16,MSFT,15,0.049999579787254333
2025-05-16,MSFT,16,0.05000774562358856
2025-05-16,MSFT,17,0.0500156432390213
2025-05-16,MSFT,18,0.05001422017812729
2025-05-16,MSFT,19,0.05000907555222511
2025-05-16,MSFT,20,0.050002582371234894
2025-05-16,QCOM,1,0.049900367856025696
2025-05-16,QCOM,2,0.050145991146564484
2025-05-16,QCOM,3,0.050102297216653824
2025-05-16,QCOM,4,0.05000332370400429
2025-05-16,QCOM,5,0.049976591020822525
2025-05-16,QCOM,6,0.050046827644109726
2025-05-16,QCOM,7,0.05014792084693909
2025-05-16,QCOM,8,0.050113365054130554
2025-05-16,QCOM,9,0.049775607883930206
2025-05-16,QCOM,10,0.0496763214468956
2025-05-16,QCOM,11,0.04998436197638512
2025-05-16,QCOM,12,0.05010528117418289
2025-05-16,QCOM,13,0.05008156970143318
2025-05-16,QCOM,14,0.04999738931655884
2025-05-16,QCOM,15,0.049850840121507645
2025-05-16,QCOM,16,0.049981966614723206
2025-05-16,QCOM,17,0.05009349063038826
2025-05-16,QCOM,18,0.0500861294567585
2025-05-16,QCOM,19,0.0500139482319355
2025-05-16,QCOM,20,0.04991644620895386
2025-05-16,SBUX,1,0.04985406622290611
2025-05-16,SBUX,2,0.05018957331776619
2025-05-16,SBUX,3,0.05016135796904564
2025-05-16,SBUX,4,0.05002381280064583
2025-05-16,SBUX,5,0.04991460219025612
2025-05-16,SBUX,6,0.0500442273914814
2025-05-16,SBUX,7,0.050266727805137634
2025-05-16,SBUX,8,0.05020660534501076
2025-05-16,SBUX,9,0.049109671264886856
2025-05-16,SBUX,10,0.049753740429878235
2025-05-16,SBUX,11,0.05003334954380989
2025-05-16,SBUX,12,0.05024201050400734
2025-05-16,SBUX,13,0.050190262496471405
2025-05-16,SBUX,14,0.05005541443824768
2025-05-16,SBUX,15,0.049671124666929245
2025-05-16,SBUX,16,0.04987175017595291
2025-05-16,SBUX,17,0.050225988030433655
2025-05-16,SBUX,18,0.05021941289305687
2025-05-16,SBUX,19,0.05004647746682167
2025-05-16,SBUX,20,0.04991976171731949
2025-05-19,AAPL,1,0.050069503486156464
2025-05-19,AAPL,2,0.05005260929465294
2025-05-19,AAPL,3,0.05000927671790123
2025-05-19,AAPL,4,0.049988508224487305
2025-05-19,AAPL,5,0.05002152547240257
2025-05-19,AAPL,6,0.05008053034543991
2025-05-19,AAPL,7,0.05007121339440346
2025-05-19,AAPL,8,0.04992595687508583
2025-05-19,AAPL,9,0.049991827458143234
2025-05-19,AAPL,10,0.049997664988040924
2025-05-19,AAPL,11,0.050068147480487823
2025-05-19,AAPL,12,0.050060294568538666
2025-05-19,AAPL,13,0.049995582550764084
2025-05-19,AAPL,14,0.04982076585292816
2025-05-19,AAPL,15,0.049919504672288895
2025-05-19,AAPL,16,0.05005089193582535
2025-05-19,AAPL,17,0.050043001770973206
2025-05-19,AAPL,18,0.04996845871210098
2025-05-19,AAPL,19,0.04990239813923836
2025-05-19,AAPL,20,0.0499623641371727
2025-05-19,ADBE,1,0.05081208050251007
2025-05-19,ADBE,2,0.05047868564724922
2025-05-19,ADBE,3,0.049833592027425766
2025-05-19,ADBE,4,0.04946267604827881
2025-05-19,ADBE,5,0.049844641238451004
2025-05-19,ADBE,6,0.05078902840614319
2025-05-19,ADBE,7,0.0506897009909153
2025-05-19,ADBE,8,0.04859309643507004
2025-05-19,ADBE,9,0.049418944865465164
2025-05-19,ADBE,10,0.04992304742336273
2025-05-19,ADBE,11,0.05082103982567787
2025-05-19,ADBE,12,0.05058317631483078
2025-05-19,ADBE,13,0.05014166235923767
2025-05-19,ADBE,14,0.04915305972099304
2025-05-19,ADBE,15,0.04956323653459549
2025-05-19,ADBE,16,0.05049455538392067
2025-05-19,ADBE,17,0.05047900974750519
2025-05-19,ADBE,18,0.049870193004608154
2025-05-19,ADBE,19,0.04932563379406929
2025-05-19,ADBE,20,0.04972289130091667
2025-05-19,AMD,1,0.050649553537368774
2025-05-19,AMD,2,0.050441544502973557
2025-05-19,AMD,3,0.04992765188217163
2025-05-19,AMD,4,0.04977256432175636
2025-05-19,AMD,5,0.050051260739564896
2025-05-19,AMD,6,0.05065092071890831
2025-05-19,AMD,7,0.05057746171951294
2025-05-19,AMD,8,0.049188531935214996
2025-05-19,AMD,9,0.04976237192749977
2025-05-19,AMD,10,0.05005182698369026
2025-05-19,AMD,11,0.05050571635365486
2025-05-19,AMD,12,0.05036724731326103
2025-05-19,AMD,13,0.04989723488688469
2025-05-19,AMD,14,0.04917457327246666
2025-05-19,AMD,15,0.04965413734316826
2025-05-19,AMD,16,0.050344884395599365
2025-05-19,AMD,17,0.0502409003674984
2025-05-19,AMD,18,0.04976876825094223
2025-05-19,AMD,19,0.0492425300180912
2025-05-19,AMD,20,0.04973020404577255
2025-05-19,CMCSA,1,0.05072429031133652
2025-05-19,CMCSA,2,0.05047304183244705
2025-05-19,CMCSA,3,0.04998873546719551
2025-05-19,CMCSA,4,0.04863336682319641
2025-05-19,CMCSA,5,0.049822863191366196
2025-05-19,CMCSA,6,0.050531189888715744
2025-05-19,CMCSA,7,0.050488803535699844
2025-05-19,CMCSA,8,0.04838651418685913
2025-05-19,CMCSA,9,0.04938551038503647
2025-05-19,CMCSA,10,0.050022661685943604
2025-05-19,CMCSA,11,0.05081027373671532
2025-05-19,CMCSA,12,0.05073273926973343
2025-05-19,CMCSA,13,0.050176601856946945
2025-05-19,CMCSA,14,0.04888307675719261
2025-05-19,CMCSA,15,0.04980422183871269
2025-05-19,CMCSA,16,0.050845906138420105
2025-05-19,CMCSA,17,0.050808385014534
2025-05-19,CMCSA,18,0.05005531385540962
2025-05-19,CMCSA,19,0.04959968477487564
2025-05-19,CMCSA,20,0.04982684925198555
2025-05-19,COST,1,0.050008513033390045
2025-05-19,COST,2,0.05001000314950943
2025-05-19,COST,3,0.050002291798591614
2025-05-19,COST,4,0.04999682679772377
2025-05-19,COST,5,0.05000343173742294
2025-05-19,COST,6,0.05001283437013626
2025-05-19,COST,7,0.05001191422343254
2025-05-19,COST,8,0.049983710050582886
2025-05-19,COST,9,0.049996715039014816
2025-05-19,COST,10,0.05000442638993263
2025-05-19,COST,11,0.050011541694402695
2025-05-19,COST,12,0.05001038312911987
2025-05-19,COST,13,0.05000146105885506
2025-05-19,COST,14,0.049978915601968765
2025-05-19,COST,15,0.0499914288520813
2025-05-19,COST,16,0.050007451325654984
2025-05-19,COST,17,0.049999892711639404
2025-05-19,COST,18,0.04998449608683586
2025-05-19,COST,19,0.04998787119984627
2025-05-19,COST,20,0.04999586567282677
2025-05-19,INTC,1,0.05079135298728943
2025-05-19,INTC,2,0.05049009248614311
2025-05-19,INTC,3,0.049994271248579025
2025-05-19,INTC,4,0.04968490079045296
2025-05-19,INTC,5,0.049685318022966385
2025-05-19,INTC,6,0.05044785887002945
2025-05-19,INTC,7,0.05046436935663223
2025-05-19,INTC,8,0.04854601249098778
2025-05-19,INTC,9,0.04946570098400116
2025-05-19,INTC,10,0.049995508044958115
2025-05-19,INTC,11,0.050874173641204834
2025-05-19,INTC,12,0.05068974941968918
2025-05-19,INTC,13,0.05016108974814415
2025-05-19,INTC,14,0.04929563030600548
2025-05-19,INTC,15,0.049722496420145035
2025-05-19,INTC,16,0.05055088922381401
2025-05-19,INTC,17,0.05058232322335243
2025-05-19,INTC,18,0.04964740574359894
2025-05-19,INTC,19,0.049209173768758774
2025-05-19,INTC,20,0.04970167949795723
2025-05-19,INTU,1,0.050018440932035446
2025-05-19,INTU,2,0.05001445859670639
2025-05-19,INTU,3,0.049983635544776917
2025-05-19,INTU,4,0.049981728196144104
2025-05-19,INTU,5,0.050002265721559525
2025-05-19,INTU,6,0.05002901703119278
2025-05-19,INTU,7,0.0500260554254055
2025-05-19,INTU,8,0.04995088651776314
2025-05-19,INTU,9,0.04997480660676956
2025-05-19,INTU,10,0.050004418939352036
2025-05-19,INTU,11,0.05002692714333534
2025-05-19,INTU,12,0.050024304538965225
2025-05-19,INTU,13,0.05000879243016243
2025-05-19,INTU,14,0.04997850954532623
2025-05-19,INTU,15,0.049986861646175385
2025-05-19,INTU,16,0.050016868859529495
2025-05-19,INTU,17,0.05001164972782135
2025-05-19,INTU,18,0.04998357221484184
2025-05-19,INTU,19,0.049978192895650864
2025-05-19,INTU,20,0.04999881610274315
2025-05-19,MSFT,1,0.05001520365476608
2025-05-19,MSFT,2,0.05000660941004753
2025-05-19,MSFT,3,0.04995989426970482
2025-05-19,MSFT,4,0.04995841532945633
2025-05-19,MSFT,5,0.0499865859746933
2025-05-19,MSFT,6,0.05003427341580391
2025-05-19,MSFT,7,0.050027139484882355
2025-05-19,MSFT,8,0.04989152029156685
2025-05-19,MSFT,9,0.05000336468219757
2025-05-19,MSFT,10,0.050011295825242996
2025-05-19,MSFT,11,0.05002414807677269
2025-05-19,MSFT,12,0.050022389739751816
2025-05-19,MSFT,13,0.05001102015376091
2025-05-19,MSFT,14,0.049990493804216385
2025-05-19,MSFT,15,0.05000343173742294
2025-05-19,MSFT,16,0.0500229112803936
2025-05-19,MSFT,17,0.05002005398273468
2025-05-19,MSFT,18,0.05000925809144974
2025-05-19,MSFT,19,0.049995437264442444
2025-05-19,MSFT,20,0.05000654608011246
2025-05-19,QCOM,1,0.05022051930427551
2025-05-19,QCOM,2,0.05015653744339943
2025-05-19,QCOM,3,0.050005003809928894
2025-05-19,QCOM,4,0.04996781051158905
2025-05-19,QCOM,5,0.05006130784749985
2025-05-19,QCOM,6,0.05022609606385231
2025-05-19,QCOM,7,0.050178904086351395
2025-05-19,QCOM,8,0.04971305653452873
2025-05-19,QCOM,9,0.04956512153148651
2025-05-19,QCOM,10,0.04998011514544487
2025-05-19,QCOM,11,0.05015966668725014
2025-05-19,QCOM,12,0.05012699216604233
2025-05-19,QCOM,13,0.04999933019280434
2025-05-19,QCOM,14,0.049738939851522446
2025-05-19,QCOM,15,0.049905456602573395
2025-05-19,QCOM,16,0.050126440823078156
2025-05-19,QCOM,17,0.05010830983519554
2025-05-19,QCOM,18,0.04998483136296272
2025-05-19,QCOM,19,0.04982421547174454
2025-05-19,QCOM,20,0.049951277673244476
2025-05-19,SBUX,1,0.05029521510004997
2025-05-19,SBUX,2,0.05024589225649834
2025-05-19,SBUX,3,0.05003828555345535
2025-05-19,SBUX,4,0.04987757280468941
2025-05-19,SBUX,5,0.05004788935184479
2025-05-19,SBUX,6,0.050388798117637634
2025-05-19,SBUX,7,0.050313226878643036
2025-05-19,SBUX,8,0.048823971301317215
2025-05-19,SBUX,9,0.04966610297560692
2025-05-19,SBUX,10,0.050030969083309174
2025-05-19,SBUX,11,0.05033906176686287
2025-05-19,SBUX,12,0.05027972534298897
2025-05-19,SBUX,13,0.05005886033177376
2025-05-19,SBUX,14,0.04946860671043396
2025-05-19,SBUX,15,0.04969837889075279
2025-05-19,SBUX,16,0.05031650885939598
2025-05-19,SBUX,17,0.05030732974410057
2025-05-19,SBUX,18,0.05002450570464134
2025-05-19,SBUX,19,0.04982459917664528
2025-05-19,SBUX,20,0.049954403191804886
2025-05-20,AAPL,1,0.050051797181367874
2025-05-20,AAPL,2,0.0500088594853878
2025-05-20,AAPL,3,0.04998810961842537
2025-05-20,AAPL,4,0.050021130591630936
2025-05-20,AAPL,5,0.050080131739377975
2025-05-20,AAPL,6,0.05007081478834152
2025-05-20,AAPL,7,0.049925558269023895
2025-05-20,AAPL,8,0.0499914288520813
2025-05-20,AAPL,9,0.04999726638197899
2025-05-20,AAPL,10,0.05006774887442589
2025-05-20,AAPL,11,0.05005989596247673
2025-05-20,AAPL,12,0.04999518766999245
2025-05-20,AAPL,13,0.049820370972156525
2025-05-20,AAPL,14,0.04991910979151726
2025-05-20,AAPL,15,0.05005049705505371
2025-05-20,AAPL,16,0.05004260316491127
2025-05-20,AAPL,17,0.049968063831329346
2025-05-20,AAPL,18,0.04990200325846672
2025-05-20,AAPL,19,0.04996196925640106
2025-05-20,AAPL,20,0.05007743835449219
2025-05-20,ADBE,1,0.050452060997486115
2025-05-20,ADBE,2,0.04984351992607117
2025-05-20,ADBE,3,0.04947720095515251
2025-05-20,ADBE,4,0.04985983669757843
2025-05-20,ADBE,5,0.05080455541610718
2025-05-20,ADBE,6,0.0507052056491375
2025-05-20,ADBE,7,0.0486079566180706
2025-05-20,ADBE,8,0.049434058368206024
2025-05-20,ADBE,9,0.04993831366300583
2025-05-20,ADBE,10,0.050836581736803055
2025-05-20,ADBE,11,0.050598643720149994
2025-05-20,ADBE,12,0.05015699565410614
2025-05-20,ADBE,13,0.049168091267347336
2025-05-20,ADBE,14,0.04957839474081993
2025-05-20,ADBE,15,0.050509996712207794
2025-05-20,ADBE,16,0.050494447350502014
2025-05-20,ADBE,17,0.04988544434309006
2025-05-20,ADBE,18,0.04934071749448776
2025-05-20,ADBE,19,0.04973809793591499
2025-05-20,ADBE,20,0.05056982487440109
2025-05-20,AMD,1,0.05041596293449402
2025-05-20,AMD,2,0.04993542656302452
2025-05-20,AMD,3,0.049782976508140564
2025-05-20,AMD,4,0.050062019377946854
2025-05-20,AMD,5,0.050661832094192505
2025-05-20,AMD,6,0.05058835446834564
2025-05-20,AMD,7,0.04919912666082382
2025-05-20,AMD,8,0.049773089587688446
2025-05-20,AMD,9,0.05006260797381401
2025-05-20,AMD,10,0.05051659792661667
2025-05-20,AMD,11,0.05037809535861015
2025-05-20,AMD,12,0.04990798234939575
2025-05-20,AMD,13,0.049185167998075485
2025-05-20,AMD,14,0.04966483265161514
2025-05-20,AMD,15,0.050355732440948486
2025-05-20,AMD,16,0.05025172233581543
2025-05-20,AMD,17,0.049779489636421204
2025-05-20,AMD,18,0.04925313964486122
2025-05-20,AMD,19,0.04974091798067093
2025-05-20,AMD,20,0.05048489570617676
2025-05-20,CMCSA,1,0.05043676495552063
2025-05-20,CMCSA,2,0.04997417703270912
2025-05-20,CMCSA,3,0.04862457886338234
2025-05-20,CMCSA,4,0.04981163144111633
2025-05-20,CMCSA,5,0.050516705960035324
2025-05-20,CMCSA,6,0.05047454312443733
2025-05-20,CMCSA,7,0.04837951436638832
2025-05-20,CMCSA,8,0.04937455803155899
2025-05-20,CMCSA,9,0.05001063644886017
2025-05-20,CMCSA,10,0.050794586539268494
2025-05-20,CMCSA,11,0.050717346370220184
2025-05-20,CMCSA,12,0.05016299709677696
2025-05-20,CMCSA,13,0.04887348785996437
2025-05-20,CMCSA,14,0.0497916154563427
2025-05-20,CMCSA,15,0.050829485058784485
2025-05-20,CMCSA,16,0.05079184100031853
2025-05-20,CMCSA,17,0.050040535628795624
2025-05-20,CMCSA,18,0.04958808794617653
2025-05-20,CMCSA,19,0.049814991652965546
2025-05-20,CMCSA,20,0.05099199339747429
2025-05-20,COST,1,0.05001022666692734
2025-05-20,COST,2,0.05000250041484833
2025-05-20,COST,3,0.049997035413980484
2025-05-20,COST,4,0.05000364035367966
2025-05-20,COST,5,0.05001304671168327
2025-05-20,COST,6,0.050012122839689255
2025-05-20,COST,7,0.0499839186668396
2025-05-20,COST,8,0.04999692365527153
2025-05-20,COST,9,0.050004635006189346
2025-05-20,COST,10,0.05001175031065941
2025-05-20,COST,11,0.050010595470666885
2025-05-20,COST,12,0.05000166967511177
2025-05-20,COST,13,0.04997912794351578
2025-05-20,COST,14,0.04999163746833801
2025-05-20,COST,15,0.0500076599419117
2025-05-20,COST,16,0.05000010505318642
2025-05-20,COST,17,0.049984704703092575
2025-05-20,COST,18,0.04998808354139328
2025-05-20,COST,19,0.04999607801437378
2025-05-20,COST,20,0.05000456050038338
2025-05-20,INTC,1,0.05045871436595917
2025-05-20,INTC,2,0.04999342933297157
2025-05-20,INTC,3,0.04968636855483055
2025-05-20,INTC,4,0.04968700185418129
2025-05-20,INTC,5,0.050449587404727936
2025-05-20,INTC,6,0.05046609789133072
2025-05-20,INTC,7,0.04854767769575119
2025-05-20,INTC,8,0.04946739599108696
2025-05-20,INTC,9,0.04999721795320511
2025-05-20,INTC,10,0.050875913351774216
2025-05-20,INTC,11,0.05069148540496826
2025-05-20,INTC,12,0.05016280710697174
2025-05-20,INTC,13,0.04929732158780098
2025-05-20,INTC,14,0.04972419887781143
2025-05-20,INTC,15,0.050552621483802795
2025-05-20,INTC,16,0.05058405548334122
2025-05-20,INTC,17,0.049649108201265335
2025-05-20,INTC,18,0.04921085759997368
2025-05-20,INTC,19,0.04970338195562363
2025-05-20,INTC,20,0.05079471692442894
2025-05-20,INTU,1,0.05001473054289818
2025-05-20,INTU,2,0.04998369514942169
2025-05-20,INTU,3,0.049981649965047836
2025-05-20,INTU,4,0.05000241845846176
2025-05-20,INTU,5,0.05002933740615845
2025-05-20,INTU,6,0.05002640187740326
2025-05-20,INTU,7,0.04995042830705643
2025-05-20,INTU,8,0.04997462034225464
2025-05-20,INTU,9,0.05000452697277069
2025-05-20,INTU,10,0.05002720654010773
2025-05-20,INTU,11,0.05002453550696373
2025-05-20,INTU,12,0.05000877007842064
2025-05-20,INTU,13,0.0499780997633934
2025-05-20,INTU,14,0.049986522644758224
2025-05-20,INTU,15,0.05001702532172203
2025-05-20,INTU,16,0.05001171678304672
2025-05-20,INTU,17,0.0499831885099411
2025-05-20,INTU,18,0.04997768998146057
2025-05-20,INTU,19,0.049998730421066284
2025-05-20,INTU,20,0.0500187873840332
2025-05-20,MSFT,1,0.05000659078359604
2025-05-20,MSFT,2,0.049958840012550354
2025-05-20,MSFT,3,0.04995691776275635
2025-05-20,MSFT,4,0.04998595640063286
2025-05-20,MSFT,5,0.0500345341861248
2025-05-20,MSFT,6,0.05002737045288086
2025-05-20,MSFT,7,0.049887705594301224
2025-05-20,MSFT,8,0.05000320076942444
2025-05-20,MSFT,9,0.05001138523221016
2025-05-20,MSFT,10,0.05002465099096298
2025-05-20,MSFT,11,0.05002281814813614
2025-05-20,MSFT,12,0.050010796636343
2025-05-20,MSFT,13,0.049989450722932816
2025-05-20,MSFT,14,0.05000298097729683
2025-05-20,MSFT,15,0.0500233918428421
2025-05-20,MSFT,16,0.05002038553357124
2025-05-20,MSFT,17,0.05000901594758034
2025-05-20,MSFT,18,0.049994293600320816
2025-05-20,MSFT,19,0.050006214529275894
2025-05-20,MSFT,20,0.05002349987626076
2025-05-20,QCOM,1,0.05015362426638603
2025-05-20,QCOM,2,0.05000581219792366
2025-05-20,QCOM,3,0.04996887966990471
2025-05-20,QCOM,4,0.0500623881816864
2025-05-20,QCOM,5,0.05022718012332916
2025-05-20,QCOM,6,0.050179991871118546
2025-05-20,QCOM,7,0.04971413314342499
2025-05-20,QCOM,8,0.04956619441509247
2025-05-20,QCOM,9,0.04998119920492172
2025-05-20,QCOM,10,0.05016075447201729
2025-05-20,QCOM,11,0.05012807995080948
2025-05-20,QCOM,12,0.05000041425228119
2025-05-20,QCOM,13,0.0497400164604187
2025-05-20,QCOM,14,0.04990653693675995
2025-05-20,QCOM,15,0.05012752488255501
2025-05-20,QCOM,16,0.050109393894672394
2025-05-20,QCOM,17,0.049985915422439575
2025-05-20,QCOM,18,0.04982529580593109
2025-05-20,QCOM,19,0.04995235800743103
2025-05-20,QCOM,20,0.05020430311560631
2025-05-20,SBUX,1,0.050232335925102234
2025-05-20,SBUX,2,0.0500275120139122
2025-05-20,SBUX,3,0.04986707493662834
2025-05-20,SBUX,4,0.05003738030791283
2025-05-20,SBUX,5,0.0503782220184803
2025-05-20,SBUX,6,0.050302665680646896
2025-05-20,SBUX,7,0.04881371930241585
2025-05-20,SBUX,8,0.04965567961335182
2025-05-20,SBUX,9,0.05002046376466751
2025-05-20,SBUX,10,0.05032849684357643
2025-05-20,SBUX,11,0.05026916787028313
2025-05-20,SBUX,12,0.0500483512878418
2025-05-20,SBUX,13,0.04945822060108185
2025-05-20,SBUX,14,0.0496879443526268
2025-05-20,SBUX,15,0.05030594766139984
2025-05-20,SBUX,16,0.05029676854610443
2025-05-20,SBUX,17,0.05001400038599968
2025-05-20,SBUX,18,0.0498141385614872
2025-05-20,SBUX,19,0.049943916499614716
2025-05-20,SBUX,20,0.05049801245331764
2025-05-21,AAPL,1,0.05000865459442139
2025-05-21,AAPL,2,0.04998794198036194
2025-05-21,AAPL,3,0.0500209666788578
2025-05-21,AAPL,4,0.05007996782660484
2025-05-21,AAPL,5,0.05007065460085869
2025-05-21,AAPL,6,0.04992539808154106
2025-05-21,AAPL,7,0.049991268664598465
2025-05-21,AAPL,8,0.049997106194496155
2025-05-21,AAPL,9,0.050067588686943054
2025-05-21,AAPL,10,0.050059735774993896
2025-05-21,AAPL,11,0.049995023757219315
2025-05-21,AAPL,12,0.04982020705938339
2025-05-21,AAPL,13,0.049918945878744125
2025-05-21,AAPL,14,0.05005033314228058
2025-05-21,AAPL,15,0.050042442977428436
2025-05-21,AAPL,16,0.04996789991855621
2025-05-21,AAPL,17,0.04990183934569359
2025-05-21,AAPL,18,0.04996180534362793
2025-05-21,AAPL,19,0.050077278167009354
2025-05-21,AAPL,20,0.05005493387579918
2025-05-21,ADBE,1,0.04980787634849548
2025-05-21,ADBE,2,0.049473170191049576
2025-05-21,ADBE,3,0.04985937848687172
2025-05-21,ADBE,4,0.05080438032746315
2025-05-21,ADBE,5,0.05070505663752556
2025-05-21,ADBE,6,0.04860781878232956
2025-05-21,ADBE,7,0.04943391680717468
2025-05-21,ADBE,8,0.04993817210197449
2025-05-21,ADBE,9,0.05083644017577171
2025-05-21,ADBE,10,0.05059850215911865
2025-05-21,ADBE,11,0.0501568540930748
2025-05-21,ADBE,12,0.04916795343160629
2025-05-21,ADBE,13,0.04957825317978859
2025-05-21,ADBE,14,0.05050985515117645
2025-05-21,ADBE,15,0.050494302064180374
2025-05-21,ADBE,16,0.049885302782058716
2025-05-21,ADBE,17,0.04934057965874672
2025-05-21,ADBE,18,0.04973795637488365
2025-05-21,ADBE,19,0.05056968331336975
2025-05-21,ADBE,20,0.05049452930688858
2025-05-21,AMD,1,0.04991364851593971
2025-05-21,AMD,2,0.049782894551754
2025-05-21,AMD,3,0.05006421357393265
2025-05-21,AMD,4,0.05066421627998352
2025-05-21,AMD,5,0.05059074983000755
2025-05-21,AMD,6,0.04920145496726036
2025-05-21,AMD,7,0.04977544769644737
2025-05-21,AMD,8,0.05006497725844383
2025-05-21,AMD,9,0.05051898956298828
2025-05-21,AMD,10,0.05038048326969147
2025-05-21,AMD,11,0.049910347908735275
2025-05-21,AMD,12,0.04918750002980232
2025-05-21,AMD,13,0.04966718703508377
2025-05-21,AMD,14,0.0503581166267395
2025-05-21,AMD,15,0.05025410279631615
2025-05-21,AMD,16,0.04978184774518013
2025-05-21,AMD,17,0.04925546795129776
2025-05-21,AMD,18,0.04974327236413956
2025-05-21,AMD,19,0.05048728734254837
2025-05-21,AMD,20,0.050397828221321106
2025-05-21,CMCSA,1,0.04994149133563042
2025-05-21,CMCSA,2,0.04860803112387657
2025-05-21,CMCSA,3,0.04979616776108742
2025-05-21,CMCSA,4,0.05050038918852806
2025-05-21,CMCSA,5,0.05045829340815544
2025-05-21,CMCSA,6,0.04836554452776909
2025-05-21,CMCSA,7,0.049359388649463654
2025-05-21,CMCSA,8,0.049995046108961105
2025-05-21,CMCSA,9,0.050777919590473175
2025-05-21,CMCSA,10,0.05070076510310173
2025-05-21,CMCSA,11,0.05014698579907417
2025-05-21,CMCSA,12,0.048858772963285446
2025-05-21,CMCSA,13,0.04977593570947647
2025-05-21,CMCSA,14,0.050812628120183945
2025-05-21,CMCSA,15,0.050774965435266495
2025-05-21,CMCSA,16,0.05002427473664284
2025-05-21,CMCSA,17,0.04957270622253418
2025-05-21,CMCSA,18,0.049799490720033646
2025-05-21,CMCSA,19,0.05097492039203644
2025-05-21,CMCSA,20,0.05075635761022568
2025-05-21,COST,1,0.05000300705432892
2025-05-21,COST,2,0.04999751225113869
2025-05-21,COST,3,0.05000411719083786
2025-05-21,COST,4,0.050013523548841476
2025-05-21,COST,5,0.05001259967684746
2025-05-21,COST,6,0.0499843955039978
2025-05-21,COST,7,0.04999740049242973
2025-05-21,COST,8,0.05000511184334755
2025-05-21,COST,9,0.05001222714781761
2025-05-21,COST,10,0.05001107230782509
2025-05-21,COST,11,0.050002146512269974
2025-05-21,COST,12,0.04997960478067398
2025-05-21,COST,13,0.049992114305496216
2025-05-21,COST,14,0.0500081367790699
2025-05-21,COST,15,0.05000058189034462
2025-05-21,COST,16,0.04998518154025078
2025-05-21,COST,17,0.04998856037855148
2025-05-21,COST,18,0.04999655485153198
2025-05-21,COST,19,0.05000503733754158
2025-05-21,COST,20,0.05000116676092148
2025-05-21,INTC,1,0.04996227100491524
2025-05-21,INTC,2,0.049673303961753845
2025-05-21,INTC,3,0.04967549070715904
2025-05-21,INTC,4,0.05043802037835121
2025-05-21,INTC,5,0.05045453831553459
2025-05-21,INTC,6,0.04853655770421028
2025-05-21,INTC,7,0.04945606738328934
2025-05-21,INTC,8,0.04998576641082764
2025-05-21,INTC,9,0.05086426064372063
2025-05-21,INTC,10,0.050679873675107956
2025-05-21,INTC,11,0.050151318311691284
2025-05-21,INTC,12,0.04928602650761604
2025-05-21,INTC,13,0.049712810665369034
2025-05-21,INTC,14,0.05054103955626488
2025-05-21,INTC,15,0.0505724661052227
2025-05-21,INTC,16,0.04963773488998413
2025-05-21,INTC,17,0.04919958859682083
2025-05-21,INTC,18,0.04969199746847153
2025-05-21,INTC,19,0.05078308284282684
2025-05-21,INTC,20,0.05069775879383087
2025-05-21,INTU,1,0.049983855336904526
2025-05-21,INTU,2,0.049981627613306046
2025-05-21,INTU,3,0.05000239238142967
2025-05-21,INTU,4,0.050029315054416656
2025-05-21,INTU,5,0.05002637580037117
2025-05-21,INTU,6,0.049950405955314636
2025-05-21,INTU,7,0.04997459426522255
2025-05-21,INTU,8,0.0500045046210289
2025-05-21,INTU,9,0.05002718046307564
2025-05-21,INTU,10,0.05002450942993164
2025-05-21,INTU,11,0.05000874400138855
2025-05-21,INTU,12,0.04997807368636131
2025-05-21,INTU,13,0.049986500293016434
2025-05-21,INTU,14,0.05001700296998024
2025-05-21,INTU,15,0.05001169443130493
2025-05-21,INTU,16,0.04998316615819931
2025-05-21,INTU,17,0.04997766762971878
2025-05-21,INTU,18,0.04999870806932449
2025-05-21,INTU,19,0.05001876503229141
2025-05-21,INTU,20,0.050014954060316086
2025-05-21,MSFT,1,0.04995846748352051
2025-05-21,MSFT,2,0.04995615780353546
2025-05-21,MSFT,3,0.049985188990831375
2025-05-21,MSFT,4,0.05003376305103302
2025-05-21,MSFT,5,0.05002659931778908
2025-05-21,MSFT,6,0.04988693818449974
2025-05-21,MSFT,7,0.050002433359622955
2025-05-21,MSFT,8,0.05001061409711838
2025-05-21,MSFT,9,0.0500238798558712
2025-05-21,MSFT,10,0.050022050738334656
2025-05-21,MSFT,11,0.05001002922654152
2025-05-21,MSFT,12,0.04998868331313133
2025-05-21,MSFT,13,0.05000220984220505
2025-05-21,MSFT,14,0.05002262070775032
2025-05-21,MSFT,15,0.05001961439847946
2025-05-21,MSFT,16,0.050008248537778854
2025-05-21,MSFT,17,0.04999352619051933
2025-05-21,MSFT,18,0.05000544339418411
2025-05-21,MSFT,19,0.050022732466459274
2025-05-21,MSFT,20,0.05002078786492348
2025-05-21,QCOM,1,0.05000163987278938
2025-05-21,QCOM,2,0.049967069178819656
2025-05-21,QCOM,3,0.050060711801052094
2025-05-21,QCOM,4,0.050225503742694855
2025-05-21,QCOM,5,0.05017831176519394
2025-05-21,QCOM,6,0.049712471663951874
2025-05-21,QCOM,7,0.04956453666090965
2025-05-21,QCOM,8,0.04997953027486801
2025-05-21,QCOM,9,0.05015907436609268
2025-05-21,QCOM,10,0.05012640357017517
2025-05-21,QCOM,11,0.04999874159693718
2025-05-21,QCOM,12,0.04973835498094559
2025-05-21,QCOM,13,0.04990486800670624
2025-05-21,QCOM,14,0.0501258485019207
2025-05-21,QCOM,15,0.050107721239328384
2025-05-21,QCOM,16,0.049984242767095566
2025-05-21,QCOM,17,0.04982363060116768
2025-05-21,QCOM,18,0.04995068907737732
2025-05-21,QCOM,19,0.050202626734972
2025-05-21,QCOM,20,0.05018806830048561
2025-05-21,SBUX,1,0.05001869797706604
2025-05-21,SBUX,2,0.04985898733139038
2025-05-21,SBUX,3,0.05002939701080322
2025-05-21,SBUX,4,0.050370194017887115
2025-05-21,SBUX,5,0.050294652581214905
2025-05-21,SBUX,6,0.04880594462156296
2025-05-21,SBUX,7,0.04964777082204819
2025-05-21,SBUX,8,0.0500124953687191
2025-05-21,SBUX,9,0.05032048001885414
2025-05-21,SBUX,10,0.05026116222143173
2025-05-21,SBUX,11,0.05004038289189339
2025-05-21,SBUX,12,0.0494503416121006
2025-05-21,SBUX,13,0.04968003183603287
2025-05-21,SBUX,14,0.05029793456196785
2025-05-21,SBUX,15,0.05028875544667244
2025-05-21,SBUX,16,0.05000603571534157
2025-05-21,SBUX,17,0.049806203693151474
2025-05-21,SBUX,18,0.0499359592795372
2025-05-21,SBUX,19,0.05048996955156326
2025-05-21,SBUX,20,0.050384629517793655
2025-05-22,AAPL,1,0.04999532550573349
2025-05-22,AAPL,2,0.05002690106630325
2025-05-22,AAPL,3,0.050085872411727905
2025-05-22,AAPL,4,0.050076551735401154
2025-05-22,AAPL,5,0.04993128404021263
2025-05-22,AAPL,6,0.04999716207385063
2025-05-22,AAPL,7,0.05000299960374832
2025-05-22,AAPL,8,0.05007348954677582
2025-05-22,AAPL,9,0.05006563663482666
2025-05-22,AAPL,10,0.05000091716647148
2025-05-22,AAPL,11,0.04982607811689377
2025-05-22,AAPL,12,0.049924831837415695
2025-05-22,AAPL,13,0.050056230276823044
2025-05-22,AAPL,14,0.0500483401119709
2025-05-22,AAPL,15,0.04997378960251808
2025-05-22,AAPL,16,0.04990772157907486
2025-05-22,AAPL,17,0.0499676913022995
2025-05-22,AAPL,18,0.05008317902684212
2025-05-22,AAPL,19,0.050060831010341644
2025-05-22,AAPL,20,0.04989517107605934
2025-05-22,ADBE,1,0.04950302094221115
2025-05-22,ADBE,2,0.049856677651405334
2025-05-22,ADBE,3,0.05079923942685127
2025-05-22,ADBE,4,0.05069969967007637
2025-05-22,ADBE,5,0.048602666705846786
2025-05-22,ADBE,6,0.04942867532372475
2025-05-22,ADBE,7,0.04993287846446037
2025-05-22,ADBE,8,0.05083104968070984
2025-05-22,ADBE,9,0.05059313401579857
2025-05-22,ADBE,10,0.050151534378528595
2025-05-22,ADBE,11,0.049162738025188446
2025-05-22,ADBE,12,0.04957299679517746
2025-05-22,ADBE,13,0.050504498183727264
2025-05-22,ADBE,14,0.050488948822021484
2025-05-22,ADBE,15,0.0498800128698349
2025-05-22,ADBE,16,0.04933534562587738
2025-05-22,ADBE,17,0.04973268136382103
2025-05-22,ADBE,18,0.050564318895339966
2025-05-22,ADBE,19,0.05048917233943939
2025-05-22,ADBE,20,0.04987061023712158
2025-05-22,AMD,1,0.04980512708425522
2025-05-22,AMD,2,0.05007047578692436
2025-05-22,AMD,3,0.05066957697272301
2025-05-22,AMD,4,0.050596028566360474
2025-05-22,AMD,5,0.04920658469200134
2025-05-22,AMD,6,0.04978063330054283
2025-05-22,AMD,7,0.05007019266486168
2025-05-22,AMD,8,0.05052425339818001
2025-05-22,AMD,9,0.050385732203722
2025-05-22,AMD,10,0.04991555213928223
2025-05-22,AMD,11,0.04919262230396271
2025-05-22,AMD,12,0.049672361463308334
2025-05-22,AMD,13,0.050363365560770035
2025-05-22,AMD,14,0.050259340554475784
2025-05-22,AMD,15,0.04978703334927559
2025-05-22,AMD,16,0.04926060140132904
2025-05-22,AMD,17,0.049748457968235016
2025-05-22,AMD,18,0.0504925474524498
2025-05-22,AMD,19,0.050403084605932236
2025-05-22,AMD,20,0.049796510487794876
2025-05-22,CMCSA,1,0.048646118491888046
2025-05-22,CMCSA,2,0.04979546368122101
2025-05-22,CMCSA,3,0.05049656704068184
2025-05-22,CMCSA,4,0.05045439302921295
2025-05-22,CMCSA,5,0.04836440086364746
2025-05-22,CMCSA,6,0.04935672506690025
2025-05-22,CMCSA,7,0.04999198392033577
2025-05-22,CMCSA,8,0.05077345296740532
2025-05-22,CMCSA,9,0.05069641396403313
2025-05-22,CMCSA,10,0.05014331638813019
2025-05-22,CMCSA,11,0.04885662719607353
2025-05-22,CMCSA,12,0.04977263882756233
2025-05-22,CMCSA,13,0.050807882100343704
2025-05-22,CMCSA,14,0.050770167261362076
2025-05-22,CMCSA,15,0.050020139664411545
2025-05-22,CMCSA,16,0.04956980049610138
2025-05-22,CMCSA,17,0.049796488136053085
2025-05-22,CMCSA,18,0.05096988379955292
2025-05-22,CMCSA,19,0.0507517047226429
2025-05-22,CMCSA,20,0.04996584728360176
2025-05-22,COST,1,0.049998871982097626
2025-05-22,COST,2,0.05000533163547516
2025-05-22,COST,3,0.050014737993478775
2025-05-22,COST,4,0.050013817846775055
2025-05-22,COST,5,0.0499856136739254
2025-05-22,COST,6,0.04999861493706703
2025-05-22,COST,7,0.050006330013275146
2025-05-22,COST,8,0.05001344531774521
2025-05-22,COST,9,0.05001228675246239
2025-05-22,COST,10,0.05000336095690727
2025-05-22,COST,11,0.04998081922531128
2025-05-22,COST,12,0.04999333247542381
2025-05-22,COST,13,0.0500093549489975
2025-05-22,COST,14,0.05000179633498192
2025-05-22,COST,15,0.04998639598488808
2025-05-22,COST,16,0.04998977482318878
2025-05-22,COST,17,0.04999776929616928
2025-05-22,COST,18,0.05000625550746918
2025-05-22,COST,19,0.05000238120555878
2025-05-22,COST,20,0.04997967928647995
2025-05-22,INTC,1,0.049697645008563995
2025-05-22,INTC,2,0.04968138784170151
2025-05-22,INTC,3,0.05044235289096832
2025-05-22,INTC,4,0.05045875906944275
2025-05-22,INTC,5,0.04854061082005501
2025-05-22,INTC,6,0.04946019500494003
2025-05-22,INTC,7,0.049989938735961914
2025-05-22,INTC,8,0.050868503749370575
2025-05-22,INTC,9,0.05068410187959671
2025-05-22,INTC,10,0.05015550181269646
2025-05-22,INTC,11,0.049290139228105545
2025-05-22,INTC,12,0.04971695691347122
2025-05-22,INTC,13,0.050545256584882736
2025-05-22,INTC,14,0.05057668685913086
2025-05-22,INTC,15,0.04964187741279602
2025-05-22,INTC,16,0.049203693866729736
2025-05-22,INTC,17,0.049696143716573715
2025-05-22,INTC,18,0.05078732222318649
2025-05-22,INTC,19,0.050701990723609924
2025-05-22,INTC,20,0.049860868602991104
2025-05-22,INTU,1,0.04998276010155678
2025-05-22,INTU,2,0.050002701580524445
2025-05-22,INTU,3,0.050029609352350235
2025-05-22,INTU,4,0.05002667382359505
2025-05-22,INTU,5,0.049950696527957916
2025-05-22,INTU,6,0.04997488856315613
2025-05-22,INTU,7,0.05000479891896248
2025-05-22,INTU,8,0.050027478486299515
2025-05-22,INTU,9,0.05002480745315552
2025-05-22,INTU,10,0.05000904202461243
2025-05-22,INTU,11,0.04997837170958519
2025-05-22,INTU,12,0.049986790865659714
2025-05-22,INTU,13,0.05001729354262352
2025-05-22,INTU,14,0.05001198872923851
2025-05-22,INTU,15,0.04998345673084259
2025-05-22,INTU,16,0.04997796192765236
2025-05-22,INTU,17,0.04999899864196777
2025-05-22,INTU,18,0.05001905933022499
2025-05-22,INTU,19,0.050015248358249664
2025-05-22,INTU,20,0.04997728019952774
2025-05-22,MSFT,1,0.04995545372366905
2025-05-22,MSFT,2,0.04998300224542618
2025-05-22,MSFT,3,0.05003154277801514
2025-05-22,MSFT,4,0.050024379044771194
2025-05-22,MSFT,5,0.049884725362062454
2025-05-22,MSFT,6,0.05000021308660507
2025-05-22,MSFT,7,0.05000839754939079
2025-05-22,MSFT,8,0.05002165958285332
2025-05-22,MSFT,9,0.05001983046531677
2025-05-22,MSFT,10,0.050007808953523636
2025-05-22,MSFT,11,0.04998646304011345
2025-05-22,MSFT,12,0.04999999329447746
2025-05-22,MSFT,13,0.050020404160022736
2025-05-22,MSFT,14,0.05001739785075188
2025-05-22,MSFT,15,0.05000602826476097
2025-05-22,MSFT,16,0.04999130219221115
2025-05-22,MSFT,17,0.05000322684645653
2025-05-22,MSFT,18,0.05002051219344139
2025-05-22,MSFT,19,0.050018563866615295
2025-05-22,MSFT,20,0.04999907314777374
2025-05-22,QCOM,1,0.049974631518125534
2025-05-22,QCOM,2,0.05006396025419235
2025-05-22,QCOM,3,0.050228577107191086
2025-05-22,QCOM,4,0.05018137767910957
2025-05-22,QCOM,5,0.04971550405025482
2025-05-22,QCOM,6,0.0495675653219223
2025-05-22,QCOM,7,0.04998258128762245
2025-05-22,QCOM,8,0.05016213655471802
2025-05-22,QCOM,9,0.05012946203351021
2025-05-22,QCOM,10,0.05000179260969162
2025-05-22,QCOM,11,0.049741391092538834
2025-05-22,QCOM,12,0.04990791529417038
2025-05-22,QCOM,13,0.050128910690546036
2025-05-22,QCOM,14,0.05011077970266342
2025-05-22,QCOM,15,0.049987293779850006
2025-05-22,QCOM,16,0.049826670438051224
2025-05-22,QCOM,17,0.04995374009013176
2025-05-22,QCOM,18,0.050205688923597336
2025-05-22,QCOM,19,0.050191134214401245
2025-05-22,QCOM,20,0.04993901029229164
2025-05-22,SBUX,1,0.049875497817993164
2025-05-22,SBUX,2,0.05003153532743454
2025-05-22,SBUX,3,0.05037156865000725
2025-05-22,SBUX,4,0.050295982509851456
2025-05-22,SBUX,5,0.04880722984671593
2025-05-22,SBUX,6,0.04964907839894295
2025-05-22,SBUX,7,0.050013814121484756
2025-05-22,SBUX,8,0.050321806222200394
2025-05-22,SBUX,9,0.050262488424777985
2025-05-22,SBUX,10,0.05004170164465904
2025-05-22,SBUX,11,0.04945164546370506
2025-05-22,SBUX,12,0.049681343138217926
2025-05-22,SBUX,13,0.0502992607653141
2025-05-22,SBUX,14,0.05029008165001869
2025-05-22,SBUX,15,0.050007354468107224
2025-05-22,SBUX,16,0.04980751872062683
2025-05-22,SBUX,17,0.049937278032302856
2025-05-22,SBUX,18,0.05049130320549011
2025-05-22,SBUX,19,0.050385959446430206
2025-05-22,SBUX,20,0.049977537244558334
2025-05-23,AAPL,1,0.05003857985138893
2025-05-23,AAPL,2,0.05009609833359718
2025-05-23,AAPL,3,0.050086744129657745
2025-05-23,AAPL,4,0.04994144290685654
2025-05-23,AAPL,5,0.05000733211636543
2025-05-23,AAPL,6,0.05001317337155342
2025-05-23,AAPL,7,0.05008367821574211
2025-05-23,AAPL,8,0.050075821578502655
2025-05-23,AAPL,9,0.05001109465956688
2025-05-23,AAPL,10,0.04983621835708618
2025-05-23,AAPL,11,0.0499349907040596
2025-05-23,AAPL,12,0.05006641522049904
2025-05-23,AAPL,13,0.050058525055646896
2025-05-23,AAPL,14,0.04998395964503288
2025-05-23,AAPL,15,0.04991787672042847
2025-05-23,AAPL,16,0.049977857619524
2025-05-23,AAPL,17,0.05009337142109871
2025-05-23,AAPL,18,0.05007101967930794
2025-05-23,AAPL,19,0.04990532249212265
2025-05-23,AAPL,20,0.04980047792196274
2025-05-23,ADBE,1,0.049908366054296494
2025-05-23,ADBE,2,0.050808485597372055
2025-05-23,ADBE,3,0.050704896450042725
2025-05-23,ADBE,4,0.04860736429691315
2025-05-23,ADBE,5,0.04943341016769409
2025-05-23,ADBE,6,0.0499376580119133
2025-05-23,ADBE,7,0.05083591118454933
2025-05-23,ADBE,8,0.05059797689318657
2025-05-23,ADBE,9,0.05015633627772331
2025-05-23,ADBE,10,0.0491674430668354
2025-05-23,ADBE,11,0.0495777390897274
2025-05-23,ADBE,12,0.05050932988524437
2025-05-23,ADBE,13,0.05049378052353859
2025-05-23,ADBE,14,0.04988478869199753
2025-05-23,ADBE,15,0.04934006929397583
2025-05-23,ADBE,16,0.049737442284822464
2025-05-23,ADBE,17,0.05056915804743767
2025-05-23,ADBE,18,0.0504940040409565
2025-05-23,ADBE,19,0.04987538233399391
2025-05-23,ADBE,20,0.049360424280166626
2025-05-23,AMD,1,0.050115566700696945
2025-05-23,AMD,2,0.05069734901189804
2025-05-23,AMD,3,0.05062244087457657
2025-05-23,AMD,4,0.04923219233751297
2025-05-23,AMD,5,0.04980652779340744
2025-05-23,AMD,6,0.050096239894628525
2025-05-23,AMD,7,0.05055053532123566
2025-05-23,AMD,8,0.05041194334626198
2025-05-23,AMD,9,0.04994151368737221
2025-05-23,AMD,10,0.04921821132302284
2025-05-23,AMD,11,0.049698200076818466
2025-05-23,AMD,12,0.05038956180214882
2025-05-23,AMD,13,0.05028548464179039
2025-05-23,AMD,14,0.049812931567430496
2025-05-23,AMD,15,0.04928622767329216
2025-05-23,AMD,16,0.04977433383464813
2025-05-23,AMD,17,0.050518814474344254
2025-05-23,AMD,18,0.05042929947376251
2025-05-23,AMD,19,0.04982241615653038
2025-05-23,AMD,20,0.04929010570049286
2025-05-23,CMCSA,1,0.04983964189887047
2025-05-23,CMCSA,2,0.05047774314880371
2025-05-23,CMCSA,3,0.05043066293001175
2025-05-23,CMCSA,4,0.048343196511268616
2025-05-23,CMCSA,5,0.04933396726846695
2025-05-23,CMCSA,6,0.0499686673283577
2025-05-23,CMCSA,7,0.05074881389737129
2025-05-23,CMCSA,8,0.05067189037799835
2025-05-23,CMCSA,9,0.05011950433254242
2025-05-23,CMCSA,10,0.048834435641765594
2025-05-23,CMCSA,11,0.04974925145506859
2025-05-23,CMCSA,12,0.050783030688762665
2025-05-23,CMCSA,13,0.05074530094861984
2025-05-23,CMCSA,14,0.04999605938792229
2025-05-23,CMCSA,15,0.04954677075147629
2025-05-23,CMCSA,16,0.04977329820394516
2025-05-23,CMCSA,17,0.05094476416707039
2025-05-23,CMCSA,18,0.05072694271802902
2025-05-23,CMCSA,19,0.049941930919885635
2025-05-23,CMCSA,20,0.04902423918247223
2025-05-23,COST,1,0.050007183104753494
2025-05-23,COST,2,0.050016433000564575
2025-05-23,COST,3,0.050015512853860855
2025-05-23,COST,4,0.0499873049557209
2025-05-23,COST,5,0.05000030994415283
2025-05-23,COST,6,0.05000802129507065
2025-05-23,COST,7,0.05001514032483101
2025-05-23,COST,8,0.05001397803425789
2025-05-23,COST,9,0.050005052238702774
2025-05-23,COST,10,0.04998251050710678
2025-05-23,COST,11,0.049995020031929016
2025-05-23,COST,12,0.0500110499560833
2025-05-23,COST,13,0.05000348761677742
2025-05-23,COST,14,0.04998808726668358
2025-05-23,COST,15,0.04999146610498428
2025-05-23,COST,16,0.04999946057796478
2025-05-23,COST,17,0.05000794678926468
2025-05-23,COST,18,0.05000407621264458
2025-05-23,COST,19,0.04998137429356575
2025-05-23,COST,20,0.04996658116579056
2025-05-23,INTC,1,0.04975045844912529
2025-05-23,INTC,2,0.05047732964158058
2025-05-23,INTC,3,0.05049163103103638
2025-05-23,INTC,4,0.04857209697365761
2025-05-23,INTC,5,0.0494922436773777
2025-05-23,INTC,6,0.050022322684526443
2025-05-23,INTC,7,0.05090146139264107
2025-05-23,INTC,8,0.050716936588287354
2025-05-23,INTC,9,0.05018799751996994
2025-05-23,INTC,10,0.04932207241654396
2025-05-23,INTC,11,0.04974916949868202
2025-05-23,INTC,12,0.050578005611896515
2025-05-23,INTC,13,0.05060945451259613
2025-05-23,INTC,14,0.04967403784394264
2025-05-23,INTC,15,0.049235567450523376
2025-05-23,INTC,16,0.04972833767533302
2025-05-23,INTC,17,0.05082022398710251
2025-05-23,INTC,18,0.05073484033346176
2025-05-23,INTC,19,0.04989317059516907
2025-05-23,INTC,20,0.049042586237192154
2025-05-23,INTU,1,0.050004150718450546
2025-05-23,INTU,2,0.050030417740345
2025-05-23,INTU,3,0.05002746358513832
2025-05-23,INTU,4,0.04995149001479149
2025-05-23,INTU,5,0.0499756820499897
2025-05-23,INTU,6,0.05000559240579605
2025-05-23,INTU,7,0.05002826824784279
2025-05-23,INTU,8,0.05002559721469879
2025-05-23,INTU,9,0.0500098317861557
2025-05-23,INTU,10,0.049979161471128464
2025-05-23,INTU,11,0.049987584352493286
2025-05-23,INTU,12,0.05001809075474739
2025-05-23,INTU,13,0.05001278221607208
2025-05-23,INTU,14,0.04998425021767616
2025-05-23,INTU,15,0.04997875168919563
2025-05-23,INTU,16,0.049999795854091644
2025-05-23,INTU,17,0.05001985281705856
2025-05-23,INTU,18,0.05001604184508324
2025-05-23,INTU,19,0.049978069961071014
2025-05-23,INTU,20,0.049967262893915176
2025-05-23,MSFT,1,0.049982666969299316
2025-05-23,MSFT,2,0.050029873847961426
2025-05-23,MSFT,3,0.0500226728618145
2025-05-23,MSFT,4,0.04988302290439606
2025-05-23,MSFT,5,0.049998506903648376
2025-05-23,MSFT,6,0.0500066913664341
2025-05-23,MSFT,7,0.05001995339989662
2025-05-23,MSFT,8,0.05001812428236008
2025-05-23,MSFT,9,0.05000610277056694
2025-05-23,MSFT,10,0.049984756857156754
2025-05-23,MSFT,11,0.04999828711152077
2025-05-23,MSFT,12,0.05001869425177574
2025-05-23,MSFT,13,0.05001569166779518
2025-05-23,MSFT,14,0.050004322081804276
2025-05-23,MSFT,15,0.049989596009254456
2025-05-23,MSFT,16,0.05000152066349983
2025-05-23,MSFT,17,0.050018806010484695
2025-05-23,MSFT,18,0.0500168576836586
2025-05-23,MSFT,19,0.04999736696481705
2025-05-23,MSFT,20,0.04998644441366196
2025-05-23,QCOM,1,0.05008706450462341
2025-05-23,QCOM,2,0.05024584382772446
2025-05-23,QCOM,3,0.05019838362932205
2025-05-23,QCOM,4,0.04973234608769417
2025-05-23,QCOM,5,0.04958435520529747
2025-05-23,QCOM,6,0.04999951273202896
2025-05-23,QCOM,7,0.0501791313290596
2025-05-23,QCOM,8,0.050146445631980896
2025-05-23,QCOM,9,0.050018731504678726
2025-05-23,QCOM,10,0.04975824058055878
2025-05-23,QCOM,11,0.0499248206615448
2025-05-23,QCOM,12,0.050145890563726425
2025-05-23,QCOM,13,0.050127752125263214
2025-05-23,QCOM,14,0.050004228949546814
2025-05-23,QCOM,15,0.049843546003103256
2025-05-23,QCOM,16,0.049970660358667374
2025-05-23,QCOM,17,0.050222694873809814
2025-05-23,QCOM,18,0.05020813271403313
2025-05-23,QCOM,19,0.049955930560827255
2025-05-23,QCOM,20,0.04964625835418701
2025-05-23,SBUX,1,0.050056565552949905
2025-05-23,SBUX,2,0.05037977173924446
2025-05-23,SBUX,3,0.05030323192477226
2025-05-23,SBUX,4,0.048814233392477036
2025-05-23,SBUX,5,0.04965619742870331
2025-05-23,SBUX,6,0.050020985305309296
2025-05-23,SBUX,7,0.050329018384218216
2025-05-23,SBUX,8,0.05026969313621521
2025-05-23,SBUX,9,0.05004887282848358
2025-05-23,SBUX,10,0.049458734691143036
2025-05-23,SBUX,11,0.04968846216797829
2025-05-23,SBUX,12,0.050306469202041626
2025-05-23,SBUX,13,0.050297290086746216
2025-05-23,SBUX,14,0.050014521926641464
2025-05-23,SBUX,15,0.049814656376838684
2025-05-23,SBUX,16,0.0499444343149662
2025-05-23,SBUX,17,0.050498537719249725
2025-05-23,SBUX,18,0.050393182784318924
2025-05-23,SBUX,19,0.04998469725251198
2025-05-23,SBUX,20,0.04972044751048088
2025-05-27,AAPL,1,0.05010790750384331
2025-05-27,AAPL,2,0.05009789392352104
2025-05-27,AAPL,3,0.04995254799723625
2025-05-27,AAPL,4,0.05001845583319664
2025-05-27,AAPL,5,0.05002429708838463
2025-05-27,AAPL,6,0.05009481683373451
2025-05-27,AAPL,7,0.050086960196495056
2025-05-27,AAPL,8,0.05002221837639809
2025-05-27,AAPL,9,0.049847301095724106
2025-05-27,AAPL,10,0.049946095794439316
2025-05-27,AAPL,11,0.05007755383849144
2025-05-27,AAPL,12,0.050069659948349
2025-05-27,AAPL,13,0.04999507591128349
2025-05-27,AAPL,14,0.04992897808551788
2025-05-27,AAPL,15,0.04998897388577461
2025-05-27,AAPL,16,0.05010451003909111
2025-05-27,AAPL,17,0.05008215457201004
2025-05-27,AAPL,18,0.04991642385721207
2025-05-27,AAPL,19,0.049811556935310364
2025-05-27,AAPL,20,0.04982667416334152
2025-05-27,ADBE,1,0.05084459111094475
2025-05-27,ADBE,2,0.05072004348039627
2025-05-27,ADBE,3,0.04862041771411896
2025-05-27,ADBE,4,0.04944654554128647
2025-05-27,ADBE,5,0.04995090886950493
2025-05-27,ADBE,6,0.05084940046072006
2025-05-27,ADBE,7,0.050611402839422226
2025-05-27,ADBE,8,0.05016964301466942
2025-05-27,ADBE,9,0.04918048903346062
2025-05-27,ADBE,10,0.04959089681506157
2025-05-27,ADBE,11,0.050522733479738235
2025-05-27,ADBE,12,0.05050718039274216
2025-05-27,ADBE,13,0.04989802464842796
2025-05-27,ADBE,14,0.049353159964084625
2025-05-27,ADBE,15,0.049750640988349915
2025-05-27,ADBE,16,0.05058257654309273
2025-05-27,ADBE,17,0.050507403910160065
2025-05-27,ADBE,18,0.04988861829042435
2025-05-27,ADBE,19,0.04937352240085602
2025-05-27,ADBE,20,0.04963168874382973
2025-05-27,AMD,1,0.05072125047445297
2025-05-27,AMD,2,0.05064503103494644
2025-05-27,AMD,3,0.04925408959388733
2025-05-27,AMD,4,0.049828700721263885
2025-05-27,AMD,5,0.050118543207645416
2025-05-27,AMD,6,0.050573039799928665
2025-05-27,AMD,7,0.05043438822031021
2025-05-27,AMD,8,0.04996374994516373
2025-05-27,AMD,9,0.049240123480558395
2025-05-27,AMD,10,0.04972032830119133
2025-05-27,AMD,11,0.050411999225616455
2025-05-27,AMD,12,0.05030786991119385
2025-05-27,AMD,13,0.04983510822057724
2025-05-27,AMD,14,0.0493081696331501
2025-05-27,AMD,15,0.049796491861343384
2025-05-27,AMD,16,0.05054130777716637
2025-05-27,AMD,17,0.05045175179839134
2025-05-27,AMD,18,0.04984459653496742
2025-05-27,AMD,19,0.0493120476603508
2025-05-27,AMD,20,0.04969137907028198
2025-05-27,CMCSA,1,0.05051982402801514
2025-05-27,CMCSA,2,0.050447795540094376
2025-05-27,CMCSA,3,0.04835875332355499
2025-05-27,CMCSA,4,0.049349233508110046
2025-05-27,CMCSA,5,0.04998401924967766
2025-05-27,CMCSA,6,0.05076412111520767
2025-05-27,CMCSA,7,0.050687193870544434
2025-05-27,CMCSA,8,0.050134774297475815
2025-05-27,CMCSA,9,0.04884961619973183
2025-05-27,CMCSA,10,0.0497644804418087
2025-05-27,CMCSA,11,0.050798285752534866
2025-05-27,CMCSA,12,0.050760529935359955
2025-05-27,CMCSA,13,0.05001118779182434
2025-05-27,CMCSA,14,0.04956201836466789
2025-05-27,CMCSA,15,0.04978859797120094
2025-05-27,CMCSA,16,0.05096001178026199
2025-05-27,CMCSA,17,0.05074220150709152
2025-05-27,CMCSA,18,0.049957096576690674
2025-05-27,CMCSA,19,0.049039293080568314
2025-05-27,CMCSA,20,0.04952095448970795
2025-05-27,COST,1,0.05001780763268471
2025-05-27,COST,2,0.05001678317785263
2025-05-27,COST,3,0.049988579005002975
2025-05-27,COST,4,0.050001583993434906
2025-05-27,COST,5,0.05000929534435272
2025-05-27,COST,6,0.050016410648822784
2025-05-27,COST,7,0.05001525208353996
2025-05-27,COST,8,0.05000632628798485
2025-05-27,COST,9,0.049983784556388855
2025-05-27,COST,10,0.04999629408121109
2025-05-27,COST,11,0.05001232028007507
2025-05-27,COST,12,0.050004761666059494
2025-05-27,COST,13,0.04998936131596565
2025-05-27,COST,14,0.04999274015426636
2025-05-27,COST,15,0.05000073462724686
2025-05-27,COST,16,0.05000922083854675
2025-05-27,COST,17,0.05000534653663635
2025-05-27,COST,18,0.049982644617557526
2025-05-27,COST,19,0.04996785148978233
2025-05-27,COST,20,0.04998302087187767
2025-05-27,INTC,1,0.05052221566438675
2025-05-27,INTC,2,0.050513070076704025
2025-05-27,INTC,3,0.04859131574630737
2025-05-27,INTC,4,0.04951150715351105
2025-05-27,INTC,5,0.050041764974594116
2025-05-27,INTC,6,0.0509212426841259
2025-05-27,INTC,7,0.050736647099256516
2025-05-27,INTC,8,0.05020749941468239
2025-05-27,INTC,9,0.04934123903512955
2025-05-27,INTC,10,0.04976850003004074
2025-05-27,INTC,11,0.0505976602435112
2025-05-27,INTC,12,0.05062912032008171
2025-05-27,INTC,13,0.04969334229826927
2025-05-27,INTC,14,0.04925470054149628
2025-05-27,INTC,15,0.049747660756111145
2025-05-27,INTC,16,0.05083996802568436
2025-05-27,INTC,17,0.05075455456972122
2025-05-27,INTC,18,0.04991256073117256
2025-05-27,INTC,19,0.049061644822359085
2025-05-27,INTC,20,0.04935373738408089
2025-05-27,INTU,1,0.05003133788704872
2025-05-27,INTU,2,0.050027843564748764
2025-05-27,INTU,3,0.04994824156165123
2025-05-27,INTU,4,0.04997380077838898
2025-05-27,INTU,5,0.05000508949160576
2025-05-27,INTU,6,0.050028685480356216
2025-05-27,INTU,7,0.050025906413793564
2025-05-27,INTU,8,0.05000946298241615
2025-05-27,INTU,9,0.04997728019952774
2025-05-27,INTU,10,0.04998618736863136
2025-05-27,INTU,11,0.05001804977655411
2025-05-27,INTU,12,0.0500124916434288
2025-05-27,INTU,13,0.04998261481523514
2025-05-27,INTU,14,0.049976833164691925
2025-05-27,INTU,15,0.049998924136161804
2025-05-27,INTU,16,0.050019897520542145
2025-05-27,INTU,17,0.05001591518521309
2025-05-27,INTU,18,0.04997609928250313
2025-05-27,INTU,19,0.04996475204825401
2025-05-27,INTU,20,0.05002058297395706
2025-05-27,MSFT,1,0.05003013834357262
2025-05-27,MSFT,2,0.05002208054065704
2025-05-27,MSFT,3,0.04988241568207741
2025-05-27,MSFT,4,0.04999789968132973
2025-05-27,MSFT,5,0.05000608041882515
2025-05-27,MSFT,6,0.05001934617757797
2025-05-27,MSFT,7,0.05001751333475113
2025-05-27,MSFT,8,0.05000549182295799
2025-05-27,MSFT,9,0.049984149634838104
2025-05-27,MSFT,10,0.04999767616391182
2025-05-27,MSFT,11,0.05001808702945709
2025-05-27,MSFT,12,0.050015080720186234
2025-05-27,MSFT,13,0.050003714859485626
2025-05-27,MSFT,14,0.049988992512226105
2025-05-27,MSFT,15,0.050000909715890884
2025-05-27,MSFT,16,0.050018198788166046
2025-05-27,MSFT,17,0.05001625046133995
2025-05-27,MSFT,18,0.0499967560172081
2025-05-27,MSFT,19,0.04998583719134331
2025-05-27,MSFT,20,0.04999338090419769
2025-05-27,QCOM,1,0.050259631127119064
2025-05-27,QCOM,2,0.05021039396524429
2025-05-27,QCOM,3,0.04974419251084328
2025-05-27,QCOM,4,0.04959616810083389
2025-05-27,QCOM,5,0.050011422485113144
2025-05-27,QCOM,6,0.050191085785627365
2025-05-27,QCOM,7,0.050158388912677765
2025-05-27,QCOM,8,0.05003064498305321
2025-05-27,QCOM,9,0.04977009445428848
2025-05-27,QCOM,10,0.04993671551346779
2025-05-27,QCOM,11,0.050157833844423294
2025-05-27,QCOM,12,0.05013969540596008
2025-05-27,QCOM,13,0.050016142427921295
2025-05-27,QCOM,14,0.04985542222857475
2025-05-27,QCOM,15,0.04998256266117096
2025-05-27,QCOM,16,0.050234660506248474
2025-05-27,QCOM,17,0.05022009462118149
2025-05-27,QCOM,18,0.04996782913804054
2025-05-27,QCOM,19,0.04965808615088463
2025-05-27,QCOM,20,0.049858905375003815
2025-05-27,SBUX,1,0.050393108278512955
2025-05-27,SBUX,2,0.050308048725128174
2025-05-27,SBUX,3,0.048818573355674744
2025-05-27,SBUX,4,0.04966060072183609
2025-05-27,SBUX,5,0.050025422126054764
2025-05-27,SBUX,6,0.05033348500728607
2025-05-27,SBUX,7,0.05027415230870247
2025-05-27,SBUX,8,0.05005331337451935
2025-05-27,SBUX,9,0.049463123083114624
2025-05-27,SBUX,10,0.04969286918640137
2025-05-27,SBUX,11,0.05031093582510948
2025-05-27,SBUX,12,0.05030175298452377
2025-05-27,SBUX,13,0.05001895874738693
2025-05-27,SBUX,14,0.04981907829642296
2025-05-27,SBUX,15,0.04994886368513107
2025-05-27,SBUX,16,0.050503019243478775
2025-05-27,SBUX,17,0.05039765313267708
2025-05-27,SBUX,18,0.04998913034796715
2025-05-27,SBUX,19,0.04972485825419426
2025-05-27,SBUX,20,0.04996301233768463
2025-05-28,AAPL,1,0.05010046437382698
2025-05-28,AAPL,2,0.049955710768699646
2025-05-28,AAPL,3,0.05002165585756302
2025-05-28,AAPL,4,0.050027500838041306
2025-05-28,AAPL,5,0.05009802430868149
2025-05-28,AAPL,6,0.05009016767144203
2025-05-28,AAPL,7,0.050025418400764465
2025-05-28,AAPL,8,0.04985049366950989
2025-05-28,AAPL,9,0.049949292093515396
2025-05-28,AAPL,10,0.050080761313438416
2025-05-28,AAPL,11,0.050072867423295975
2025-05-28,AAPL,12,0.04999827593564987
2025-05-28,AAPL,13,0.04993217810988426
2025-05-28,AAPL,14,0.04999217763543129
2025-05-28,AAPL,15,0.050107721239328384
2025-05-28,AAPL,16,0.050085362046957016
2025-05-28,AAPL,17,0.04991962015628815
2025-05-28,AAPL,18,0.04981474578380585
2025-05-28,AAPL,19,0.049829866737127304
2025-05-28,AAPL,20,0.05004757642745972
2025-05-28,ADBE,1,0.05070061609148979
2025-05-28,ADBE,2,0.048642463982105255
2025-05-28,ADBE,3,0.049473103135824203
2025-05-28,ADBE,4,0.049978163093328476
2025-05-28,ADBE,5,0.05087717995047569
2025-05-28,ADBE,6,0.05063905566930771
2025-05-28,ADBE,7,0.0501970537006855
2025-05-28,ADBE,8,0.049207355827093124
2025-05-28,ADBE,9,0.04961799085140228
2025-05-28,ADBE,10,0.05055033415555954
2025-05-28,ADBE,11,0.050534773617982864
2025-05-28,ADBE,12,0.04992528632283211
2025-05-28,ADBE,13,0.04938012361526489
2025-05-28,ADBE,14,0.04977782070636749
2025-05-28,ADBE,15,0.05061021447181702
2025-05-28,ADBE,16,0.05053499713540077
2025-05-28,ADBE,17,0.049915872514247894
2025-05-28,ADBE,18,0.04940049722790718
2025-05-28,ADBE,19,0.04965880513191223
2025-05-28,ADBE,20,0.050378188490867615
2025-05-28,AMD,1,0.050635263323783875
2025-05-28,AMD,2,0.04927511140704155
2025-05-28,AMD,3,0.04985302686691284
2025-05-28,AMD,4,0.0501432828605175
2025-05-28,AMD,5,0.05059802159667015
2025-05-28,AMD,6,0.050459302961826324
2025-05-28,AMD,7,0.049988433718681335
2025-05-28,AMD,8,0.04926444962620735
2025-05-28,AMD,9,0.04974488914012909
2025-05-28,AMD,10,0.05043690279126167
2025-05-28,AMD,11,0.050332725048065186
2025-05-28,AMD,12,0.049859728664159775
2025-05-28,AMD,13,0.04933252930641174
2025-05-28,AMD,14,0.049821097403764725
2025-05-28,AMD,15,0.05056627467274666
2025-05-28,AMD,16,0.05047667771577835
2025-05-28,AMD,17,0.049869220703840256
2025-05-28,AMD,18,0.04933641478419304
2025-05-28,AMD,19,0.049715928733348846
2025-05-28,AMD,20,0.050290752202272415
2025-05-28,CMCSA,1,0.050436586141586304
2025-05-28,CMCSA,2,0.04836500436067581
2025-05-28,CMCSA,3,0.04935554042458534
2025-05-28,CMCSA,4,0.04999028518795967
2025-05-28,CMCSA,5,0.050769735127687454
2025-05-28,CMCSA,6,0.050692856311798096
2025-05-28,CMCSA,7,0.050140731036663055
2025-05-28,CMCSA,8,0.0488562248647213
2025-05-28,CMCSA,9,0.04977059364318848
2025-05-28,CMCSA,10,0.05080374330282211
2025-05-28,CMCSA,11,0.050765957683324814
2025-05-28,CMCSA,12,0.050016868859529495
2025-05-28,CMCSA,13,0.04956831410527229
2025-05-28,CMCSA,14,0.04979487508535385
2025-05-28,CMCSA,15,0.050965335220098495
2025-05-28,CMCSA,16,0.05074770376086235
2025-05-28,CMCSA,17,0.049962881952524185
2025-05-28,CMCSA,18,0.049045417457818985
2025-05-28,CMCSA,19,0.049527134746313095
2025-05-28,CMCSA,20,0.05042417347431183
2025-05-28,COST,1,0.050017330795526505
2025-05-28,COST,2,0.049989134073257446
2025-05-28,COST,3,0.050002142786979675
2025-05-28,COST,4,0.05000985413789749
2025-05-28,COST,5,0.05001697316765785
2025-05-28,COST,6,0.05001581087708473
2025-05-28,COST,7,0.05000688508152962
2025-05-28,COST,8,0.049984343349933624
2025-05-28,COST,9,0.04999685287475586
2025-05-28,COST,10,0.05001288279891014
2025-05-28,COST,11,0.05000532045960426
2025-05-28,COST,12,0.04998992010951042
2025-05-28,COST,13,0.04999329894781113
2025-05-28,COST,14,0.050001293420791626
2025-05-28,COST,15,0.05000977963209152
2025-05-28,COST,16,0.05000590533018112
2025-05-28,COST,17,0.049983203411102295
2025-05-28,COST,18,0.0499684102833271
2025-05-28,COST,19,0.04998357966542244
2025-05-28,COST,20,0.050007257610559464
2025-05-28,INTC,1,0.05050014704465866
2025-05-28,INTC,2,0.04859475791454315
2025-05-28,INTC,3,0.0495162233710289
2025-05-28,INTC,4,0.0500466413795948
2025-05-28,INTC,5,0.05092620849609375
2025-05-28,INTC,6,0.05074159428477287
2025-05-28,INTC,7,0.05021239444613457
2025-05-28,INTC,8,0.04934605211019516
2025-05-28,INTC,9,0.04977335408329964
2025-05-28,INTC,10,0.050602592527866364
2025-05-28,INTC,11,0.05063405632972717
2025-05-28,INTC,12,0.04969818890094757
2025-05-28,INTC,13,0.04925950989127159
2025-05-28,INTC,14,0.04975251480937004
2025-05-28,INTC,15,0.05084493011236191
2025-05-28,INTC,16,0.05075950548052788
2025-05-28,INTC,17,0.04991742596030235
2025-05-28,INTC,18,0.04906643182039261
2025-05-28,INTC,19,0.0493585504591465
2025-05-28,INTC,20,0.05044884979724884
2025-05-28,INTU,1,0.05003538727760315
2025-05-28,INTU,2,0.04993809387087822
2025-05-28,INTU,3,0.049969300627708435
2025-05-28,INTU,4,0.05000780150294304
2025-05-28,INTU,5,0.050036001950502396
2025-05-28,INTU,6,0.050032537430524826
2025-05-28,INTU,7,0.050011761486530304
2025-05-28,INTU,8,0.049971166998147964
2025-05-28,INTU,9,0.04998249188065529
2025-05-28,INTU,10,0.05002281814813614
2025-05-28,INTU,11,0.050015825778245926
2025-05-28,INTU,12,0.04997795820236206
2025-05-28,INTU,13,0.049970198422670364
2025-05-28,INTU,14,0.04999898746609688
2025-05-28,INTU,15,0.05002475902438164
2025-05-28,INTU,16,0.050020068883895874
2025-05-28,INTU,17,0.04996953904628754
2025-05-28,INTU,18,0.049956370145082474
2025-05-28,INTU,19,0.05002725124359131
2025-05-28,INTU,20,0.050031621009111404
2025-05-28,MSFT,1,0.050022661685943604
2025-05-28,MSFT,2,0.04988325014710426
2025-05-28,MSFT,3,0.049998752772808075
2025-05-28,MSFT,4,0.0500069335103035
2025-05-28,MSFT,5,0.05002019926905632
2025-05-28,MSFT,6,0.050018373876810074
2025-05-28,MSFT,7,0.05000635236501694
2025-05-28,MSFT,8,0.04998500645160675
2025-05-28,MSFT,9,0.049998532980680466
2025-05-28,MSFT,10,0.05001894384622574
2025-05-28,MSFT,11,0.05001593753695488
2025-05-28,MSFT,12,0.050004567950963974
2025-05-28,MSFT,13,0.04998984560370445
2025-05-28,MSFT,14,0.05000176653265953
2025-05-28,MSFT,15,0.050019051879644394
2025-05-28,MSFT,16,0.0500171072781086
2025-05-28,MSFT,17,0.049997612833976746
2025-05-28,MSFT,18,0.049986694008111954
2025-05-28,MSFT,19,0.04999423772096634
2025-05-28,MSFT,20,0.05001422017812729
2025-05-28,QCOM,1,0.05021384358406067
2025-05-28,QCOM,2,0.04975126311182976
2025-05-28,QCOM,3,0.04960347339510918
2025-05-28,QCOM,4,0.05001881346106529
2025-05-28,QCOM,5,0.0501985028386116
2025-05-28,QCOM,6,0.050165802240371704
2025-05-28,QCOM,7,0.050038039684295654
2025-05-28,QCOM,8,0.049777448177337646
2025-05-28,QCOM,9,0.04994409531354904
2025-05-28,QCOM,10,0.05016525089740753
2025-05-28,QCOM,11,0.050147105008363724
2025-05-28,QCOM,12,0.050023529678583145
2025-05-28,QCOM,13,0.04986278712749481
2025-05-28,QCOM,14,0.04998994991183281
2025-05-28,QCOM,15,0.05024208500981331
2025-05-28,QCOM,16,0.05022751912474632
2025-05-28,QCOM,17,0.049975212663412094
2025-05-28,QCOM,18,0.0496654212474823
2025-05-28,QCOM,19,0.04986627399921417
2025-05-28,QCOM,20,0.0501236617565155
2025-05-28,SBUX,1,0.050304245203733444
2025-05-28,SBUX,2,0.048820991069078445
2025-05-28,SBUX,3,0.04966399073600769
2025-05-28,SBUX,4,0.05002888664603233
2025-05-28,SBUX,5,0.05033697560429573
2025-05-28,SBUX,6,0.05027763918042183
2025-05-28,SBUX,7,0.050056785345077515
2025-05-28,SBUX,8,0.04946655407547951
2025-05-28,SBUX,9,0.04969631880521774
2025-05-28,SBUX,10,0.05031442269682884
2025-05-28,SBUX,11,0.05030524358153343
2025-05-28,SBUX,12,0.0500224269926548
2025-05-28,SBUX,13,0.04982253164052963
2025-05-28,SBUX,14,0.04995232820510864
2025-05-28,SBUX,15,0.05050652101635933
2025-05-28,SBUX,16,0.050401147454977036
2025-05-28,SBUX,17,0.049992598593235016
2025-05-28,SBUX,18,0.049728307873010635
2025-05-28,SBUX,19,0.0499664805829525
2025-05-28,SBUX,20,0.05033552646636963
2025-05-29,AAPL,1,0.04996396228671074
2025-05-29,AAPL,2,0.05003085359930992
2025-05-29,AAPL,3,0.0500367246568203
2025-05-29,AAPL,4,0.050107263028621674
2025-05-29,AAPL,5,0.05009940266609192
2025-05-29,AAPL,6,0.050034645944833755
2025-05-29,AAPL,7,0.04985968768596649
2025-05-29,AAPL,8,0.04995850473642349
2025-05-29,AAPL,9,0.050089992582798004
2025-05-29,AAPL,10,0.05008209869265556
2025-05-29,AAPL,11,0.050007496029138565
2025-05-29,AAPL,12,0.04994138330221176
2025-05-29,AAPL,13,0.05000139772891998
2025-05-29,AAPL,14,0.05011695995926857
2025-05-29,AAPL,15,0.0500945970416069
2025-05-29,AAPL,16,0.049928825348615646
2025-05-29,AAPL,17,0.049823928624391556
2025-05-29,AAPL,18,0.04983905330300331
2025-05-29,AAPL,19,0.050056807696819305
2025-05-29,AAPL,20,0.049926381558179855
2025-05-29,ADBE,1,0.04864056780934334
2025-05-29,ADBE,2,0.04951028525829315
2025-05-29,ADBE,3,0.05001969262957573
2025-05-29,ADBE,4,0.050919756293296814
2025-05-29,ADBE,5,0.0506814643740654
2025-05-29,ADBE,6,0.05023909732699394
2025-05-29,ADBE,7,0.04924857243895531
2025-05-29,ADBE,8,0.049659546464681625
2025-05-29,ADBE,9,0.05059267207980156
2025-05-29,ADBE,10,0.05057710036635399
2025-05-29,ADBE,11,0.04996710270643234
2025-05-29,ADBE,12,0.04942148178815842
2025-05-29,ADBE,13,0.04981951415538788
2025-05-29,ADBE,14,0.050652604550123215
2025-05-29,ADBE,15,0.050577323883771896
2025-05-29,ADBE,16,0.049957677721977234
2025-05-29,ADBE,17,0.0494418703019619
2025-05-29,ADBE,18,0.04970039799809456
2025-05-29,ADBE,19,0.050420381128787994
2025-05-29,ADBE,20,0.049952875822782516
2025-05-29,AMD,1,0.04927728325128555
2025-05-29,AMD,2,0.049889057874679565
2025-05-29,AMD,3,0.0501825250685215
2025-05-29,AMD,4,0.05063781142234802
2025-05-29,AMD,5,0.050498995929956436
2025-05-29,AMD,6,0.0500277578830719
2025-05-29,AMD,7,0.04930320382118225
2025-05-29,AMD,8,0.04978401958942413
2025-05-29,AMD,9,0.05047658085823059
2025-05-29,AMD,10,0.05037232115864754
2025-05-29,AMD,11,0.04989895224571228
2025-05-29,AMD,12,0.04937133938074112
2025-05-29,AMD,13,0.04986029118299484
2025-05-29,AMD,14,0.050606053322553635
2025-05-29,AMD,15,0.050516385585069656
2025-05-29,AMD,16,0.04990845173597336
2025-05-29,AMD,17,0.049375224858522415
2025-05-29,AMD,18,0.0497550368309021
2025-05-29,AMD,19,0.05033031478524208
2025-05-29,AMD,20,0.04992837831377983
2025-05-29,CMCSA,1,0.048399921506643295
2025-05-29,CMCSA,2,0.04939717799425125
2025-05-29,CMCSA,3,0.050032906234264374
2025-05-29,CMCSA,4,0.050811298191547394
2025-05-29,CMCSA,5,0.0507345013320446
2025-05-29,CMCSA,6,0.05018274486064911
2025-05-29,CMCSA,7,0.04889903590083122
2025-05-29,CMCSA,8,0.04981275275349617
2025-05-29,CMCSA,9,0.05084497481584549
2025-05-29,CMCSA,10,0.05080708861351013
2025-05-29,CMCSA,11,0.05005817487835884
2025-05-29,CMCSA,12,0.049610793590545654
2025-05-29,CMCSA,13,0.049837443977594376
2025-05-29,CMCSA,14,0.05100634694099426
2025-05-29,CMCSA,15,0.0507890023291111
2025-05-29,CMCSA,16,0.05000440403819084
2025-05-29,CMCSA,17,0.04908722639083862
2025-05-29,CMCSA,18,0.04956931620836258
2025-05-29,CMCSA,19,0.050465844571590424
2025-05-29,CMCSA,20,0.04964899644255638
2025-05-29,COST,1,0.04999075457453728
2025-05-29,COST,2,0.05000381916761398
2025-05-29,COST,3,0.0500115342438221
2025-05-29,COST,4,0.05001864954829216
2025-05-29,COST,5,0.05001749098300934
2025-05-29,COST,6,0.050008565187454224
2025-05-29,COST,7,0.04998601973056793
2025-05-29,COST,8,0.049998532980680466
2025-05-29,COST,9,0.05001455917954445
2025-05-29,COST,10,0.05000700056552887
2025-05-29,COST,11,0.04999160021543503
2025-05-29,COST,12,0.04999497905373573
2025-05-29,COST,13,0.05000297352671623
2025-05-29,COST,14,0.05001145973801613
2025-05-29,COST,15,0.05000758916139603
2025-05-29,COST,16,0.0499848797917366
2025-05-29,COST,17,0.04997009038925171
2025-05-29,COST,18,0.049985259771347046
2025-05-29,COST,19,0.05000893771648407
2025-05-29,COST,20,0.04998533055186272
2025-05-29,INTC,1,0.048612818121910095
2025-05-29,INTC,2,0.04955057427287102
2025-05-29,INTC,3,0.0500827394425869
2025-05-29,INTC,4,0.050963032990694046
2025-05-29,INTC,5,0.05077829584479332
2025-05-29,INTC,6,0.05024871230125427
2025-05-29,INTC,7,0.049381744116544724
2025-05-29,INTC,8,0.04980935528874397
2025-05-29,INTC,9,0.05063919350504875
2025-05-29,INTC,10,0.05067067965865135
2025-05-29,INTC,11,0.04973413422703743
2025-05-29,INTC,12,0.04929513856768608
2025-05-29,INTC,13,0.04978850111365318
2025-05-29,INTC,14,0.050881706178188324
2025-05-29,INTC,15,0.05079622194170952
2025-05-29,INTC,16,0.049953531473875046
2025-05-29,INTC,17,0.04910191893577576
2025-05-29,INTC,18,0.04939424991607666
2025-05-29,INTC,19,0.050485339015722275
2025-05-29,INTC,20,0.04983201622962952
2025-05-29,INTU,1,0.049934785813093185
2025-05-29,INTU,2,0.049968305975198746
2025-05-29,INTU,3,0.050008952617645264
2025-05-29,INTU,4,0.050038892775774
2025-05-29,INTU,5,0.05003523826599121
2025-05-29,INTU,6,0.05001311004161835
2025-05-29,INTU,7,0.049970000982284546
2025-05-29,INTU,8,0.04998204484581947
2025-05-29,INTU,9,0.0500248521566391
2025-05-29,INTU,10,0.05001743510365486
2025-05-29,INTU,11,0.04997706785798073
2025-05-29,INTU,12,0.04996871575713158
2025-05-29,INTU,13,0.04999930039048195
2025-05-29,INTU,14,0.050026945769786835
2025-05-29,INTU,15,0.05002192407846451
2025-05-29,INTU,16,0.04996798560023308
2025-05-29,INTU,17,0.04995369166135788
2025-05-29,INTU,18,0.05002924054861069
2025-05-29,INTU,19,0.050033941864967346
2025-05-29,INTU,20,0.05002759024500847
2025-05-29,MSFT,1,0.04988398402929306
2025-05-29,MSFT,2,0.050000011920928955
2025-05-29,MSFT,3,0.050008196383714676
2025-05-29,MSFT,4,0.0500214621424675
2025-05-29,MSFT,5,0.050019633024930954
2025-05-29,MSFT,6,0.05000761151313782
2025-05-29,MSFT,7,0.04998626559972763
2025-05-29,MSFT,8,0.049999795854091644
2025-05-29,MSFT,9,0.05002020299434662
2025-05-29,MSFT,10,0.05001720041036606
2025-05-29,MSFT,11,0.05000583082437515
2025-05-29,MSFT,12,0.04999110847711563
2025-05-29,MSFT,13,0.05000302568078041
2025-05-29,MSFT,14,0.05002031475305557
2025-05-29,MSFT,15,0.05001836642622948
2025-05-29,MSFT,16,0.049998875707387924
2025-05-29,MSFT,17,0.049987953156232834
2025-05-29,MSFT,18,0.04999550059437752
2025-05-29,MSFT,19,0.05001548305153847
2025-05-29,MSFT,20,0.0499991774559021
2025-05-29,QCOM,1,0.04976152628660202
2025-05-29,QCOM,2,0.0496172234416008
2025-05-29,QCOM,3,0.050032928586006165
2025-05-29,QCOM,4,0.05021267384290695
2025-05-29,QCOM,5,0.050179965794086456
2025-05-29,QCOM,6,0.05005216971039772
2025-05-29,QCOM,7,0.04979150742292404
2025-05-29,QCOM,8,0.04995819926261902
2025-05-29,QCOM,9,0.050179414451122284
2025-05-29,QCOM,10,0.05016126483678818
2025-05-29,QCOM,11,0.05003765597939491
2025-05-29,QCOM,12,0.049876868724823
2025-05-29,QCOM,13,0.05000406876206398
2025-05-29,QCOM,14,0.05025627091526985
2025-05-29,QCOM,15,0.05024170130491257
2025-05-29,QCOM,16,0.049989327788352966
2025-05-29,QCOM,17,0.04967944696545601
2025-05-29,QCOM,18,0.04988035559654236
2025-05-29,QCOM,19,0.05013781785964966
2025-05-29,QCOM,20,0.04994962364435196
2025-05-29,SBUX,1,0.04882565513253212
2025-05-29,SBUX,2,0.0496770441532135
2025-05-29,SBUX,3,0.050042517483234406
2025-05-29,SBUX,4,0.05035071447491646
2025-05-29,SBUX,5,0.05029136314988136
2025-05-29,SBUX,6,0.05007044970989227
2025-05-29,SBUX,7,0.04948005825281143
2025-05-29,SBUX,8,0.04970988258719444
2025-05-29,SBUX,9,0.05032815784215927
2025-05-29,SBUX,10,0.05031897500157356
2025-05-29,SBUX,11,0.05003608390688896
2025-05-29,SBUX,12,0.04983613267540932
2025-05-29,SBUX,13,0.04996596649289131
2025-05-29,SBUX,14,0.05052030831575394
2025-05-29,SBUX,15,0.050414908677339554
2025-05-29,SBUX,16,0.05000624433159828
2025-05-29,SBUX,17,0.04974188283085823
2025-05-29,SBUX,18,0.04998011887073517
2025-05-29,SBUX,19,0.050349269062280655
2025-05-29,SBUX,20,0.050054315477609634
2025-05-30,AAPL,1,0.05004303902387619
2025-05-30,AAPL,2,0.05004524812102318
2025-05-30,AAPL,3,0.0501156821846962
2025-05-30,AAPL,4,0.050107818096876144
2025-05-30,AAPL,5,0.050043050199747086
2025-05-30,AAPL,6,0.049868062138557434
2025-05-30,AAPL,7,0.04996689409017563
2025-05-30,AAPL,8,0.05009840801358223
2025-05-30,AAPL,9,0.05009051039814949
2025-05-30,AAPL,10,0.0500158965587616
2025-05-30,AAPL,11,0.0499497726559639
2025-05-30,AAPL,12,0.050009794533252716
2025-05-30,AAPL,13,0.050125379115343094
2025-05-30,AAPL,14,0.05010301247239113
2025-05-30,AAPL,15,0.049937210977077484
2025-05-30,AAPL,16,0.0498322993516922
2025-05-30,AAPL,17,0.049847427755594254
2025-05-30,AAPL,18,0.050065215677022934
2025-05-30,AAPL,19,0.04993476718664169
2025-05-30,AAPL,20,0.049800459295511246
2025-05-30,ADBE,1,0.049620915204286575
2025-05-30,ADBE,2,0.049982957541942596
2025-05-30,ADBE,3,0.05087064579129219
2025-05-30,ADBE,4,0.050631340593099594
2025-05-30,ADBE,5,0.050189308822155
2025-05-30,ADBE,6,0.049199748784303665
2025-05-30,ADBE,7,0.04961031302809715
2025-05-30,ADBE,8,0.05054251477122307
2025-05-30,ADBE,9,0.05052695423364639
2025-05-30,ADBE,10,0.0499175600707531
2025-05-30,ADBE,11,0.04937248304486275
2025-05-30,ADBE,12,0.04977012053132057
2025-05-30,ADBE,13,0.05060238391160965
2025-05-30,ADBE,14,0.0505271814763546
2025-05-30,ADBE,15,0.04990814998745918
2025-05-30,ADBE,16,0.04939285293221474
2025-05-30,ADBE,17,0.0496511235833168
2025-05-30,ADBE,18,0.050370391458272934
2025-05-30,ADBE,19,0.049903351813554764
2025-05-30,ADBE,20,0.04940978065133095
2025-05-30,AMD,1,0.04995971545577049
2025-05-30,AMD,2,0.05017518624663353
2025-05-30,AMD,3,0.050625212490558624
2025-05-30,AMD,4,0.050486039370298386
2025-05-30,AMD,5,0.050014887005090714
2025-05-30,AMD,6,0.04929051548242569
2025-05-30,AMD,7,0.04977120831608772
2025-05-30,AMD,8,0.050463587045669556
2025-05-30,AMD,9,0.05035935342311859
2025-05-30,AMD,10,0.04988611117005348
2025-05-30,AMD,11,0.049358632415533066
2025-05-30,AMD,12,0.04984745383262634
2025-05-30,AMD,13,0.05059302970767021
2025-05-30,AMD,14,0.050503384321928024
2025-05-30,AMD,15,0.04989560693502426
2025-05-30,AMD,16,0.04936251416802406
2025-05-30,AMD,17,0.04974222928285599
2025-05-30,AMD,18,0.05031736195087433
2025-05-30,AMD,19,0.049915529787540436
2025-05-30,AMD,20,0.04943249002099037
2025-05-30,CMCSA,1,0.04958447813987732
2025-05-30,CMCSA,2,0.05003563314676285
2025-05-30,CMCSA,3,0.0508006252348423
2025-05-30,CMCSA,4,0.05072296783328056
2025-05-30,CMCSA,5,0.05017250403761864
2025-05-30,CMCSA,6,0.04889191687107086
2025-05-30,CMCSA,7,0.04980327934026718
2025-05-30,CMCSA,8,0.05083252862095833
2025-05-30,CMCSA,9,0.05079455301165581
2025-05-30,CMCSA,10,0.05004701390862465
2025-05-30,CMCSA,11,0.04960210621356964
2025-05-30,CMCSA,12,0.04982854425907135
2025-05-30,CMCSA,13,0.05099332332611084
2025-05-30,CMCSA,14,0.050776753574609756
2025-05-30,CMCSA,15,0.049993667751550674
2025-05-30,CMCSA,16,0.049078285694122314
2025-05-30,CMCSA,17,0.04956023767590523
2025-05-30,CMCSA,18,0.05045464262366295
2025-05-30,CMCSA,19,0.04963883012533188
2025-05-30,CMCSA,20,0.04838809743523598
2025-05-30,COST,1,0.05000539869070053
2025-05-30,COST,2,0.050012700259685516
2025-05-30,COST,3,0.05001981556415558
2025-05-30,COST,4,0.05001865699887276
2025-05-30,COST,5,0.05000973120331764
2025-05-30,COST,6,0.04998718574643135
2025-05-30,COST,7,0.049999695271253586
2025-05-30,COST,8,0.05001572519540787
2025-05-30,COST,9,0.05000816285610199
2025-05-30,COST,10,0.04999276250600815
2025-05-30,COST,11,0.04999614506959915
2025-05-30,COST,12,0.05000413581728935
2025-05-30,COST,13,0.05001262575387955
2025-05-30,COST,14,0.05000875145196915
2025-05-30,COST,15,0.04998604580760002
2025-05-30,COST,16,0.04997125267982483
2025-05-30,COST,17,0.049986422061920166
2025-05-30,COST,18,0.05001010373234749
2025-05-30,COST,19,0.04998649284243584
2025-05-30,COST,20,0.0499681681394577
2025-05-30,INTC,1,0.04967999458312988
2025-05-30,INTC,2,0.050076376646757126
2025-05-30,INTC,3,0.05094698816537857
2025-05-30,INTC,4,0.050761256366968155
2025-05-30,INTC,5,0.05023175850510597
2025-05-30,INTC,6,0.04936506226658821
2025-05-30,INTC,7,0.04979252815246582
2025-05-30,INTC,8,0.05062209069728851
2025-05-30,INTC,9,0.05065356567502022
2025-05-30,INTC,10,0.049717336893081665
2025-05-30,INTC,11,0.04927848279476166
2025-05-30,INTC,12,0.04977168142795563
2025-05-30,INTC,13,0.05086451768875122
2025-05-30,INTC,14,0.050779059529304504
2025-05-30,INTC,15,0.04993665963411331
2025-05-30,INTC,16,0.049085333943367004
2025-05-30,INTC,17,0.04937756434082985
2025-05-30,INTC,18,0.050468288362026215
2025-05-30,INTC,19,0.049815185368061066
2025-05-30,INTC,20,0.04877621680498123
2025-05-30,INTU,1,0.04996433109045029
2025-05-30,INTU,2,0.05000504478812218
2025-05-30,INTU,3,0.05003754049539566
2025-05-30,INTU,4,0.05003361031413078
2025-05-30,INTU,5,0.05000942200422287
2025-05-30,INTU,6,0.04996250942349434
2025-05-30,INTU,7,0.049975667148828506
2025-05-30,INTU,8,0.05002222955226898
2025-05-30,INTU,9,0.05001416057348251
2025-05-30,INTU,10,0.04996997117996216
2025-05-30,INTU,11,0.049960702657699585
2025-05-30,INTU,12,0.049994029104709625
2025-05-30,INTU,13,0.05002456530928612
2025-05-30,INTU,14,0.0500190332531929
2025-05-30,INTU,15,0.049959857016801834
2025-05-30,INTU,16,0.049943771213293076
2025-05-30,INTU,17,0.050026506185531616
2025-05-30,INTU,18,0.050031714141368866
2025-05-30,INTU,19,0.05002462863922119
2025-05-30,INTU,20,0.0500207282602787
2025-05-30,MSFT,1,0.049995388835668564
2025-05-30,MSFT,2,0.05000283569097519
2025-05-30,MSFT,3,0.05001609027385712
2025-05-30,MSFT,4,0.05001425743103027
2025-05-30,MSFT,5,0.050002239644527435
2025-05-30,MSFT,6,0.04998089745640755
2025-05-30,MSFT,7,0.049994420260190964
2025-05-30,MSFT,8,0.05001483112573624
2025-05-30,MSFT,9,0.05001182481646538
2025-05-30,MSFT,10,0.05000045523047447
2025-05-30,MSFT,11,0.04998573288321495
2025-05-30,MSFT,12,0.04999765753746033
2025-05-30,MSFT,13,0.05001494288444519
2025-05-30,MSFT,14,0.050012994557619095
2025-05-30,MSFT,15,0.04999350383877754
2025-05-30,MSFT,16,0.04998258501291275
2025-05-30,MSFT,17,0.04999012500047684
2025-05-30,MSFT,18,0.05001010745763779
2025-05-30,MSFT,19,0.049993809312582016
2025-05-30,MSFT,20,0.0499853752553463
2025-05-30,QCOM,1,0.049639809876680374
2025-05-30,QCOM,2,0.05003092810511589
2025-05-30,QCOM,3,0.05020998790860176
2025-05-30,QCOM,4,0.05017724260687828
2025-05-30,QCOM,5,0.05004945024847984
2025-05-30,QCOM,6,0.04978879913687706
2025-05-30,QCOM,7,0.04995548352599144
2025-05-30,QCOM,8,0.05017668753862381
2025-05-30,QCOM,9,0.05015854164958
2025-05-30,QCOM,10,0.050034936517477036
2025-05-30,QCOM,11,0.049874160438776016
2025-05-30,QCOM,12,0.0500013493001461
2025-05-30,QCOM,13,0.05025354027748108
2025-05-30,QCOM,14,0.050238970667123795
2025-05-30,QCOM,15,0.04998661205172539
2025-05-30,QCOM,16,0.049676746129989624
2025-05-30,QCOM,17,0.04987764731049538
2025-05-30,QCOM,18,0.050135090947151184
2025-05-30,QCOM,19,0.04994691163301468
2025-05-30,QCOM,20,0.04978710412979126
2025-05-30,SBUX,1,0.0497058629989624
2025-05-30,SBUX,2,0.0500003807246685
2025-05-30,SBUX,3,0.05030518397688866
2025-05-30,SBUX,4,0.05024562403559685
2025-05-30,SBUX,5,0.05002489686012268
2025-05-30,SBUX,6,0.04943504184484482
2025-05-30,SBUX,7,0.049664657562971115
2025-05-30,SBUX,8,0.050282370299100876
2025-05-30,SBUX,9,0.050273194909095764
2025-05-30,SBUX,10,0.04999056085944176
2025-05-30,SBUX,11,0.04979079216718674
2025-05-30,SBUX,12,0.04992051050066948
2025-05-30,SBUX,13,0.050474345684051514
2025-05-30,SBUX,14,0.05036903917789459
2025-05-30,SBUX,15,0.049960751086473465
2025-05-30,SBUX,16,0.049696628004312515
2025-05-30,SBUX,17,0.04993464797735214
2025-05-30,SBUX,18,0.05030346289277077
2025-05-30,SBUX,19,0.050008777529001236
2025-05-30,SBUX,20,0.049613285809755325
