Date,Ticker,Model,Actual,Predicted,Error
2025-03-20,AAPL,Linear Regression,214.10000610351562,215.49392700195312,1.3939208984375
2025-03-20,ADBE,Linear Regression,389.6099853515625,388.7370910644531,-0.872894287109375
2025-03-20,AMD,Linear Regression,107.13999938964844,106.514892578125,-0.6251068115234375
2025-03-20,CMCSA,Linear Regression,34.20806121826172,33.861732482910156,-0.3463287353515625
2025-03-20,COST,Linear Regression,895.4000244140625,902.7977905273438,7.39776611328125
2025-03-20,INTC,Linear Regression,23.959997177124023,24.017704010009766,0.05770683288574219
2025-03-20,INTU,Linear Regression,600.4199829101562,603.328125,2.90814208984375
2025-03-20,MSFT,Linear Regression,386.8399963378906,388.29180908203125,1.451812744140625
2025-03-20,QCOM,Linear Regression,157.9499969482422,158.23800659179688,0.2880096435546875
2025-03-20,SBUX,Linear Regression,99.27999877929688,98.99636840820312,-0.28363037109375
2025-03-21,AAPL,Linear Regression,218.27000427246094,214.35931396484375,-3.9106903076171875
2025-03-21,ADBE,Linear Regression,387.260009765625,390.48663330078125,3.22662353515625
2025-03-21,AMD,Linear Regression,106.43999481201172,107.43649291992188,0.9964981079101562
2025-03-21,CMCSA,Linear Regression,34.44236373901367,34.24483108520508,-0.19753265380859375
2025-03-21,COST,Linear Regression,909.260009765625,893.5010986328125,-15.7589111328125
2025-03-21,INTC,Linear Regression,24.259998321533203,23.997392654418945,-0.2626056671142578
2025-03-21,INTU,Linear Regression,604.0399780273438,600.6475219726562,-3.3924560546875
2025-03-21,MSFT,Linear Regression,391.2600402832031,387.2994689941406,-3.9605712890625
2025-03-21,QCOM,Linear Regression,156.82000732421875,157.75765991210938,0.937652587890625
2025-03-21,SBUX,Linear Regression,97.07000732421875,99.0987548828125,2.02874755859375
2025-03-24,AAPL,Linear Regression,220.72998046875,218.5096893310547,-2.2202911376953125
2025-03-24,ADBE,Linear Regression,394.4700012207031,388.12457275390625,-6.345428466796875
2025-03-24,AMD,Linear Regression,113.84999084472656,106.72977447509766,-7.120216369628906
2025-03-24,CMCSA,Linear Regression,34.301780700683594,34.5460319519043,0.24425125122070312
2025-03-24,COST,Linear Regression,926.0399169921875,907.7884521484375,-18.25146484375
2025-03-24,INTC,Linear Regression,24.21999740600586,24.397178649902344,0.17718124389648438
2025-03-24,INTU,Linear Regression,613.090087890625,604.28271484375,-8.807373046875
2025-03-24,MSFT,Linear Regression,393.08001708984375,391.68511962890625,-1.3948974609375
2025-03-24,QCOM,Linear Regression,160.0800018310547,156.8970947265625,-3.1829071044921875
2025-03-24,SBUX,Linear Regression,95.72000122070312,96.90034484863281,1.1803436279296875
2025-03-25,AAPL,Linear Regression,223.75,221.006103515625,-2.743896484375
2025-03-25,ADBE,Linear Regression,403.6400146484375,395.3383483886719,-8.301666259765625
2025-03-25,AMD,Linear Regression,114.80999755859375,114.11984252929688,-0.690155029296875
2025-03-25,CMCSA,Linear Regression,34.62042999267578,34.33612823486328,-0.2843017578125
2025-03-25,COST,Linear Regression,930.260009765625,926.655517578125,-3.6044921875
2025-03-25,INTC,Linear Regression,24.200000762939453,24.42331314086914,0.2233123779296875
2025-03-25,INTU,Linear Regression,618.719970703125,613.3988037109375,-5.3211669921875
2025-03-25,MSFT,Linear Regression,395.1600341796875,393.45849609375,-1.7015380859375
2025-03-25,QCOM,Linear Regression,160.14999389648438,159.86575317382812,-0.28424072265625
2025-03-25,SBUX,Linear Regression,95.87998962402344,95.56739044189453,-0.31259918212890625
2025-03-26,AAPL,Linear Regression,221.52999877929688,223.97122192382812,2.44122314453125
2025-03-26,ADBE,Linear Regression,397.80999755859375,404.4728698730469,6.662872314453125
2025-03-26,AMD,Linear Regression,110.19000244140625,115.05821228027344,4.8682098388671875
2025-03-26,CMCSA,Linear Regression,35.02342987060547,34.71022033691406,-0.31320953369140625
2025-03-26,COST,Linear Regression,929.75,930.978515625,1.228515625
2025-03-26,INTC,Linear Regression,23.420000076293945,24.294818878173828,0.8748188018798828
2025-03-26,INTU,Linear Regression,614.8599853515625,619.0400390625,4.1800537109375
2025-03-26,MSFT,Linear Regression,389.97003173828125,395.4912109375,5.52117919921875
2025-03-26,QCOM,Linear Regression,158.3900146484375,160.21871948242188,1.828704833984375
2025-03-26,SBUX,Linear Regression,97.97000122070312,95.74359893798828,-2.2264022827148438
2025-03-27,AAPL,Linear Regression,223.85000610351562,221.73373413085938,-2.11627197265625
2025-03-27,ADBE,Linear Regression,396.1499938964844,398.6725158691406,2.52252197265625
2025-03-27,AMD,Linear Regression,106.64999389648438,110.4385757446289,3.7885818481445312
2025-03-27,CMCSA,Linear Regression,35.02342987060547,35.102054595947266,0.07862472534179688
2025-03-27,COST,Linear Regression,938.75,930.3541259765625,-8.3958740234375
2025-03-27,INTC,Linear Regression,23.619998931884766,23.32792091369629,-0.29207801818847656
2025-03-27,INTU,Linear Regression,615.300048828125,615.105224609375,-0.19482421875
2025-03-27,MSFT,Linear Regression,390.5799865722656,390.2839050292969,-0.29608154296875
2025-03-27,QCOM,Linear Regression,157.97000122070312,158.47421264648438,0.50421142578125
2025-03-27,SBUX,Linear Regression,98.85000610351562,97.8468017578125,-1.003204345703125
2025-03-28,AAPL,Linear Regression,217.90000915527344,224.04226684570312,6.1422576904296875
2025-03-28,ADBE,Linear Regression,385.7099914550781,397.0471496582031,11.337158203125
2025-03-28,AMD,Linear Regression,103.22000122070312,106.89176940917969,3.6717681884765625
2025-03-28,CMCSA,Linear Regression,34.320526123046875,35.09563446044922,0.7751083374023438
2025-03-28,COST,Linear Regression,929.6599731445312,939.2955322265625,9.63555908203125
2025-03-28,INTC,Linear Regression,22.709999084472656,23.4390869140625,0.7290878295898438
2025-03-28,INTU,Linear Regression,598.9199829101562,615.5372924804688,16.6173095703125
2025-03-28,MSFT,Linear Regression,378.79998779296875,390.91827392578125,12.1182861328125
2025-03-28,QCOM,Linear Regression,152.72000122070312,158.0960693359375,5.376068115234375
2025-03-28,SBUX,Linear Regression,97.7300033569336,98.73380279541016,1.0037994384765625
2025-03-31,AAPL,Linear Regression,222.13002014160156,218.10299682617188,-4.0270233154296875
2025-03-31,ADBE,Linear Regression,383.5299987792969,386.6499328613281,3.11993408203125
2025-03-31,AMD,Linear Regression,102.739990234375,103.47207641601562,0.732086181640625
2025-03-31,CMCSA,Linear Regression,34.582942962646484,34.392059326171875,-0.19088363647460938
2025-03-31,COST,Linear Regression,945.780029296875,930.2703857421875,-15.5096435546875
2025-03-31,INTC,Linear Regression,22.709999084472656,22.727060317993164,0.017061233520507812
2025-03-31,INTU,Linear Regression,613.989990234375,599.1312866210938,-14.85870361328125
2025-03-31,MSFT,Linear Regression,375.3900146484375,379.100830078125,3.7108154296875
2025-03-31,QCOM,Linear Regression,153.61000061035156,152.7803192138672,-0.829681396484375
2025-03-31,SBUX,Linear Regression,98.08999633789062,97.6166763305664,-0.47332000732421875
2025-04-01,AAPL,Linear Regression,223.19000244140625,222.24598693847656,-0.9440155029296875
2025-04-01,ADBE,Linear Regression,383.20001220703125,384.535400390625,1.33538818359375
2025-04-01,AMD,Linear Regression,102.77999114990234,102.98612976074219,0.20613861083984375
2025-04-01,CMCSA,Linear Regression,34.41424560546875,34.65284729003906,0.2386016845703125
2025-04-01,COST,Linear Regression,954.4000244140625,946.362548828125,-8.0374755859375
2025-04-01,INTC,Linear Regression,22.049999237060547,22.528593063354492,0.4785938262939453
2025-04-01,INTU,Linear Regression,613.780029296875,614.1248779296875,0.3448486328125
2025-04-01,MSFT,Linear Regression,382.19000244140625,375.6993408203125,-6.49066162109375
2025-04-01,QCOM,Linear Regression,153.0500030517578,153.65264892578125,0.6026458740234375
2025-04-01,SBUX,Linear Regression,98.2300033569336,97.9825210571289,-0.2474822998046875
2025-04-02,AAPL,Linear Regression,223.88998413085938,223.3114013671875,-0.578582763671875
2025-04-02,ADBE,Linear Regression,385.7799987792969,384.24365234375,-1.536346435546875
2025-04-02,AMD,Linear Regression,102.95999145507812,103.03309631347656,0.0731048583984375
2025-04-02,CMCSA,Linear Regression,34.31114959716797,34.489463806152344,0.178314208984375
2025-04-02,COST,Linear Regression,965.0800170898438,955.1671142578125,-9.91290283203125
2025-04-02,INTC,Linear Regression,21.979999542236328,21.859968185424805,-0.12003135681152344
2025-04-02,INTU,Linear Regression,620.9099731445312,613.794189453125,-7.11578369140625
2025-04-02,MSFT,Linear Regression,382.1400146484375,382.50848388671875,0.36846923828125
2025-04-02,QCOM,Linear Regression,154.0800018310547,153.0947723388672,-0.9852294921875
2025-04-02,SBUX,Linear Regression,99.41000366210938,98.12510681152344,-1.2848968505859375
2025-04-03,AAPL,Linear Regression,203.19000244140625,223.91586303710938,20.725860595703125
2025-04-03,ADBE,Linear Regression,367.25,386.8767395019531,19.626739501953125
2025-04-03,AMD,Linear Regression,93.80000305175781,103.21401977539062,9.414016723632812
2025-04-03,CMCSA,Linear Regression,33.4770393371582,34.40660858154297,0.9295692443847656
2025-04-03,COST,Linear Regression,967.0800170898438,965.8746948242188,-1.205322265625
2025-04-03,INTC,Linear Regression,22.42999839782715,21.79183578491211,-0.6381626129150391
2025-04-03,INTU,Linear Regression,598.530029296875,620.9722900390625,22.4422607421875
2025-04-03,MSFT,Linear Regression,373.1099853515625,382.4443664550781,9.334381103515625
2025-04-03,QCOM,Linear Regression,139.4199981689453,154.11892700195312,14.698928833007812
2025-04-03,SBUX,Linear Regression,88.26000213623047,99.31092071533203,11.050918579101562
2025-04-04,AAPL,Linear Regression,188.3800048828125,203.1706085205078,14.790603637695312
2025-04-04,ADBE,Linear Regression,349.0699768066406,368.37921142578125,19.309234619140625
2025-04-04,AMD,Linear Regression,85.75999450683594,94.05964660644531,8.299652099609375
2025-04-04,CMCSA,Linear Regression,31.283973693847656,33.508453369140625,2.2244796752929688
2025-04-04,COST,Linear Regression,916.47998046875,967.8485107421875,51.3685302734375
2025-04-04,INTC,Linear Regression,19.850000381469727,22.5589542388916,2.708953857421875
2025-04-04,INTU,Linear Regression,561.530029296875,598.4661865234375,36.9361572265625
2025-04-04,MSFT,Linear Regression,359.84002685546875,373.4601745605469,13.620147705078125
2025-04-04,QCOM,Linear Regression,127.46000671386719,140.61941528320312,13.159408569335938
2025-04-04,SBUX,Linear Regression,82.10000610351562,88.17739868164062,6.077392578125
2025-04-07,AAPL,Linear Regression,181.4600067138672,188.3588104248047,6.8988037109375
2025-04-07,ADBE,Linear Regression,340.70001220703125,350.23602294921875,9.5360107421875
2025-04-07,AMD,Linear Regression,83.6399917602539,85.74403381347656,2.1040420532226562
2025-04-07,CMCSA,Linear Regression,31.368322372436523,31.31976318359375,-0.04855918884277344
2025-04-07,COST,Linear Regression,908.1300048828125,917.23095703125,9.1009521484375
2025-04-07,INTC,Linear Regression,19.56999969482422,20.156295776367188,0.5862960815429688
2025-04-07,INTU,Linear Regression,556.239990234375,561.2352294921875,4.9952392578125
2025-04-07,MSFT,Linear Regression,357.8599853515625,360.2079772949219,2.347991943359375
2025-04-07,QCOM,Linear Regression,129.72000122070312,127.61558532714844,-2.1044158935546875
2025-04-07,SBUX,Linear Regression,80.0,82.04844665527344,2.0484466552734375
2025-04-08,AAPL,Linear Regression,172.4199981689453,181.44082641601562,9.020828247070312
2025-04-08,ADBE,Linear Regression,340.0,341.8880310058594,1.888031005859375
2025-04-08,AMD,Linear Regression,78.20999908447266,84.7092056274414,6.49920654296875
2025-04-08,CMCSA,Linear Regression,30.77787971496582,31.406749725341797,0.6288700103759766
2025-04-08,COST,Linear Regression,908.75,908.8682250976562,0.11822509765625
2025-04-08,INTC,Linear Regression,18.12999725341797,19.62709617614746,1.4970989227294922
2025-04-08,INTU,Linear Regression,544.0700073242188,556.3585205078125,12.28851318359375
2025-04-08,MSFT,Linear Regression,354.55999755859375,358.24755859375,3.68756103515625
2025-04-08,QCOM,Linear Regression,124.6600112915039,129.86172485351562,5.201713562011719
2025-04-08,SBUX,Linear Regression,79.69000244140625,79.98368072509766,0.29367828369140625
2025-04-09,AAPL,Linear Regression,198.85000610351562,172.4625701904297,-26.387435913085938
2025-04-09,ADBE,Linear Regression,364.6400146484375,341.2364196777344,-23.403594970703125
2025-04-09,AMD,Linear Regression,96.83999633789062,78.78083038330078,-18.059165954589844
2025-04-09,CMCSA,Linear Regression,32.970947265625,30.819726943969727,-2.1512203216552734
2025-04-09,COST,Linear Regression,965.1900024414062,909.6556396484375,-55.53436279296875
2025-04-09,INTC,Linear Regression,21.53000259399414,18.11197853088379,-3.4180240631103516
2025-04-09,INTU,Linear Regression,596.47998046875,544.5146484375,-51.96533203125
2025-04-09,MSFT,Linear Regression,390.489990234375,354.9557800292969,-35.534210205078125
2025-04-09,QCOM,Linear Regression,143.58999633789062,124.82598114013672,-18.764015197753906
2025-04-09,SBUX,Linear Regression,88.68000793457031,79.74479675292969,-8.935211181640625
2025-04-10,AAPL,Linear Regression,190.42001342773438,198.96673583984375,8.546722412109375
2025-04-10,ADBE,Linear Regression,350.04998779296875,365.9258728027344,15.875885009765625
2025-04-10,AMD,Linear Regression,88.69999694824219,97.24925231933594,8.54925537109375
2025-04-10,CMCSA,Linear Regression,31.565135955810547,33.32677459716797,1.7616386413574219
2025-04-10,COST,Linear Regression,964.31005859375,969.1036376953125,4.7935791015625
2025-04-10,INTC,Linear Regression,19.880001068115234,21.78911781311035,1.9091167449951172
2025-04-10,INTU,Linear Regression,577.469970703125,597.1293334960938,19.65936279296875
2025-04-10,MSFT,Linear Regression,381.3500061035156,390.8795166015625,9.529510498046875
2025-04-10,QCOM,Linear Regression,134.39999389648438,143.40481567382812,9.00482177734375
2025-04-10,SBUX,Linear Regression,84.5999984741211,89.16534423828125,4.565345764160156
2025-04-11,AAPL,Linear Regression,198.14999389648438,190.5598602294922,-7.5901336669921875
2025-04-11,ADBE,Linear Regression,352.469970703125,351.3360290527344,-1.133941650390625
2025-04-11,AMD,Linear Regression,93.39999389648438,89.3515396118164,-4.048454284667969
2025-04-11,CMCSA,Linear Regression,31.602622985839844,31.60257339477539,-4.9591064453125e-05
2025-04-11,COST,Linear Regression,963.409912109375,960.8779296875,-2.531982421875
2025-04-11,INTC,Linear Regression,19.739999771118164,19.874778747558594,0.1347789764404297
2025-04-11,INTU,Linear Regression,587.0399780273438,578.296630859375,-8.74334716796875
2025-04-11,MSFT,Linear Regression,388.45001220703125,381.745849609375,-6.70416259765625
2025-04-11,QCOM,Linear Regression,139.25,134.31520080566406,-4.9347991943359375
2025-04-11,SBUX,Linear Regression,85.43000793457031,85.22662353515625,-0.2033843994140625
2025-04-14,AAPL,Linear Regression,202.52001953125,198.28834533691406,-4.2316741943359375
2025-04-14,ADBE,Linear Regression,350.9100036621094,353.79046630859375,2.880462646484375
2025-04-14,AMD,Linear Regression,94.5,93.39773559570312,-1.102264404296875
2025-04-14,CMCSA,Linear Regression,32.00562286376953,31.760019302368164,-0.2456035614013672
2025-04-14,COST,Linear Regression,979.320068359375,967.3426513671875,-11.9774169921875
2025-04-14,INTC,Linear Regression,20.309999465942383,19.800838470458984,-0.5091609954833984
2025-04-14,INTU,Linear Regression,593.5499877929688,588.130615234375,-5.41937255859375
2025-04-14,MSFT,Linear Regression,387.80999755859375,388.8212890625,1.01129150390625
2025-04-14,QCOM,Linear Regression,139.19000244140625,139.06979370117188,-0.120208740234375
2025-04-14,SBUX,Linear Regression,85.48999786376953,85.75111389160156,0.26111602783203125
2025-04-15,AAPL,Linear Regression,202.1400146484375,202.6620330810547,0.5220184326171875
2025-04-15,ADBE,Linear Regression,350.3800048828125,352.2052307128906,1.825225830078125
2025-04-15,AMD,Linear Regression,95.29000091552734,94.41860961914062,-0.8713912963867188
2025-04-15,CMCSA,Linear Regression,32.239925384521484,32.13817596435547,-0.10174942016601562
2025-04-15,COST,Linear Regression,976.9200439453125,976.14892578125,-0.7711181640625
2025-04-15,INTC,Linear Regression,19.85000228881836,20.097768783569336,0.24776649475097656
2025-04-15,INTU,Linear Regression,594.0800170898438,594.5840454101562,0.5040283203125
2025-04-15,MSFT,Linear Regression,385.73004150390625,388.1735534667969,2.443511962890625
2025-04-15,QCOM,Linear Regression,138.60000610351562,139.5884246826172,0.9884185791015625
2025-04-15,SBUX,Linear Regression,83.70999908447266,85.21033477783203,1.500335693359375
2025-04-16,AAPL,Linear Regression,194.27000427246094,202.236572265625,7.9665679931640625
2025-04-16,ADBE,Linear Regression,344.19000244140625,351.69415283203125,7.504150390625
2025-04-16,AMD,Linear Regression,88.29000091552734,96.31297302246094,8.022972106933594
2025-04-16,CMCSA,Linear Regression,31.44329833984375,32.34870910644531,0.9054107666015625
2025-04-16,COST,Linear Regression,967.75,978.8873291015625,11.1373291015625
2025-04-16,INTC,Linear Regression,19.23000144958496,19.946483612060547,0.7164821624755859
2025-04-16,INTU,Linear Regression,588.0800170898438,595.1195068359375,7.03948974609375
2025-04-16,MSFT,Linear Regression,371.6099853515625,386.08587646484375,14.47589111328125
2025-04-16,QCOM,Linear Regression,135.74000549316406,138.06678771972656,2.3267822265625
2025-04-16,SBUX,Linear Regression,80.76000213623047,83.30330657958984,2.543304443359375
2025-04-17,AAPL,Linear Regression,196.97999572753906,194.42417907714844,-2.555816650390625
2025-04-17,ADBE,Linear Regression,348.79998779296875,345.52923583984375,-3.270751953125
2025-04-17,AMD,Linear Regression,87.5,90.31843566894531,2.8184356689453125
2025-04-17,CMCSA,Linear Regression,31.874414443969727,31.542295455932617,-0.3321189880371094
2025-04-17,COST,Linear Regression,994.5,966.9381103515625,-27.5618896484375
2025-04-17,INTC,Linear Regression,18.93000030517578,19.300180435180664,0.3701801300048828
2025-04-17,INTU,Linear Regression,585.3800048828125,589.1724853515625,3.79248046875
2025-04-17,MSFT,Linear Regression,367.780029296875,371.94378662109375,4.16375732421875
2025-04-17,QCOM,Linear Regression,136.66000366210938,137.4712371826172,0.8112335205078125
2025-04-17,SBUX,Linear Regression,81.5,79.39984130859375,-2.10015869140625
2025-04-21,AAPL,Linear Regression,193.16000366210938,197.15765380859375,3.997650146484375
2025-04-21,ADBE,Linear Regression,343.219970703125,350.14495849609375,6.92498779296875
2025-04-21,AMD,Linear Regression,85.55999755859375,87.76589965820312,2.205902099609375
2025-04-21,CMCSA,Linear Regression,31.490158081054688,31.96599769592285,0.47583961486816406
2025-04-21,COST,Linear Regression,957.77001953125,994.4863891601562,36.71636962890625
2025-04-21,INTC,Linear Regression,18.84000015258789,18.927751541137695,0.08775138854980469
2025-04-21,INTU,Linear Regression,568.8400268554688,586.6448974609375,17.80487060546875
2025-04-21,MSFT,Linear Regression,359.1199951171875,368.1282958984375,9.00830078125
2025-04-21,QCOM,Linear Regression,136.13999938964844,136.29624938964844,0.15625
2025-04-21,SBUX,Linear Regression,80.68000793457031,81.39698791503906,0.71697998046875
2025-04-22,AAPL,Linear Regression,199.74000549316406,193.36614990234375,-6.3738555908203125
2025-04-22,ADBE,Linear Regression,349.9100036621094,344.57080078125,-5.339202880859375
2025-04-22,AMD,Linear Regression,86.26000213623047,85.82544708251953,-0.4345550537109375
2025-04-22,CMCSA,Linear Regression,32.05248260498047,31.51400375366211,-0.5384788513183594
2025-04-22,COST,Linear Regression,979.22998046875,957.4151611328125,-21.8148193359375
2025-04-22,INTC,Linear Regression,19.510000228881836,18.770273208618164,-0.7397270202636719
2025-04-22,INTU,Linear Regression,583.5599975585938,570.4751586914062,-13.0848388671875
2025-04-22,MSFT,Linear Regression,366.82000732421875,359.487060546875,-7.33294677734375
2025-04-22,QCOM,Linear Regression,138.74000549316406,136.38656616210938,-2.3534393310546875
2025-04-22,SBUX,Linear Regression,81.75,81.54586791992188,-0.204132080078125
2025-04-23,AAPL,Linear Regression,204.60000610351562,200.1241455078125,-4.475860595703125
2025-04-23,ADBE,Linear Regression,351.9599914550781,351.26263427734375,-0.697357177734375
2025-04-23,AMD,Linear Regression,90.38999938964844,86.52249145507812,-3.8675079345703125
2025-04-23,CMCSA,Linear Regression,32.3055305480957,32.12345886230469,-0.18207168579101562
2025-04-23,COST,Linear Regression,975.8400268554688,983.7564697265625,7.91644287109375
2025-04-23,INTC,Linear Regression,20.590002059936523,19.544057846069336,-1.0459442138671875
2025-04-23,INTU,Linear Regression,596.0499877929688,585.2939453125,-10.75604248046875
2025-04-23,MSFT,Linear Regression,374.3900146484375,367.1761474609375,-7.2138671875
2025-04-23,QCOM,Linear Regression,140.46002197265625,140.15008544921875,-0.3099365234375
2025-04-23,SBUX,Linear Regression,82.80999755859375,82.4969711303711,-0.31302642822265625
2025-04-24,AAPL,Linear Regression,208.3699951171875,205.0830841064453,-3.2869110107421875
2025-04-24,ADBE,Linear Regression,360.9100036621094,353.4200134277344,-7.489990234375
2025-04-24,AMD,Linear Regression,94.4699935913086,90.65049743652344,-3.8194961547851562
2025-04-24,CMCSA,Linear Regression,31.10590171813965,32.36665725708008,1.2607555389404297
2025-04-24,COST,Linear Regression,975.47998046875,974.2118530273438,-1.26812744140625
2025-04-24,INTC,Linear Regression,21.489999771118164,20.735187530517578,-0.7548122406005859
2025-04-24,INTU,Linear Regression,614.8299560546875,597.55615234375,-17.2738037109375
2025-04-24,MSFT,Linear Regression,387.29998779296875,374.74169921875,-12.55828857421875
2025-04-24,QCOM,Linear Regression,147.2100067138672,139.04525756835938,-8.164749145507812
2025-04-24,SBUX,Linear Regression,83.86000061035156,83.6353530883789,-0.22464752197265625
2025-04-25,AAPL,Linear Regression,209.28001403808594,208.69749450683594,-0.58251953125
2025-04-25,ADBE,Linear Regression,367.719970703125,362.41973876953125,-5.30023193359375
2025-04-25,AMD,Linear Regression,96.64999389648438,95.77277374267578,-0.8772201538085938
2025-04-25,CMCSA,Linear Regression,31.771318435668945,31.13541603088379,-0.6359024047851562
2025-04-25,COST,Linear Regression,977.159912109375,980.5938720703125,3.4339599609375
2025-04-25,INTC,Linear Regression,20.049999237060547,21.508686065673828,1.4586868286132812
2025-04-25,INTU,Linear Regression,624.1200561523438,617.510498046875,-6.60955810546875
2025-04-25,MSFT,Linear Regression,391.85003662109375,387.6620178222656,-4.188018798828125
2025-04-25,QCOM,Linear Regression,148.55999755859375,147.1729278564453,-1.3870697021484375
2025-04-25,SBUX,Linear Regression,83.80999755859375,83.59940338134766,-0.21059417724609375
2025-04-28,AAPL,Linear Regression,210.1400146484375,209.64405822753906,-0.4959564208984375
2025-04-28,ADBE,Linear Regression,368.6199951171875,369.2564697265625,0.636474609375
2025-04-28,AMD,Linear Regression,96.3899917602539,94.49417114257812,-1.8958206176757812
2025-04-28,CMCSA,Linear Regression,31.64948272705078,31.79934310913086,0.14986038208007812
2025-04-28,COST,Linear Regression,978.5399780273438,977.8466796875,-0.69329833984375
2025-04-28,INTC,Linear Regression,20.51000213623047,20.225955963134766,-0.2840461730957031
2025-04-28,INTU,Linear Regression,618.22998046875,624.8953857421875,6.6654052734375
2025-04-28,MSFT,Linear Regression,391.1600036621094,392.1943359375,1.034332275390625
2025-04-28,QCOM,Linear Regression,147.6199951171875,147.9927978515625,0.372802734375
2025-04-28,SBUX,Linear Regression,83.9000015258789,84.89057922363281,0.9905776977539062
2025-04-29,AAPL,Linear Regression,211.21002197265625,210.53070068359375,-0.6793212890625
2025-04-29,ADBE,Linear Regression,370.9800109863281,370.141357421875,-0.838653564453125
2025-04-29,AMD,Linear Regression,96.05999755859375,97.93782043457031,1.8778228759765625
2025-04-29,CMCSA,Linear Regression,31.808807373046875,31.681549072265625,-0.12725830078125
2025-04-29,COST,Linear Regression,991.7000732421875,989.757568359375,-1.9425048828125
2025-04-29,INTC,Linear Regression,20.34000015258789,20.45521354675293,0.11521339416503906
2025-04-29,INTU,Linear Regression,623.1500854492188,618.2882690429688,-4.86181640625
2025-04-29,MSFT,Linear Regression,394.0400085449219,391.4991455078125,-2.540863037109375
2025-04-29,QCOM,Linear Regression,146.8800048828125,147.58978271484375,0.70977783203125
2025-04-29,SBUX,Linear Regression,84.8499984741211,83.99661254882812,-0.8533859252929688
2025-04-30,AAPL,Linear Regression,212.50001525878906,211.5133056640625,-0.9867095947265625
2025-04-30,ADBE,Linear Regression,374.9800109863281,372.504150390625,-2.475860595703125
2025-04-30,AMD,Linear Regression,97.34999084472656,97.09185791015625,-0.2581329345703125
2025-04-30,CMCSA,Linear Regression,32.05248260498047,31.841636657714844,-0.210845947265625
2025-04-30,COST,Linear Regression,994.5,987.5654296875,-6.9345703125
2025-04-30,INTC,Linear Regression,20.10000228881836,20.291473388671875,0.19147109985351562
2025-04-30,INTU,Linear Regression,627.469970703125,622.65771484375,-4.812255859375
2025-04-30,MSFT,Linear Regression,395.260009765625,394.34783935546875,-0.91217041015625
2025-04-30,QCOM,Linear Regression,148.4600067138672,146.43402099609375,-2.0259857177734375
2025-04-30,SBUX,Linear Regression,80.05000305175781,83.93767547607422,3.8876724243164062
2025-05-01,AAPL,Linear Regression,213.32000732421875,212.71121215820312,-0.608795166015625
2025-05-01,ADBE,Linear Regression,374.6299743652344,376.5191345214844,1.88916015625
2025-05-01,AMD,Linear Regression,96.64999389648438,98.37449645996094,1.7245025634765625
2025-05-01,CMCSA,Linear Regression,31.69634437561035,32.09249496459961,0.3961505889892578
2025-05-01,COST,Linear Regression,999.0399780273438,995.7578125,-3.28216552734375
2025-05-01,INTC,Linear Regression,19.98000144958496,20.016780853271484,0.03677940368652344
2025-05-01,INTU,Linear Regression,623.1900024414062,624.3131103515625,1.12310791015625
2025-05-01,MSFT,Linear Regression,425.4000244140625,395.53265380859375,-29.86737060546875
2025-05-01,QCOM,Linear Regression,135.2100067138672,148.5380859375,13.328079223632812
2025-05-01,SBUX,Linear Regression,82.01000213623047,79.63801574707031,-2.3719863891601562
2025-05-02,AAPL,Linear Regression,205.35000610351562,213.360107421875,8.010101318359375
2025-05-02,ADBE,Linear Regression,380.8699645996094,376.136474609375,-4.733489990234375
2025-05-02,AMD,Linear Regression,98.80000305175781,97.03079223632812,-1.7692108154296875
2025-05-02,CMCSA,Linear Regression,32.29615783691406,31.73781967163086,-0.5583381652832031
2025-05-02,COST,Linear Regression,1008.2999877929688,998.8584594726562,-9.4415283203125
2025-05-02,INTC,Linear Regression,20.6200008392334,20.080324172973633,-0.5396766662597656
2025-05-02,INTU,Linear Regression,631.6800537109375,620.9046630859375,-10.775390625
2025-05-02,MSFT,Linear Regression,435.2799987792969,425.6480712890625,-9.631927490234375
2025-05-02,QCOM,Linear Regression,139.80999755859375,135.6609344482422,-4.1490631103515625
2025-05-02,SBUX,Linear Regression,84.69000244140625,81.98423767089844,-2.7057647705078125
2025-05-05,AAPL,Linear Regression,198.88999938964844,205.21591186523438,6.3259124755859375
2025-05-05,ADBE,Linear Regression,381.05999755859375,382.3584899902344,1.298492431640625
2025-05-05,AMD,Linear Regression,100.58999633789062,99.51946258544922,-1.0705337524414062
2025-05-05,CMCSA,Linear Regression,32.28678512573242,32.33692932128906,0.050144195556640625
2025-05-05,COST,Linear Regression,1014.8900146484375,1006.0382690429688,-8.85174560546875
2025-05-05,INTC,Linear Regression,20.270000457763672,20.914897918701172,0.6448974609375
2025-05-05,INTU,Linear Regression,632.1799926757812,630.3366088867188,-1.8433837890625
2025-05-05,MSFT,Linear Regression,436.1700134277344,435.4880676269531,-0.68194580078125
2025-05-05,QCOM,Linear Regression,139.44000244140625,140.3006591796875,0.86065673828125
2025-05-05,SBUX,Linear Regression,81.66000366210938,85.5133056640625,3.853302001953125
2025-05-06,AAPL,Linear Regression,198.510009765625,197.69857788085938,-0.811431884765625
2025-05-06,ADBE,Linear Regression,382.9800109863281,382.487548828125,-0.492462158203125
2025-05-06,AMD,Linear Regression,98.6199951171875,100.94320678710938,2.323211669921875
2025-05-06,CMCSA,Linear Regression,32.32427215576172,32.32561492919922,0.0013427734375
2025-05-06,COST,Linear Regression,1010.5,1019.6126098632812,9.11260986328125
2025-05-06,INTC,Linear Regression,19.940000534057617,20.390811920166016,0.45081138610839844
2025-05-06,INTU,Linear Regression,626.5499877929688,630.426513671875,3.87652587890625
2025-05-06,MSFT,Linear Regression,433.30999755859375,436.33758544921875,3.027587890625
2025-05-06,QCOM,Linear Regression,139.89999389648438,139.87632751464844,-0.0236663818359375
2025-05-06,SBUX,Linear Regression,82.77999877929688,82.21835327148438,-0.5616455078125
2025-05-07,AAPL,Linear Regression,196.25,198.59918212890625,2.34918212890625
2025-05-07,ADBE,Linear Regression,384.9700012207031,384.38690185546875,-0.583099365234375
2025-05-07,AMD,Linear Regression,100.36000061035156,99.63206481933594,-0.727935791015625
2025-05-07,CMCSA,Linear Regression,32.230552673339844,32.3629264831543,0.13237380981445312
2025-05-07,COST,Linear Regression,1007.1500244140625,1009.7918701171875,2.641845703125
2025-05-07,INTC,Linear Regression,20.309999465942383,20.012073516845703,-0.2979259490966797
2025-05-07,INTU,Linear Regression,641.1400146484375,626.2266235351562,-14.91339111328125
2025-05-07,MSFT,Linear Regression,433.3499755859375,433.44305419921875,0.09307861328125
2025-05-07,QCOM,Linear Regression,144.3000030517578,140.12197875976562,-4.1780242919921875
2025-05-07,SBUX,Linear Regression,82.70999908447266,83.17069244384766,0.460693359375
2025-05-08,AAPL,Linear Regression,197.49002075195312,195.68850708007812,-1.801513671875
2025-05-08,ADBE,Linear Regression,383.989990234375,386.34814453125,2.358154296875
2025-05-08,AMD,Linear Regression,101.69998931884766,100.28530883789062,-1.4146804809570312
2025-05-08,CMCSA,Linear Regression,32.07122802734375,32.2652473449707,0.19401931762695312
2025-05-08,COST,Linear Regression,1007.7100219726562,1005.9088745117188,-1.8011474609375
2025-05-08,INTC,Linear Regression,21.000001907348633,20.35051918029785,-0.6494827270507812
2025-05-08,INTU,Linear Regression,656.0800170898438,639.7853393554688,-16.294677734375
2025-05-08,MSFT,Linear Regression,438.1700134277344,433.385498046875,-4.784515380859375
2025-05-08,QCOM,Linear Regression,145.10000610351562,144.265869140625,-0.834136962890625
2025-05-08,SBUX,Linear Regression,82.19000244140625,82.87190246582031,0.6819000244140625
2025-05-09,AAPL,Linear Regression,198.52999877929688,198.48350524902344,-0.0464935302734375
2025-05-09,ADBE,Linear Regression,383.27996826171875,385.3482666015625,2.06829833984375
2025-05-09,AMD,Linear Regression,102.8399887084961,102.15144348144531,-0.6885452270507812
2025-05-09,CMCSA,Linear Regression,32.099342346191406,32.10088348388672,0.0015411376953125
2025-05-09,COST,Linear Regression,1008.0900268554688,1012.9336547851562,4.8436279296875
2025-05-09,INTC,Linear Regression,21.420000076293945,21.016252517700195,-0.40374755859375
2025-05-09,INTU,Linear Regression,653.8800048828125,654.56396484375,0.6839599609375
2025-05-09,MSFT,Linear Regression,438.73004150390625,438.22772216796875,-0.5023193359375
2025-05-09,QCOM,Linear Regression,145.17999267578125,145.01510620117188,-0.164886474609375
2025-05-09,SBUX,Linear Regression,80.30000305175781,82.59498596191406,2.29498291015625
2025-05-12,AAPL,Linear Regression,210.79000854492188,198.99847412109375,-11.791534423828125
2025-05-12,ADBE,Linear Regression,395.94000244140625,384.60137939453125,-11.338623046875
2025-05-12,AMD,Linear Regression,108.12000274658203,103.3985366821289,-4.721466064453125
2025-05-12,CMCSA,Linear Regression,32.539825439453125,32.130760192871094,-0.40906524658203125
2025-05-12,COST,Linear Regression,1016.1500244140625,1006.4251708984375,-9.724853515625
2025-05-12,INTC,Linear Regression,22.18000030517578,21.43915367126465,-0.7408466339111328
2025-05-12,INTU,Linear Regression,662.2999877929688,650.9900512695312,-11.3099365234375
2025-05-12,MSFT,Linear Regression,449.2600402832031,438.7371520996094,-10.52288818359375
2025-05-12,QCOM,Linear Regression,152.1199951171875,145.17007446289062,-6.949920654296875
2025-05-12,SBUX,Linear Regression,85.66999816894531,80.3902816772461,-5.279716491699219
2025-05-13,AAPL,Linear Regression,212.92999267578125,211.66775512695312,-1.262237548828125
2025-05-13,ADBE,Linear Regression,397.39996337890625,397.2449645996094,-0.154998779296875
2025-05-13,AMD,Linear Regression,112.45999145507812,108.4658203125,-3.994171142578125
2025-05-13,CMCSA,Linear Regression,32.60543441772461,32.574180603027344,-0.031253814697265625
2025-05-13,COST,Linear Regression,999.0300903320312,1020.5944213867188,21.5643310546875
2025-05-13,INTC,Linear Regression,22.559999465942383,22.199804306030273,-0.3601951599121094
2025-05-13,INTU,Linear Regression,656.7999877929688,658.3926391601562,1.5926513671875
2025-05-13,MSFT,Linear Regression,449.1400146484375,449.23492431640625,0.09490966796875
2025-05-13,QCOM,Linear Regression,151.33999633789062,152.04574584960938,0.70574951171875
2025-05-13,SBUX,Linear Regression,86.87998962402344,85.59742736816406,-1.282562255859375
2025-05-14,AAPL,Linear Regression,212.3300018310547,212.85955810546875,0.5295562744140625
2025-05-14,ADBE,Linear Regression,399.469970703125,398.6904602050781,-0.779510498046875
2025-05-14,AMD,Linear Regression,117.7199935913086,112.51347351074219,-5.206520080566406
2025-05-14,CMCSA,Linear Regression,32.38987731933594,32.639991760253906,0.25011444091796875
2025-05-14,COST,Linear Regression,991.5399780273438,1000.2848510742188,8.744873046875
2025-05-14,INTC,Linear Regression,21.520002365112305,22.62884521484375,1.1088428497314453
2025-05-14,INTU,Linear Regression,652.830078125,652.94677734375,0.11669921875
2025-05-14,MSFT,Linear Regression,452.94000244140625,449.17962646484375,-3.7603759765625
2025-05-14,QCOM,Linear Regression,152.97999572753906,151.31028747558594,-1.669708251953125
2025-05-14,SBUX,Linear Regression,86.54000091552734,86.72688293457031,0.18688201904296875
2025-05-15,AAPL,Linear Regression,211.4499969482422,211.65089416503906,0.200897216796875
2025-05-15,ADBE,Linear Regression,404.69000244140625,400.7583312988281,-3.931671142578125
2025-05-15,AMD,Linear Regression,114.989990234375,117.93972778320312,2.949737548828125
2025-05-15,CMCSA,Linear Regression,33.11152648925781,32.420921325683594,-0.6906051635742188
2025-05-15,COST,Linear Regression,1010.469970703125,992.3546142578125,-18.1153564453125
2025-05-15,INTC,Linear Regression,21.549999237060547,21.580276489257812,0.030277252197265625
2025-05-15,INTU,Linear Regression,661.3099975585938,649.1580810546875,-12.15191650390625
2025-05-15,MSFT,Linear Regression,453.1300354003906,452.95391845703125,-0.176116943359375
2025-05-15,QCOM,Linear Regression,152.61000061035156,153.41127014160156,0.80126953125
2025-05-15,SBUX,Linear Regression,87.260009765625,87.46762084960938,0.207611083984375
2025-05-16,AAPL,Linear Regression,211.25999450683594,211.28680419921875,0.0268096923828125
2025-05-16,ADBE,Linear Regression,417.1300048828125,405.9717712402344,-11.158233642578125
2025-05-16,AMD,Linear Regression,117.16999816894531,114.85380554199219,-2.316192626953125
2025-05-16,CMCSA,Linear Regression,33.252105712890625,33.14209747314453,-0.11000823974609375
2025-05-16,COST,Linear Regression,1025.8299560546875,1014.3251342773438,-11.50482177734375
2025-05-16,INTC,Linear Regression,21.660001754760742,21.639497756958008,-0.020503997802734375
2025-05-16,INTU,Linear Regression,670.280029296875,657.6203002929688,-12.65972900390625
2025-05-16,MSFT,Linear Regression,454.26995849609375,453.143310546875,-1.12664794921875
2025-05-16,QCOM,Linear Regression,152.5,152.76998901367188,0.269989013671875
2025-05-16,SBUX,Linear Regression,85.56999969482422,87.35542297363281,1.7854232788085938
2025-05-19,AAPL,Linear Regression,208.77999877929688,211.2628631591797,2.4828643798828125
2025-05-19,ADBE,Linear Regression,420.67999267578125,418.35467529296875,-2.3253173828125
2025-05-19,AMD,Linear Regression,114.739990234375,117.28239440917969,2.5424041748046875
2025-05-19,CMCSA,Linear Regression,33.21461868286133,33.28638458251953,0.07176589965820312
2025-05-19,COST,Linear Regression,1034.3399658203125,1025.070068359375,-9.2698974609375
2025-05-19,INTC,Linear Regression,21.3799991607666,21.72907829284668,0.3490791320800781
2025-05-19,INTU,Linear Regression,670.8599853515625,667.5325927734375,-3.327392578125
2025-05-19,MSFT,Linear Regression,458.8699951171875,454.24969482421875,-4.62030029296875
2025-05-19,QCOM,Linear Regression,153.70001220703125,152.93978881835938,-0.760223388671875
2025-05-19,SBUX,Linear Regression,84.61000061035156,85.24568176269531,0.63568115234375
2025-05-20,AAPL,Linear Regression,206.86000061035156,208.99078369140625,2.1307830810546875
2025-05-20,ADBE,Linear Regression,417.6099853515625,421.8872375488281,4.277252197265625
2025-05-20,AMD,Linear Regression,113.50999450683594,115.22674560546875,1.7167510986328125
2025-05-20,CMCSA,Linear Regression,33.35519790649414,33.256202697753906,-0.09899520874023438
2025-05-20,COST,Linear Regression,1036.8199462890625,1034.993896484375,-1.8260498046875
2025-05-20,INTC,Linear Regression,21.270000457763672,21.416358947753906,0.14635848999023438
2025-05-20,INTU,Linear Regression,671.1600341796875,668.3175048828125,-2.842529296875
2025-05-20,MSFT,Linear Regression,458.16998291015625,458.8773193359375,0.70733642578125
2025-05-20,QCOM,Linear Regression,153.82000732421875,153.9547119140625,0.13470458984375
2025-05-20,SBUX,Linear Regression,85.58999633789062,85.0545425415039,-0.5354537963867188
2025-05-21,AAPL,Linear Regression,202.08999633789062,206.72373962402344,4.6337432861328125
2025-05-21,ADBE,Linear Regression,414.0299987792969,418.7325134277344,4.7025146484375
2025-05-21,AMD,Linear Regression,112.05999755859375,114.15486907958984,2.0948715209960938
2025-05-21,CMCSA,Linear Regression,32.89596939086914,33.38715362548828,0.4911842346191406
2025-05-21,COST,Linear Regression,1025.300048828125,1037.2840576171875,11.9840087890625
2025-05-21,INTC,Linear Regression,20.69000244140625,21.270015716552734,0.5800132751464844
2025-05-21,INTU,Linear Regression,659.97998046875,668.43017578125,8.4501953125
2025-05-21,MSFT,Linear Regression,452.57000732421875,458.12615966796875,5.55615234375
2025-05-21,QCOM,Linear Regression,151.30999755859375,153.96231079101562,2.652313232421875
2025-05-21,SBUX,Linear Regression,82.98001098632812,85.91193389892578,2.9319229125976562
2025-05-22,AAPL,Linear Regression,201.36000061035156,202.19407653808594,0.834075927734375
2025-05-22,ADBE,Linear Regression,414.33001708984375,415.1210632324219,0.791046142578125
2025-05-22,AMD,Linear Regression,110.70999145507812,112.7159652709961,2.0059738159179688
2025-05-22,CMCSA,Linear Regression,32.41799545288086,32.92676544189453,0.5087699890136719
2025-05-22,COST,Linear Regression,1018.1299438476562,1025.7333984375,7.60345458984375
2025-05-22,INTC,Linear Regression,20.55000114440918,20.70721435546875,0.1572132110595703
2025-05-22,INTU,Linear Regression,666.070068359375,658.1669921875,-7.903076171875
2025-05-22,MSFT,Linear Regression,454.8599853515625,452.44091796875,-2.4190673828125
2025-05-22,QCOM,Linear Regression,147.3699951171875,151.24989318847656,3.8798980712890625
2025-05-22,SBUX,Linear Regression,83.97000122070312,83.13285827636719,-0.8371429443359375
2025-05-23,AAPL,Linear Regression,195.27000427246094,201.48301696777344,6.2130126953125
2025-05-23,ADBE,Linear Regression,407.69000244140625,415.4157409667969,7.725738525390625
2025-05-23,AMD,Linear Regression,110.30999755859375,110.79247283935547,0.48247528076171875
2025-05-23,CMCSA,Linear Regression,32.352386474609375,32.444313049316406,0.09192657470703125
2025-05-23,COST,Linear Regression,1008.5,1018.536865234375,10.036865234375
2025-05-23,INTC,Linear Regression,20.049999237060547,20.48011016845703,0.4301109313964844
2025-05-23,INTU,Linear Regression,720.1300048828125,663.5007934570312,-56.62921142578125
2025-05-23,MSFT,Linear Regression,450.17999267578125,454.7178649902344,4.537872314453125
2025-05-23,QCOM,Linear Regression,145.3800048828125,147.52528381347656,2.1452789306640625
2025-05-23,SBUX,Linear Regression,84.40000915527344,83.84111785888672,-0.5588912963867188
2025-05-27,AAPL,Linear Regression,200.21002197265625,195.32281494140625,-4.88720703125
2025-05-27,ADBE,Linear Regression,413.0999755859375,408.5313415527344,-4.568634033203125
2025-05-27,AMD,Linear Regression,114.55998992919922,110.1811294555664,-4.3788604736328125
2025-05-27,CMCSA,Linear Regression,32.75539016723633,32.37614059448242,-0.37924957275390625
2025-05-27,COST,Linear Regression,1017.7899780273438,1008.6884155273438,-9.1015625
2025-05-27,INTC,Linear Regression,20.55000114440918,20.068504333496094,-0.48149681091308594
2025-05-27,INTU,Linear Regression,751.9600830078125,719.9868774414062,-31.97320556640625
2025-05-27,MSFT,Linear Regression,460.69000244140625,450.01300048828125,-10.677001953125
2025-05-27,QCOM,Linear Regression,148.6300048828125,145.38180541992188,-3.248199462890625
2025-05-27,SBUX,Linear Regression,87.010009765625,85.32689666748047,-1.6831130981445312
2025-05-28,AAPL,Linear Regression,200.4199981689453,200.94656372070312,0.5265655517578125
2025-05-28,ADBE,Linear Regression,412.2300109863281,413.9876403808594,1.75762939453125
2025-05-28,AMD,Linear Regression,112.86000061035156,114.4803466796875,1.6203460693359375
2025-05-28,CMCSA,Linear Regression,32.455482482910156,32.78309631347656,0.32761383056640625
2025-05-28,COST,Linear Regression,1013.1400756835938,1018.048828125,4.90875244140625
2025-05-28,INTC,Linear Regression,20.37000274658203,20.569856643676758,0.19985389709472656
2025-05-28,INTU,Linear Regression,754.449951171875,751.8626708984375,-2.5872802734375
2025-05-28,MSFT,Linear Regression,457.3599853515625,460.60302734375,3.2430419921875
2025-05-28,QCOM,Linear Regression,147.60000610351562,148.49774169921875,0.897735595703125
2025-05-28,SBUX,Linear Regression,86.0,87.63129425048828,1.6312942504882812
2025-05-29,AAPL,Linear Regression,199.95001220703125,201.03651428222656,1.0865020751953125
2025-05-29,ADBE,Linear Regression,413.3599853515625,413.1181945800781,-0.241790771484375
2025-05-29,AMD,Linear Regression,113.02999877929688,112.62948608398438,-0.4005126953125
2025-05-29,CMCSA,Linear Regression,32.12746047973633,32.484920501708984,0.35746002197265625
2025-05-29,COST,Linear Regression,1008.739990234375,1013.46630859375,4.726318359375
2025-05-29,INTC,Linear Regression,20.25,20.396024703979492,0.1460247039794922
2025-05-29,INTU,Linear Regression,757.219970703125,754.322998046875,-2.89697265625
2025-05-29,MSFT,Linear Regression,458.67999267578125,457.26025390625,-1.41973876953125
2025-05-29,QCOM,Linear Regression,148.33999633789062,147.63308715820312,-0.7069091796875
2025-05-29,SBUX,Linear Regression,84.05000305175781,85.88803100585938,1.8380279541015625
2025-05-30,AAPL,Linear Regression,200.85000610351562,200.01510620117188,-0.83489990234375
2025-05-30,ADBE,Linear Regression,415.0899963378906,414.199951171875,-0.890045166015625
2025-05-30,AMD,Linear Regression,110.72999572753906,112.96627044677734,2.2362747192382812
2025-05-30,CMCSA,Linear Regression,32.39925003051758,32.158599853515625,-0.24065017700195312
2025-05-30,COST,Linear Regression,1040.1800537109375,1008.961181640625,-31.2188720703125
2025-05-30,INTC,Linear Regression,19.549999237060547,20.276941299438477,0.7269420623779297
2025-05-30,INTU,Linear Regression,753.469970703125,757.0506591796875,3.5806884765625
2025-05-30,MSFT,Linear Regression,460.3599853515625,458.5564270019531,-1.803558349609375
2025-05-30,QCOM,Linear Regression,145.1999969482422,148.48902893066406,3.289031982421875
2025-05-30,SBUX,Linear Regression,83.94999694824219,84.3903579711914,0.44036102294921875
2025-03-20,AAPL,LSTM,214.10000610351562,215.04751586914062,0.947509765625
2025-03-20,ADBE,LSTM,389.6099853515625,387.9892883300781,-1.620697021484375
2025-03-20,AMD,LSTM,107.13999938964844,106.24481964111328,-0.8951797485351562
2025-03-20,CMCSA,LSTM,34.20806121826172,33.823768615722656,-0.3842926025390625
2025-03-20,COST,LSTM,895.4000244140625,902.5443725585938,7.14434814453125
2025-03-20,INTC,LSTM,23.959997177124023,24.128005981445312,0.16800880432128906
2025-03-20,INTU,LSTM,600.4199829101562,602.4158325195312,1.995849609375
2025-03-20,MSFT,LSTM,386.8399963378906,387.44219970703125,0.602203369140625
2025-03-20,QCOM,LSTM,157.9499969482422,158.11341857910156,0.163421630859375
2025-03-20,SBUX,LSTM,99.27999877929688,99.10045623779297,-0.17954254150390625
2025-03-21,AAPL,LSTM,218.27000427246094,213.95274353027344,-4.3172607421875
2025-03-21,ADBE,LSTM,387.260009765625,390.13128662109375,2.87127685546875
2025-03-21,AMD,LSTM,106.43999481201172,107.35160827636719,0.9116134643554688
2025-03-21,CMCSA,LSTM,34.44236373901367,34.225460052490234,-0.2169036865234375
2025-03-21,COST,LSTM,909.260009765625,893.9259033203125,-15.3341064453125
2025-03-21,INTC,LSTM,24.259998321533203,24.020843505859375,-0.23915481567382812
2025-03-21,INTU,LSTM,604.0399780273438,599.7982788085938,-4.24169921875
2025-03-21,MSFT,LSTM,391.2600402832031,386.5352783203125,-4.724761962890625
2025-03-21,QCOM,LSTM,156.82000732421875,157.90432739257812,1.084320068359375
2025-03-21,SBUX,LSTM,97.07000732421875,99.20155334472656,2.1315460205078125
2025-03-24,AAPL,LSTM,220.72998046875,218.09585571289062,-2.634124755859375
2025-03-24,ADBE,LSTM,394.4700012207031,387.7960205078125,-6.673980712890625
2025-03-24,AMD,LSTM,113.84999084472656,106.655029296875,-7.1949615478515625
2025-03-24,CMCSA,LSTM,34.301780700683594,34.4577522277832,0.15597152709960938
2025-03-24,COST,LSTM,926.0399169921875,907.7039184570312,-18.33599853515625
2025-03-24,INTC,LSTM,24.21999740600586,24.318967819213867,0.09897041320800781
2025-03-24,INTU,LSTM,613.090087890625,603.396484375,-9.693603515625
2025-03-24,MSFT,LSTM,393.08001708984375,390.9261474609375,-2.15386962890625
2025-03-24,QCOM,LSTM,160.0800018310547,156.78204345703125,-3.2979583740234375
2025-03-24,SBUX,LSTM,95.72000122070312,97.0062484741211,1.2862472534179688
2025-03-25,AAPL,LSTM,223.75,220.53399658203125,-3.21600341796875
2025-03-25,ADBE,LSTM,403.6400146484375,394.96026611328125,-8.67974853515625
2025-03-25,AMD,LSTM,114.80999755859375,114.01580810546875,-0.794189453125
2025-03-25,CMCSA,LSTM,34.62042999267578,34.31781005859375,-0.30261993408203125
2025-03-25,COST,LSTM,930.260009765625,924.3536376953125,-5.9063720703125
2025-03-25,INTC,LSTM,24.200000762939453,24.278854370117188,0.07885360717773438
2025-03-25,INTU,LSTM,618.719970703125,612.3809204101562,-6.33905029296875
2025-03-25,MSFT,LSTM,395.1600341796875,392.72808837890625,-2.43194580078125
2025-03-25,QCOM,LSTM,160.14999389648438,160.0213623046875,-0.128631591796875
2025-03-25,SBUX,LSTM,95.87998962402344,95.66824340820312,-0.2117462158203125
2025-03-26,AAPL,LSTM,221.52999877929688,223.62332153320312,2.09332275390625
2025-03-26,ADBE,LSTM,397.80999755859375,404.3717956542969,6.561798095703125
2025-03-26,AMD,LSTM,110.19000244140625,115.09273529052734,4.902732849121094
2025-03-26,CMCSA,LSTM,35.02342987060547,34.64757537841797,-0.3758544921875
2025-03-26,COST,LSTM,929.75,929.0524291992188,-0.69757080078125
2025-03-26,INTC,LSTM,23.420000076293945,24.292774200439453,0.8727741241455078
2025-03-26,INTU,LSTM,614.8599853515625,618.2293701171875,3.369384765625
2025-03-26,MSFT,LSTM,389.97003173828125,394.967041015625,4.99700927734375
2025-03-26,QCOM,LSTM,158.3900146484375,160.20281982421875,1.81280517578125
2025-03-26,SBUX,LSTM,97.97000122070312,95.86894226074219,-2.1010589599609375
2025-03-27,AAPL,LSTM,223.85000610351562,221.34408569335938,-2.50592041015625
2025-03-27,ADBE,LSTM,396.1499938964844,398.6234130859375,2.473419189453125
2025-03-27,AMD,LSTM,106.64999389648438,110.51814270019531,3.8681488037109375
2025-03-27,CMCSA,LSTM,35.02342987060547,35.047821044921875,0.02439117431640625
2025-03-27,COST,LSTM,938.75,928.0487060546875,-10.7012939453125
2025-03-27,INTC,LSTM,23.619998931884766,23.527923583984375,-0.09207534790039062
2025-03-27,INTU,LSTM,615.300048828125,614.1607666015625,-1.1392822265625
2025-03-27,MSFT,LSTM,390.5799865722656,389.6850891113281,-0.8948974609375
2025-03-27,QCOM,LSTM,157.97000122070312,158.41107177734375,0.441070556640625
2025-03-27,SBUX,LSTM,98.85000610351562,97.92143249511719,-0.9285736083984375
2025-03-28,AAPL,LSTM,217.90000915527344,223.6493377685547,5.74932861328125
2025-03-28,ADBE,LSTM,385.7099914550781,396.9807434082031,11.270751953125
2025-03-28,AMD,LSTM,103.22000122070312,107.01276397705078,3.7927627563476562
2025-03-28,CMCSA,LSTM,34.320526123046875,35.046783447265625,0.72625732421875
2025-03-28,COST,LSTM,929.6599731445312,936.98095703125,7.32098388671875
2025-03-28,INTC,LSTM,22.709999084472656,23.727981567382812,1.0179824829101562
2025-03-28,INTU,LSTM,598.9199829101562,614.599609375,15.67962646484375
2025-03-28,MSFT,LSTM,378.79998779296875,390.298828125,11.49884033203125
2025-03-28,QCOM,LSTM,152.72000122070312,157.99700927734375,5.277008056640625
2025-03-28,SBUX,LSTM,97.7300033569336,98.7914047241211,1.0614013671875
2025-03-31,AAPL,LSTM,222.13002014160156,217.73731994628906,-4.3927001953125
2025-03-31,ADBE,LSTM,383.5299987792969,386.6269836425781,3.09698486328125
2025-03-31,AMD,LSTM,102.739990234375,103.61904907226562,0.879058837890625
2025-03-31,CMCSA,LSTM,34.582942962646484,34.34892654418945,-0.23401641845703125
2025-03-31,COST,LSTM,945.780029296875,927.9340209960938,-17.84600830078125
2025-03-31,INTC,LSTM,22.709999084472656,22.825294494628906,0.11529541015625
2025-03-31,INTU,LSTM,613.989990234375,598.333984375,-15.656005859375
2025-03-31,MSFT,LSTM,375.3900146484375,378.6045837402344,3.214569091796875
2025-03-31,QCOM,LSTM,153.61000061035156,152.78768920898438,-0.8223114013671875
2025-03-31,SBUX,LSTM,98.08999633789062,97.676513671875,-0.413482666015625
2025-04-01,AAPL,LSTM,223.19000244140625,221.94760131835938,-1.242401123046875
2025-04-01,ADBE,LSTM,383.20001220703125,384.4870300292969,1.287017822265625
2025-04-01,AMD,LSTM,102.77999114990234,103.15296936035156,0.37297821044921875
2025-04-01,CMCSA,LSTM,34.41424560546875,34.610633850097656,0.19638824462890625
2025-04-01,COST,LSTM,954.4000244140625,943.9544677734375,-10.445556640625
2025-04-01,INTC,LSTM,22.049999237060547,22.827238082885742,0.7772388458251953
2025-04-01,INTU,LSTM,613.780029296875,613.3297119140625,-0.4503173828125
2025-04-01,MSFT,LSTM,382.19000244140625,375.2429504394531,-6.947052001953125
2025-04-01,QCOM,LSTM,153.0500030517578,153.68214416503906,0.63214111328125
2025-04-01,SBUX,LSTM,98.2300033569336,98.03518676757812,-0.19481658935546875
2025-04-02,AAPL,LSTM,223.88998413085938,222.92724609375,-0.962738037109375
2025-04-02,ADBE,LSTM,385.7799987792969,383.5523986816406,-2.22760009765625
2025-04-02,AMD,LSTM,102.95999145507812,102.92938232421875,-0.030609130859375
2025-04-02,CMCSA,LSTM,34.31114959716797,34.419830322265625,0.10868072509765625
2025-04-02,COST,LSTM,965.0800170898438,952.333984375,-12.74603271484375
2025-04-02,INTC,LSTM,21.979999542236328,22.102432250976562,0.12243270874023438
2025-04-02,INTU,LSTM,620.9099731445312,612.9415283203125,-7.96844482421875
2025-04-02,MSFT,LSTM,382.1400146484375,381.828125,-0.3118896484375
2025-04-02,QCOM,LSTM,154.0800018310547,152.96124267578125,-1.1187591552734375
2025-04-02,SBUX,LSTM,99.41000366210938,98.13882446289062,-1.27117919921875
2025-04-03,AAPL,LSTM,203.19000244140625,223.62155151367188,20.431549072265625
2025-04-03,ADBE,LSTM,367.25,386.11566162109375,18.86566162109375
2025-04-03,AMD,LSTM,93.80000305175781,103.1083984375,9.308395385742188
2025-04-03,CMCSA,LSTM,33.4770393371582,34.317562103271484,0.8405227661132812
2025-04-03,COST,LSTM,967.0800170898438,962.944091796875,-4.13592529296875
2025-04-03,INTC,LSTM,22.42999839782715,22.03350257873535,-0.3964958190917969
2025-04-03,INTU,LSTM,598.530029296875,620.0294189453125,21.4993896484375
2025-04-03,MSFT,LSTM,373.1099853515625,381.7731628417969,8.663177490234375
2025-04-03,QCOM,LSTM,139.4199981689453,153.98541259765625,14.565414428710938
2025-04-03,SBUX,LSTM,88.26000213623047,99.31178283691406,11.051780700683594
2025-04-04,AAPL,LSTM,188.3800048828125,203.04278564453125,14.66278076171875
2025-04-04,ADBE,LSTM,349.0699768066406,367.71319580078125,18.643218994140625
2025-04-04,AMD,LSTM,85.75999450683594,94.01251983642578,8.252525329589844
2025-04-04,CMCSA,LSTM,31.283973693847656,33.489227294921875,2.2052536010742188
2025-04-04,COST,LSTM,916.47998046875,964.9190063476562,48.43902587890625
2025-04-04,INTC,LSTM,19.850000381469727,22.480485916137695,2.6304855346679688
2025-04-04,INTU,LSTM,561.530029296875,597.7678833007812,36.23785400390625
2025-04-04,MSFT,LSTM,359.84002685546875,372.7961120605469,12.956085205078125
2025-04-04,QCOM,LSTM,127.46000671386719,139.41883850097656,11.958831787109375
2025-04-04,SBUX,LSTM,82.10000610351562,88.22830200195312,6.1282958984375
2025-04-07,AAPL,LSTM,181.4600067138672,188.29977416992188,6.8397674560546875
2025-04-07,ADBE,LSTM,340.70001220703125,349.5838623046875,8.88385009765625
2025-04-07,AMD,LSTM,83.6399917602539,85.9981460571289,2.358154296875
2025-04-07,CMCSA,LSTM,31.368322372436523,31.308881759643555,-0.05944061279296875
2025-04-07,COST,LSTM,908.1300048828125,914.2378540039062,6.10784912109375
2025-04-07,INTC,LSTM,19.56999969482422,19.90898895263672,0.3389892578125
2025-04-07,INTU,LSTM,556.239990234375,560.8463134765625,4.6063232421875
2025-04-07,MSFT,LSTM,357.8599853515625,359.515625,1.6556396484375
2025-04-07,QCOM,LSTM,129.72000122070312,127.50305938720703,-2.2169418334960938
2025-04-07,SBUX,LSTM,80.0,82.10208129882812,2.102081298828125
2025-04-08,AAPL,LSTM,172.4199981689453,181.20790100097656,8.78790283203125
2025-04-08,ADBE,LSTM,340.0,340.4661865234375,0.4661865234375
2025-04-08,AMD,LSTM,78.20999908447266,83.54105377197266,5.3310546875
2025-04-08,CMCSA,LSTM,30.77787971496582,31.357818603515625,0.5799388885498047
2025-04-08,COST,LSTM,908.75,905.015380859375,-3.734619140625
2025-04-08,INTC,LSTM,18.12999725341797,19.54467010498047,1.4146728515625
2025-04-08,INTU,LSTM,544.0700073242188,555.0606689453125,10.99066162109375
2025-04-08,MSFT,LSTM,354.55999755859375,357.175537109375,2.61553955078125
2025-04-08,QCOM,LSTM,124.6600112915039,129.4636993408203,4.803688049316406
2025-04-08,SBUX,LSTM,79.69000244140625,79.91871643066406,0.2287139892578125
2025-04-09,AAPL,LSTM,198.85000610351562,171.88916015625,-26.960845947265625
2025-04-09,ADBE,LSTM,364.6400146484375,338.739013671875,-25.9010009765625
2025-04-09,AMD,LSTM,96.83999633789062,77.65571594238281,-19.184280395507812
2025-04-09,CMCSA,LSTM,32.970947265625,30.722110748291016,-2.2488365173339844
2025-04-09,COST,LSTM,965.1900024414062,903.876953125,-61.31304931640625
2025-04-09,INTC,LSTM,21.53000259399414,17.994173049926758,-3.535829544067383
2025-04-09,INTU,LSTM,596.47998046875,542.06591796875,-54.4140625
2025-04-09,MSFT,LSTM,390.489990234375,353.3077697753906,-37.182220458984375
2025-04-09,QCOM,LSTM,143.58999633789062,124.03197479248047,-19.558021545410156
2025-04-09,SBUX,LSTM,88.68000793457031,79.47286224365234,-9.207145690917969
2025-04-10,AAPL,LSTM,190.42001342773438,198.69564819335938,8.275634765625
2025-04-10,ADBE,LSTM,350.04998779296875,364.85650634765625,14.8065185546875
2025-04-10,AMD,LSTM,88.69999694824219,96.90301513671875,8.203018188476562
2025-04-10,CMCSA,LSTM,31.565135955810547,32.975318908691406,1.4101829528808594
2025-04-10,COST,LSTM,964.31005859375,962.12353515625,-2.1865234375
2025-04-10,INTC,LSTM,19.880001068115234,21.552457809448242,1.6724567413330078
2025-04-10,INTU,LSTM,577.469970703125,595.4749755859375,18.0050048828125
2025-04-10,MSFT,LSTM,381.3500061035156,389.89178466796875,8.541778564453125
2025-04-10,QCOM,LSTM,134.39999389648438,143.48304748535156,9.083053588867188
2025-04-10,SBUX,LSTM,84.5999984741211,88.6303482055664,4.0303497314453125
2025-04-11,AAPL,LSTM,198.14999389648438,190.13865661621094,-8.011337280273438
2025-04-11,ADBE,LSTM,352.469970703125,349.7543029785156,-2.715667724609375
2025-04-11,AMD,LSTM,93.39999389648438,88.54615020751953,-4.853843688964844
2025-04-11,CMCSA,LSTM,31.602622985839844,31.550752639770508,-0.05187034606933594
2025-04-11,COST,LSTM,963.409912109375,960.7152099609375,-2.6947021484375
2025-04-11,INTC,LSTM,19.739999771118164,19.84691619873047,0.10691642761230469
2025-04-11,INTU,LSTM,587.0399780273438,576.1912841796875,-10.84869384765625
2025-04-11,MSFT,LSTM,388.45001220703125,380.5413818359375,-7.90863037109375
2025-04-11,QCOM,LSTM,139.25,134.13027954101562,-5.119720458984375
2025-04-11,SBUX,LSTM,85.43000793457031,84.49848937988281,-0.9315185546875
2025-04-14,AAPL,LSTM,202.52001953125,197.8312225341797,-4.6887969970703125
2025-04-14,ADBE,LSTM,350.9100036621094,352.16796875,1.257965087890625
2025-04-14,AMD,LSTM,94.5,93.22625732421875,-1.27374267578125
2025-04-14,CMCSA,LSTM,32.00562286376953,31.588623046875,-0.41699981689453125
2025-04-14,COST,LSTM,979.320068359375,959.8016357421875,-19.5184326171875
2025-04-14,INTC,LSTM,20.309999465942383,19.7081356048584,-0.6018638610839844
2025-04-14,INTU,LSTM,593.5499877929688,585.715087890625,-7.83489990234375
2025-04-14,MSFT,LSTM,387.80999755859375,387.60198974609375,-0.2080078125
2025-04-14,QCOM,LSTM,139.19000244140625,138.96002197265625,-0.22998046875
2025-04-14,SBUX,LSTM,85.48999786376953,85.32608032226562,-0.16391754150390625
2025-04-15,AAPL,LSTM,202.1400146484375,202.17138671875,0.0313720703125
2025-04-15,ADBE,LSTM,350.3800048828125,350.615234375,0.2352294921875
2025-04-15,AMD,LSTM,95.29000091552734,94.31873321533203,-0.9712677001953125
2025-04-15,CMCSA,LSTM,32.239925384521484,31.989805221557617,-0.2501201629638672
2025-04-15,COST,LSTM,976.9200439453125,975.6046142578125,-1.3154296875
2025-04-15,INTC,LSTM,19.85000228881836,20.27562713623047,0.4256248474121094
2025-04-15,INTU,LSTM,594.0800170898438,592.177978515625,-1.90203857421875
2025-04-15,MSFT,LSTM,385.73004150390625,386.95751953125,1.22747802734375
2025-04-15,QCOM,LSTM,138.60000610351562,138.89736938476562,0.29736328125
2025-04-15,SBUX,LSTM,83.70999908447266,85.3854751586914,1.67547607421875
2025-04-16,AAPL,LSTM,194.27000427246094,201.78761291503906,7.517608642578125
2025-04-16,ADBE,LSTM,344.19000244140625,350.0885925292969,5.898590087890625
2025-04-16,AMD,LSTM,88.29000091552734,95.1037368774414,6.8137359619140625
2025-04-16,CMCSA,LSTM,31.44329833984375,32.2227783203125,0.77947998046875
2025-04-16,COST,LSTM,967.75,973.1949462890625,5.4449462890625
2025-04-16,INTC,LSTM,19.23000144958496,19.817546844482422,0.5875453948974609
2025-04-16,INTU,LSTM,588.0800170898438,592.6947631835938,4.61474609375
2025-04-16,MSFT,LSTM,371.6099853515625,384.8882141113281,13.278228759765625
2025-04-16,QCOM,LSTM,135.74000549316406,138.3097686767578,2.56976318359375
2025-04-16,SBUX,LSTM,80.76000213623047,83.6143798828125,2.8543777465820312
2025-04-17,AAPL,LSTM,196.97999572753906,193.95863342285156,-3.0213623046875
2025-04-17,ADBE,LSTM,348.79998779296875,343.92840576171875,-4.87158203125
2025-04-17,AMD,LSTM,87.5,88.13662719726562,0.636627197265625
2025-04-17,CMCSA,LSTM,31.874414443969727,31.429777145385742,-0.4446372985839844
2025-04-17,COST,LSTM,994.5,964.081298828125,-30.418701171875
2025-04-17,INTC,LSTM,18.93000030517578,19.200679779052734,0.2706794738769531
2025-04-17,INTU,LSTM,585.3800048828125,586.7265625,1.3465576171875
2025-04-17,MSFT,LSTM,367.780029296875,370.8502197265625,3.0701904296875
2025-04-17,QCOM,LSTM,136.66000366210938,135.46450805664062,-1.19549560546875
2025-04-17,SBUX,LSTM,81.5,80.68045043945312,-0.819549560546875
2025-04-21,AAPL,LSTM,193.16000366210938,196.661376953125,3.501373291015625
2025-04-21,ADBE,LSTM,343.219970703125,348.5199890136719,5.300018310546875
2025-04-21,AMD,LSTM,85.55999755859375,87.35435485839844,1.7943572998046875
2025-04-21,CMCSA,LSTM,31.490158081054688,31.859249114990234,0.3690910339355469
2025-04-21,COST,LSTM,957.77001953125,990.6697387695312,32.89971923828125
2025-04-21,INTC,LSTM,18.84000015258789,18.902475357055664,0.06247520446777344
2025-04-21,INTU,LSTM,568.8400268554688,584.0485229492188,15.20849609375
2025-04-21,MSFT,LSTM,359.1199951171875,367.0572509765625,7.937255859375
2025-04-21,QCOM,LSTM,136.13999938964844,136.38218688964844,0.2421875
2025-04-21,SBUX,LSTM,80.68000793457031,81.4192123413086,0.7392044067382812
2025-04-22,AAPL,LSTM,199.74000549316406,192.8606414794922,-6.879364013671875
2025-04-22,ADBE,LSTM,349.9100036621094,342.9647521972656,-6.94525146484375
2025-04-22,AMD,LSTM,86.26000213623047,85.42493438720703,-0.8350677490234375
2025-04-22,CMCSA,LSTM,32.05248260498047,31.47667694091797,-0.5758056640625
2025-04-22,COST,LSTM,979.22998046875,954.1416625976562,-25.08831787109375
2025-04-22,INTC,LSTM,19.510000228881836,18.813142776489258,-0.6968574523925781
2025-04-22,INTU,LSTM,583.5599975585938,567.60791015625,-15.95208740234375
2025-04-22,MSFT,LSTM,366.82000732421875,358.45233154296875,-8.36767578125
2025-04-22,QCOM,LSTM,138.74000549316406,135.8646240234375,-2.8753814697265625
2025-04-22,SBUX,LSTM,81.75,80.6032943725586,-1.1467056274414062
2025-04-23,AAPL,LSTM,204.60000610351562,199.44931030273438,-5.15069580078125
2025-04-23,ADBE,LSTM,351.9599914550781,349.9176940917969,-2.04229736328125
2025-04-23,AMD,LSTM,90.38999938964844,86.24978637695312,-4.1402130126953125
2025-04-23,CMCSA,LSTM,32.3055305480957,32.04933547973633,-0.256195068359375
2025-04-23,COST,LSTM,975.8400268554688,974.6102905273438,-1.229736328125
2025-04-23,INTC,LSTM,20.590002059936523,19.512039184570312,-1.077962875366211
2025-04-23,INTU,LSTM,596.0499877929688,582.1973876953125,-13.85260009765625
2025-04-23,MSFT,LSTM,374.3900146484375,366.15130615234375,-8.23870849609375
2025-04-23,QCOM,LSTM,140.46002197265625,138.53671264648438,-1.923309326171875
2025-04-23,SBUX,LSTM,82.80999755859375,81.70356750488281,-1.1064300537109375
2025-04-24,AAPL,LSTM,208.3699951171875,204.26675415039062,-4.103240966796875
2025-04-24,ADBE,LSTM,360.9100036621094,351.9531555175781,-8.95684814453125
2025-04-24,AMD,LSTM,94.4699935913086,90.36096954345703,-4.1090240478515625
2025-04-24,CMCSA,LSTM,31.10590171813965,32.3006706237793,1.1947689056396484
2025-04-24,COST,LSTM,975.47998046875,971.216796875,-4.26318359375
2025-04-24,INTC,LSTM,21.489999771118164,20.586559295654297,-0.9034404754638672
2025-04-24,INTU,LSTM,614.8299560546875,594.5704956054688,-20.25946044921875
2025-04-24,MSFT,LSTM,387.29998779296875,373.6607666015625,-13.63922119140625
2025-04-24,QCOM,LSTM,147.2100067138672,140.2430419921875,-6.9669647216796875
2025-04-24,SBUX,LSTM,83.86000061035156,82.75682830810547,-1.1031723022460938
2025-04-25,AAPL,LSTM,209.28001403808594,207.9972381591797,-1.28277587890625
2025-04-25,ADBE,LSTM,367.719970703125,360.85833740234375,-6.86163330078125
2025-04-25,AMD,LSTM,96.64999389648438,94.41709899902344,-2.2328948974609375
2025-04-25,CMCSA,LSTM,31.771318435668945,31.10615348815918,-0.6651649475097656
2025-04-25,COST,LSTM,977.159912109375,970.85791015625,-6.302001953125
2025-04-25,INTC,LSTM,20.049999237060547,21.481016159057617,1.4310169219970703
2025-04-25,INTU,LSTM,624.1200561523438,613.1599731445312,-10.9600830078125
2025-04-25,MSFT,LSTM,391.85003662109375,386.45697021484375,-5.39306640625
2025-04-25,QCOM,LSTM,148.55999755859375,146.94888305664062,-1.611114501953125
2025-04-25,SBUX,LSTM,83.80999755859375,83.79920196533203,-0.01079559326171875
2025-04-28,AAPL,LSTM,210.1400146484375,208.8880615234375,-1.251953125
2025-04-28,ADBE,LSTM,368.6199951171875,367.62530517578125,-0.99468994140625
2025-04-28,AMD,LSTM,96.3899917602539,96.58029174804688,0.19029998779296875
2025-04-28,CMCSA,LSTM,31.64948272705078,31.769695281982422,0.12021255493164062
2025-04-28,COST,LSTM,978.5399780273438,972.52197265625,-6.01800537109375
2025-04-28,INTC,LSTM,20.51000213623047,20.046293258666992,-0.46370887756347656
2025-04-28,INTU,LSTM,618.22998046875,622.306884765625,4.076904296875
2025-04-28,MSFT,LSTM,391.1600036621094,390.93536376953125,-0.224639892578125
2025-04-28,QCOM,LSTM,147.6199951171875,148.27786254882812,0.657867431640625
2025-04-28,SBUX,LSTM,83.9000015258789,83.74732971191406,-0.15267181396484375
2025-04-29,AAPL,LSTM,211.21002197265625,209.73526000976562,-1.474761962890625
2025-04-29,ADBE,LSTM,370.9800109863281,368.50970458984375,-2.470306396484375
2025-04-29,AMD,LSTM,96.05999755859375,96.31694030761719,0.2569427490234375
2025-04-29,CMCSA,LSTM,31.808807373046875,31.648075103759766,-0.16073226928710938
2025-04-29,COST,LSTM,991.7000732421875,973.8833618164062,-17.81671142578125
2025-04-29,INTC,LSTM,20.34000015258789,20.50529670715332,0.1652965545654297
2025-04-29,INTU,LSTM,623.1500854492188,616.4168701171875,-6.73321533203125
2025-04-29,MSFT,LSTM,394.0400085449219,390.2261962890625,-3.813812255859375
2025-04-29,QCOM,LSTM,146.8800048828125,147.33705139160156,0.4570465087890625
2025-04-29,SBUX,LSTM,84.8499984741211,83.836181640625,-1.0138168334960938
2025-04-30,AAPL,LSTM,212.50001525878906,210.79312133789062,-1.7068939208984375
2025-04-30,ADBE,LSTM,374.9800109863281,370.85369873046875,-4.126312255859375
2025-04-30,AMD,LSTM,97.34999084472656,95.98738098144531,-1.36260986328125
2025-04-30,CMCSA,LSTM,32.05248260498047,31.806692123413086,-0.2457904815673828
2025-04-30,COST,LSTM,994.5,986.9100341796875,-7.5899658203125
2025-04-30,INTC,LSTM,20.10000228881836,20.335927963256836,0.23592567443847656
2025-04-30,INTU,LSTM,627.469970703125,621.2915649414062,-6.17840576171875
2025-04-30,MSFT,LSTM,395.260009765625,393.0760192871094,-2.183990478515625
2025-04-30,QCOM,LSTM,148.4600067138672,146.6009521484375,-1.8590545654296875
2025-04-30,SBUX,LSTM,80.05000305175781,84.78043365478516,4.730430603027344
2025-05-01,AAPL,LSTM,213.32000732421875,212.069580078125,-1.25042724609375
2025-05-01,ADBE,LSTM,374.6299743652344,374.82989501953125,0.199920654296875
2025-05-01,AMD,LSTM,96.64999389648438,97.27099609375,0.621002197265625
2025-05-01,CMCSA,LSTM,31.69634437561035,32.04906463623047,0.3527202606201172
2025-05-01,COST,LSTM,999.0399780273438,989.63623046875,-9.40374755859375
2025-05-01,INTC,LSTM,19.98000144958496,20.097166061401367,0.11716461181640625
2025-05-01,INTU,LSTM,623.1900024414062,625.5582275390625,2.36822509765625
2025-05-01,MSFT,LSTM,425.4000244140625,394.2761535644531,-31.123870849609375
2025-05-01,QCOM,LSTM,135.2100067138672,148.17214965820312,12.962142944335938
2025-05-01,SBUX,LSTM,82.01000213623047,80.00529479980469,-2.0047073364257812
2025-05-02,AAPL,LSTM,205.35000610351562,212.8790740966797,7.5290679931640625
2025-05-02,ADBE,LSTM,380.8699645996094,374.47540283203125,-6.394561767578125
2025-05-02,AMD,LSTM,98.80000305175781,96.5728759765625,-2.2271270751953125
2025-05-02,CMCSA,LSTM,32.29615783691406,31.694263458251953,-0.6018943786621094
2025-05-02,COST,LSTM,1008.2999877929688,994.1038818359375,-14.19610595703125
2025-05-02,INTC,LSTM,20.6200008392334,19.978010177612305,-0.6419906616210938
2025-05-02,INTU,LSTM,631.6800537109375,621.2971801757812,-10.38287353515625
2025-05-02,MSFT,LSTM,435.2799987792969,424.156982421875,-11.123016357421875
2025-05-02,QCOM,LSTM,139.80999755859375,134.99916076660156,-4.8108367919921875
2025-05-02,SBUX,LSTM,84.69000244140625,81.96109008789062,-2.728912353515625
2025-05-05,AAPL,LSTM,198.88999938964844,204.96389770507812,6.0738983154296875
2025-05-05,ADBE,LSTM,381.05999755859375,380.68292236328125,-0.3770751953125
2025-05-05,AMD,LSTM,100.58999633789062,98.7125244140625,-1.877471923828125
2025-05-05,CMCSA,LSTM,32.28678512573242,32.29155349731445,0.00476837158203125
2025-05-05,COST,LSTM,1014.8900146484375,1003.2455444335938,-11.64447021484375
2025-05-05,INTC,LSTM,20.270000457763672,20.615304946899414,0.3453044891357422
2025-05-05,INTU,LSTM,632.1799926757812,629.7178955078125,-2.46209716796875
2025-05-05,MSFT,LSTM,436.1700134277344,433.8575439453125,-2.312469482421875
2025-05-05,QCOM,LSTM,139.44000244140625,139.59286499023438,0.152862548828125
2025-05-05,SBUX,LSTM,81.66000366210938,84.62564849853516,2.9656448364257812
2025-05-06,AAPL,LSTM,198.510009765625,198.56430053710938,0.054290771484375
2025-05-06,ADBE,LSTM,382.9800109863281,380.8638000488281,-2.1162109375
2025-05-06,AMD,LSTM,98.6199951171875,100.49090576171875,1.87091064453125
2025-05-06,CMCSA,LSTM,32.32427215576172,32.28163528442383,-0.042636871337890625
2025-05-06,COST,LSTM,1010.5,1009.7266845703125,-0.7733154296875
2025-05-06,INTC,LSTM,19.940000534057617,20.266298294067383,0.3262977600097656
2025-05-06,INTU,LSTM,626.5499877929688,630.1903686523438,3.640380859375
2025-05-06,MSFT,LSTM,433.30999755859375,434.6727294921875,1.36273193359375
2025-05-06,QCOM,LSTM,139.89999389648438,139.2245330810547,-0.6754608154296875
2025-05-06,SBUX,LSTM,82.77999877929688,81.60829162597656,-1.1717071533203125
2025-05-07,AAPL,LSTM,196.25,198.20481872558594,1.9548187255859375
2025-05-07,ADBE,LSTM,384.9700012207031,382.7712707519531,-2.19873046875
2025-05-07,AMD,LSTM,100.36000061035156,98.52779388427734,-1.8322067260742188
2025-05-07,CMCSA,LSTM,32.230552673339844,32.318763732910156,0.0882110595703125
2025-05-07,COST,LSTM,1007.1500244140625,1005.340087890625,-1.8099365234375
2025-05-07,INTC,LSTM,20.309999465942383,19.937986373901367,-0.3720130920410156
2025-05-07,INTU,LSTM,641.1400146484375,624.60009765625,-16.5399169921875
2025-05-07,MSFT,LSTM,433.3499755859375,431.8101806640625,-1.539794921875
2025-05-07,QCOM,LSTM,144.3000030517578,139.68240356445312,-4.6175994873046875
2025-05-07,SBUX,LSTM,82.70999908447266,82.72522735595703,0.015228271484375
2025-05-08,AAPL,LSTM,197.49002075195312,195.96653747558594,-1.5234832763671875
2025-05-08,ADBE,LSTM,383.989990234375,384.7477722167969,0.757781982421875
2025-05-08,AMD,LSTM,101.69998931884766,100.26048278808594,-1.4395065307617188
2025-05-08,CMCSA,LSTM,32.07122802734375,32.22539520263672,0.15416717529296875
2025-05-08,COST,LSTM,1007.7100219726562,1002.0223999023438,-5.6876220703125
2025-05-08,INTC,LSTM,21.000001907348633,20.306705474853516,-0.6932964324951172
2025-05-08,INTU,LSTM,656.0800170898438,639.0723876953125,-17.00762939453125
2025-05-08,MSFT,LSTM,438.1700134277344,431.84674072265625,-6.323272705078125
2025-05-08,QCOM,LSTM,145.10000610351562,144.05593872070312,-1.0440673828125
2025-05-08,SBUX,LSTM,82.19000244140625,82.65498352050781,0.4649810791015625
2025-05-09,AAPL,LSTM,198.52999877929688,197.20521545410156,-1.3247833251953125
2025-05-09,ADBE,LSTM,383.27996826171875,383.76910400390625,0.4891357421875
2025-05-09,AMD,LSTM,102.8399887084961,101.59188079833984,-1.24810791015625
2025-05-09,CMCSA,LSTM,32.099342346191406,32.0669059753418,-0.032436370849609375
2025-05-09,COST,LSTM,1008.0900268554688,1002.5875244140625,-5.50250244140625
2025-05-09,INTC,LSTM,21.420000076293945,20.993249893188477,-0.42675018310546875
2025-05-09,INTU,LSTM,653.8800048828125,653.8350219726562,-0.04498291015625
2025-05-09,MSFT,LSTM,438.73004150390625,436.61895751953125,-2.111083984375
2025-05-09,QCOM,LSTM,145.17999267578125,144.84376525878906,-0.3362274169921875
2025-05-09,SBUX,LSTM,80.30000305175781,82.13772583007812,1.8377227783203125
2025-05-12,AAPL,LSTM,210.79000854492188,198.2384796142578,-12.551528930664062
2025-05-12,ADBE,LSTM,395.94000244140625,383.0627746582031,-12.877227783203125
2025-05-12,AMD,LSTM,108.12000274658203,102.72370910644531,-5.396293640136719
2025-05-12,CMCSA,LSTM,32.539825439453125,32.0950927734375,-0.444732666015625
2025-05-12,COST,LSTM,1016.1500244140625,1002.9658813476562,-13.18414306640625
2025-05-12,INTC,LSTM,22.18000030517578,21.410430908203125,-0.7695693969726562
2025-05-12,INTU,LSTM,662.2999877929688,651.5929565429688,-10.70703125
2025-05-12,MSFT,LSTM,449.2600402832031,437.15679931640625,-12.103240966796875
2025-05-12,QCOM,LSTM,152.1199951171875,144.91946411132812,-7.200531005859375
2025-05-12,SBUX,LSTM,85.66999816894531,80.25848388671875,-5.4115142822265625
2025-05-13,AAPL,LSTM,212.92999267578125,210.4128875732422,-2.5171051025390625
2025-05-13,ADBE,LSTM,397.39996337890625,395.6585388183594,-1.741424560546875
2025-05-13,AMD,LSTM,112.45999145507812,107.9736557006836,-4.486335754394531
2025-05-13,CMCSA,LSTM,32.60543441772461,32.53349304199219,-0.07194137573242188
2025-05-13,COST,LSTM,999.0300903320312,1010.9447631835938,11.9146728515625
2025-05-13,INTC,LSTM,22.559999465942383,22.166044235229492,-0.3939552307128906
2025-05-13,INTU,LSTM,656.7999877929688,659.9148559570312,3.1148681640625
2025-05-13,MSFT,LSTM,449.1400146484375,447.57470703125,-1.5653076171875
2025-05-13,QCOM,LSTM,151.33999633789062,151.81500244140625,0.475006103515625
2025-05-13,SBUX,LSTM,86.87998962402344,85.60202026367188,-1.2779693603515625
2025-05-14,AAPL,LSTM,212.3300018310547,212.5107879638672,0.1807861328125
2025-05-14,ADBE,LSTM,399.469970703125,397.0943298339844,-2.375640869140625
2025-05-14,AMD,LSTM,117.7199935913086,112.28193664550781,-5.438056945800781
2025-05-14,CMCSA,LSTM,32.38987731933594,32.598270416259766,0.20839309692382812
2025-05-14,COST,LSTM,991.5399780273438,993.9674682617188,2.427490234375
2025-05-14,INTC,LSTM,21.520002365112305,22.543052673339844,1.023050308227539
2025-05-14,INTU,LSTM,652.830078125,654.432373046875,1.602294921875
2025-05-14,MSFT,LSTM,452.94000244140625,447.41558837890625,-5.5244140625
2025-05-14,QCOM,LSTM,152.97999572753906,151.02711486816406,-1.952880859375
2025-05-14,SBUX,LSTM,86.54000091552734,86.79782104492188,0.25782012939453125
2025-05-15,AAPL,LSTM,211.4499969482422,212.12904357910156,0.679046630859375
2025-05-15,ADBE,LSTM,404.69000244140625,399.9809265136719,-4.709075927734375
2025-05-15,AMD,LSTM,114.989990234375,117.85762023925781,2.8676300048828125
2025-05-15,CMCSA,LSTM,33.11152648925781,32.4227294921875,-0.6887969970703125
2025-05-15,COST,LSTM,1010.469970703125,987.4684448242188,-23.00152587890625
2025-05-15,INTC,LSTM,21.549999237060547,21.603618621826172,0.053619384765625
2025-05-15,INTU,LSTM,661.3099975585938,650.9716796875,-10.33831787109375
2025-05-15,MSFT,LSTM,453.1300354003906,451.410888671875,-1.719146728515625
2025-05-15,QCOM,LSTM,152.61000061035156,152.96133422851562,0.3513336181640625
2025-05-15,SBUX,LSTM,87.260009765625,86.56847381591797,-0.6915359497070312
2025-05-16,AAPL,LSTM,211.25999450683594,211.25350952148438,-0.0064849853515625
2025-05-16,ADBE,LSTM,417.1300048828125,405.159912109375,-11.9700927734375
2025-05-16,AMD,LSTM,117.16999816894531,115.13542938232422,-2.0345687866210938
2025-05-16,CMCSA,LSTM,33.252105712890625,33.139991760253906,-0.11211395263671875
2025-05-16,COST,LSTM,1025.8299560546875,1006.2188110351562,-19.61114501953125
2025-05-16,INTC,LSTM,21.660001754760742,21.634525299072266,-0.025476455688476562
2025-05-16,INTU,LSTM,670.280029296875,659.3688354492188,-10.91119384765625
2025-05-16,MSFT,LSTM,454.26995849609375,451.57568359375,-2.69427490234375
2025-05-16,QCOM,LSTM,152.5,152.58999633789062,0.089996337890625
2025-05-16,SBUX,LSTM,85.56999969482422,87.28226470947266,1.7122650146484375
2025-05-19,AAPL,LSTM,208.77999877929688,211.06619262695312,2.28619384765625
2025-05-19,ADBE,LSTM,420.67999267578125,417.50323486328125,-3.1767578125
2025-05-19,AMD,LSTM,114.739990234375,117.30079650878906,2.5608062744140625
2025-05-19,CMCSA,LSTM,33.21461868286133,33.278709411621094,0.06409072875976562
2025-05-19,COST,LSTM,1034.3399658203125,1021.3312377929688,-13.00872802734375
2025-05-19,INTC,LSTM,21.3799991607666,21.744108200073242,0.3641090393066406
2025-05-19,INTU,LSTM,670.8599853515625,668.204833984375,-2.6551513671875
2025-05-19,MSFT,LSTM,458.8699951171875,452.69158935546875,-6.17840576171875
2025-05-19,QCOM,LSTM,153.70001220703125,152.48028564453125,-1.2197265625
2025-05-19,SBUX,LSTM,84.61000061035156,85.60331726074219,0.993316650390625
2025-05-20,AAPL,LSTM,206.86000061035156,208.60931396484375,1.7493133544921875
2025-05-20,ADBE,LSTM,417.6099853515625,421.00433349609375,3.39434814453125
2025-05-20,AMD,LSTM,113.50999450683594,114.88485717773438,1.3748626708984375
2025-05-20,CMCSA,LSTM,33.35519790649414,33.24099349975586,-0.11420440673828125
2025-05-20,COST,LSTM,1036.8199462890625,1029.649169921875,-7.1707763671875
2025-05-20,INTC,LSTM,21.270000457763672,21.465774536132812,0.19577407836914062
2025-05-20,INTU,LSTM,671.1600341796875,668.7324829101562,-2.42755126953125
2025-05-20,MSFT,LSTM,458.16998291015625,457.2237548828125,-0.94622802734375
2025-05-20,QCOM,LSTM,153.82000732421875,153.67063903808594,-0.1493682861328125
2025-05-20,SBUX,LSTM,85.58999633789062,84.65289306640625,-0.937103271484375
2025-05-21,AAPL,LSTM,202.08999633789062,206.9026641845703,4.8126678466796875
2025-05-21,ADBE,LSTM,414.0299987792969,418.26324462890625,4.233245849609375
2025-05-21,AMD,LSTM,112.05999755859375,113.80648803710938,1.746490478515625
2025-05-21,CMCSA,LSTM,32.89596939086914,33.39157485961914,0.49560546875
2025-05-21,COST,LSTM,1025.300048828125,1034.19580078125,8.895751953125
2025-05-21,INTC,LSTM,20.69000244140625,21.37557029724121,0.6855678558349609
2025-05-21,INTU,LSTM,659.97998046875,670.0333251953125,10.0533447265625
2025-05-21,MSFT,LSTM,452.57000732421875,457.24383544921875,4.673828125
2025-05-21,QCOM,LSTM,151.30999755859375,153.97171020507812,2.661712646484375
2025-05-21,SBUX,LSTM,82.98001098632812,85.67755126953125,2.697540283203125
2025-05-22,AAPL,LSTM,201.36000061035156,202.04055786132812,0.6805572509765625
2025-05-22,ADBE,LSTM,414.33001708984375,414.2815246582031,-0.048492431640625
2025-05-22,AMD,LSTM,110.70999145507812,112.17770385742188,1.46771240234375
2025-05-22,CMCSA,LSTM,32.41799545288086,32.91432571411133,0.49633026123046875
2025-05-22,COST,LSTM,1018.1299438476562,1022.4070434570312,4.277099609375
2025-05-22,INTC,LSTM,20.55000114440918,20.74748420715332,0.19748306274414062
2025-05-22,INTU,LSTM,666.070068359375,658.739013671875,-7.3310546875
2025-05-22,MSFT,LSTM,454.8599853515625,451.58282470703125,-3.27716064453125
2025-05-22,QCOM,LSTM,147.3699951171875,151.31564331054688,3.945648193359375
2025-05-22,SBUX,LSTM,83.97000122070312,83.01858520507812,-0.951416015625
2025-05-23,AAPL,LSTM,195.27000427246094,201.32249450683594,6.052490234375
2025-05-23,ADBE,LSTM,407.69000244140625,414.5841369628906,6.894134521484375
2025-05-23,AMD,LSTM,110.30999755859375,110.83529663085938,0.525299072265625
2025-05-23,CMCSA,LSTM,32.352386474609375,32.4384651184082,0.08607864379882812
2025-05-23,COST,LSTM,1008.5,1015.3173828125,6.8173828125
2025-05-23,INTC,LSTM,20.049999237060547,20.608428955078125,0.5584297180175781
2025-05-23,INTU,LSTM,720.1300048828125,664.8081665039062,-55.32183837890625
2025-05-23,MSFT,LSTM,450.17999267578125,453.86798095703125,3.68798828125
2025-05-23,QCOM,LSTM,145.3800048828125,147.39736938476562,2.017364501953125
2025-05-23,SBUX,LSTM,84.40000915527344,84.00699615478516,-0.39301300048828125
2025-05-27,AAPL,LSTM,200.21002197265625,195.4954833984375,-4.71453857421875
2025-05-27,ADBE,LSTM,413.0999755859375,408.59490966796875,-4.50506591796875
2025-05-27,AMD,LSTM,114.55998992919922,110.71543884277344,-3.8445510864257812
2025-05-27,CMCSA,LSTM,32.75539016723633,32.40038299560547,-0.3550071716308594
2025-05-27,COST,LSTM,1017.7899780273438,1007.4216918945312,-10.3682861328125
2025-05-27,INTC,LSTM,20.55000114440918,20.174650192260742,-0.3753509521484375
2025-05-27,INTU,LSTM,751.9600830078125,719.3922119140625,-32.56787109375
2025-05-27,MSFT,LSTM,460.69000244140625,449.7686462402344,-10.921356201171875
2025-05-27,QCOM,LSTM,148.6300048828125,145.68954467773438,-2.940460205078125
2025-05-27,SBUX,LSTM,87.010009765625,84.52570343017578,-2.4843063354492188
2025-05-28,AAPL,LSTM,200.4199981689453,200.42202758789062,0.0020294189453125
2025-05-28,ADBE,LSTM,412.2300109863281,413.99139404296875,1.761383056640625
2025-05-28,AMD,LSTM,112.86000061035156,114.9508056640625,2.0908050537109375
2025-05-28,CMCSA,LSTM,32.455482482910156,32.80227279663086,0.3467903137207031
2025-05-28,COST,LSTM,1013.1400756835938,1016.676513671875,3.53643798828125
2025-05-28,INTC,LSTM,20.37000274658203,20.673553466796875,0.30355072021484375
2025-05-28,INTU,LSTM,754.449951171875,751.11328125,-3.336669921875
2025-05-28,MSFT,LSTM,457.3599853515625,460.21185302734375,2.85186767578125
2025-05-28,QCOM,LSTM,147.60000610351562,148.9298858642578,1.3298797607421875
2025-05-28,SBUX,LSTM,86.0,87.1252670288086,1.1252670288085938
2025-05-29,AAPL,LSTM,199.95001220703125,200.48037719726562,0.530364990234375
2025-05-29,ADBE,LSTM,413.3599853515625,412.697509765625,-0.6624755859375
2025-05-29,AMD,LSTM,113.02999877929688,113.0648193359375,0.034820556640625
2025-05-29,CMCSA,LSTM,32.12746047973633,32.484046936035156,0.3565864562988281
2025-05-29,COST,LSTM,1008.739990234375,1011.136474609375,2.396484375
2025-05-29,INTC,LSTM,20.25,20.447359085083008,0.1973590850830078
2025-05-29,INTU,LSTM,757.219970703125,752.9288940429688,-4.29107666015625
2025-05-29,MSFT,LSTM,458.67999267578125,456.578125,-2.10186767578125
2025-05-29,QCOM,LSTM,148.33999633789062,147.72618103027344,-0.6138153076171875
2025-05-29,SBUX,LSTM,84.05000305175781,86.05518341064453,2.0051803588867188
2025-05-30,AAPL,LSTM,200.85000610351562,200.05809020996094,-0.7919158935546875
2025-05-30,ADBE,LSTM,415.0899963378906,413.9261779785156,-1.163818359375
2025-05-30,AMD,LSTM,110.72999572753906,113.28067016601562,2.5506744384765625
2025-05-30,CMCSA,LSTM,32.39925003051758,32.16048049926758,-0.23876953125
2025-05-30,COST,LSTM,1040.1800537109375,1007.2495727539062,-32.93048095703125
2025-05-30,INTC,LSTM,19.549999237060547,20.334903717041016,0.7849044799804688
2025-05-30,INTU,LSTM,753.469970703125,755.951171875,2.481201171875
2025-05-30,MSFT,LSTM,460.3599853515625,458.0555419921875,-2.304443359375
2025-05-30,QCOM,LSTM,145.1999969482422,148.51414489746094,3.31414794921875
2025-05-30,SBUX,LSTM,83.94999694824219,84.12818908691406,0.178192138671875
2025-03-20,AAPL,LSTM-GNN No-Gate,214.10000610351562,215.24766540527344,1.1476593017578125
2025-03-20,ADBE,LSTM-GNN No-Gate,389.6099853515625,389.00714111328125,-0.60284423828125
2025-03-20,AMD,LSTM-GNN No-Gate,107.13999938964844,106.70346069335938,-0.4365386962890625
2025-03-20,CMCSA,LSTM-GNN No-Gate,34.20806121826172,33.869075775146484,-0.3389854431152344
2025-03-20,COST,LSTM-GNN No-Gate,895.4000244140625,903.3946533203125,7.99462890625
2025-03-20,INTC,LSTM-GNN No-Gate,23.959997177124023,24.241058349609375,0.28106117248535156
2025-03-20,INTU,LSTM-GNN No-Gate,600.4199829101562,602.9275512695312,2.507568359375
2025-03-20,MSFT,LSTM-GNN No-Gate,386.8399963378906,387.8135986328125,0.973602294921875
2025-03-20,QCOM,LSTM-GNN No-Gate,157.9499969482422,158.41944885253906,0.469451904296875
2025-03-20,SBUX,LSTM-GNN No-Gate,99.27999877929688,99.17861938476562,-0.10137939453125
2025-03-21,AAPL,LSTM-GNN No-Gate,218.27000427246094,213.95567321777344,-4.3143310546875
2025-03-21,ADBE,LSTM-GNN No-Gate,387.260009765625,390.01348876953125,2.75347900390625
2025-03-21,AMD,LSTM-GNN No-Gate,106.43999481201172,107.30436706542969,0.8643722534179688
2025-03-21,CMCSA,LSTM-GNN No-Gate,34.44236373901367,34.2213134765625,-0.22105026245117188
2025-03-21,COST,LSTM-GNN No-Gate,909.260009765625,894.0531005859375,-15.2069091796875
2025-03-21,INTC,LSTM-GNN No-Gate,24.259998321533203,24.006587982177734,-0.25341033935546875
2025-03-21,INTU,LSTM-GNN No-Gate,604.0399780273438,599.8418579101562,-4.1981201171875
2025-03-21,MSFT,LSTM-GNN No-Gate,391.2600402832031,386.5463562011719,-4.71368408203125
2025-03-21,QCOM,LSTM-GNN No-Gate,156.82000732421875,157.8874969482422,1.0674896240234375
2025-03-21,SBUX,LSTM-GNN No-Gate,97.07000732421875,99.2060546875,2.13604736328125
2025-03-24,AAPL,LSTM-GNN No-Gate,220.72998046875,218.2345428466797,-2.4954376220703125
2025-03-24,ADBE,LSTM-GNN No-Gate,394.4700012207031,387.8641662597656,-6.6058349609375
2025-03-24,AMD,LSTM-GNN No-Gate,113.84999084472656,106.6899185180664,-7.160072326660156
2025-03-24,CMCSA,LSTM-GNN No-Gate,34.301780700683594,34.4632568359375,0.16147613525390625
2025-03-24,COST,LSTM-GNN No-Gate,926.0399169921875,908.6937255859375,-17.34619140625
2025-03-24,INTC,LSTM-GNN No-Gate,24.21999740600586,24.325641632080078,0.10564422607421875
2025-03-24,INTU,LSTM-GNN No-Gate,613.090087890625,603.8436279296875,-9.2464599609375
2025-03-24,MSFT,LSTM-GNN No-Gate,393.08001708984375,391.18792724609375,-1.89208984375
2025-03-24,QCOM,LSTM-GNN No-Gate,160.0800018310547,156.88790893554688,-3.1920928955078125
2025-03-24,SBUX,LSTM-GNN No-Gate,95.72000122070312,97.05961608886719,1.3396148681640625
2025-03-25,AAPL,LSTM-GNN No-Gate,223.75,220.69692993164062,-3.053070068359375
2025-03-25,ADBE,LSTM-GNN No-Gate,403.6400146484375,395.1534423828125,-8.486572265625
2025-03-25,AMD,LSTM-GNN No-Gate,114.80999755859375,114.11079406738281,-0.6992034912109375
2025-03-25,CMCSA,LSTM-GNN No-Gate,34.62042999267578,34.32725524902344,-0.29317474365234375
2025-03-25,COST,LSTM-GNN No-Gate,930.260009765625,925.4658203125,-4.794189453125
2025-03-25,INTC,LSTM-GNN No-Gate,24.200000762939453,24.29784393310547,0.09784317016601562
2025-03-25,INTU,LSTM-GNN No-Gate,618.719970703125,612.895263671875,-5.82470703125
2025-03-25,MSFT,LSTM-GNN No-Gate,395.1600341796875,393.0278015136719,-2.132232666015625
2025-03-25,QCOM,LSTM-GNN No-Gate,160.14999389648438,160.1636199951172,0.0136260986328125
2025-03-25,SBUX,LSTM-GNN No-Gate,95.87998962402344,95.72569274902344,-0.154296875
2025-03-26,AAPL,LSTM-GNN No-Gate,221.52999877929688,223.992431640625,2.462432861328125
2025-03-26,ADBE,LSTM-GNN No-Gate,397.80999755859375,405.20001220703125,7.3900146484375
2025-03-26,AMD,LSTM-GNN No-Gate,110.19000244140625,115.45651245117188,5.266510009765625
2025-03-26,CMCSA,LSTM-GNN No-Gate,35.02342987060547,34.68425369262695,-0.3391761779785156
2025-03-26,COST,LSTM-GNN No-Gate,929.75,931.3101196289062,1.56011962890625
2025-03-26,INTC,LSTM-GNN No-Gate,23.420000076293945,24.378955841064453,0.9589557647705078
2025-03-26,INTU,LSTM-GNN No-Gate,614.8599853515625,619.3318481445312,4.47186279296875
2025-03-26,MSFT,LSTM-GNN No-Gate,389.97003173828125,395.64556884765625,5.675537109375
2025-03-26,QCOM,LSTM-GNN No-Gate,158.3900146484375,160.5888214111328,2.1988067626953125
2025-03-26,SBUX,LSTM-GNN No-Gate,97.97000122070312,96.0101318359375,-1.959869384765625
2025-03-27,AAPL,LSTM-GNN No-Gate,223.85000610351562,221.5548858642578,-2.2951202392578125
2025-03-27,ADBE,LSTM-GNN No-Gate,396.1499938964844,398.3223571777344,2.17236328125
2025-03-27,AMD,LSTM-GNN No-Gate,106.64999389648438,110.4049072265625,3.754913330078125
2025-03-27,CMCSA,LSTM-GNN No-Gate,35.02342987060547,35.04189682006836,0.018466949462890625
2025-03-27,COST,LSTM-GNN No-Gate,938.75,929.6885986328125,-9.0614013671875
2025-03-27,INTC,LSTM-GNN No-Gate,23.619998931884766,23.481935501098633,-0.1380634307861328
2025-03-27,INTU,LSTM-GNN No-Gate,615.300048828125,614.8798828125,-0.420166015625
2025-03-27,MSFT,LSTM-GNN No-Gate,390.5799865722656,390.03802490234375,-0.541961669921875
2025-03-27,QCOM,LSTM-GNN No-Gate,157.97000122070312,158.49822998046875,0.528228759765625
2025-03-27,SBUX,LSTM-GNN No-Gate,98.85000610351562,97.98908996582031,-0.8609161376953125
2025-03-28,AAPL,LSTM-GNN No-Gate,217.90000915527344,223.92750549316406,6.027496337890625
2025-03-28,ADBE,LSTM-GNN No-Gate,385.7099914550781,397.032470703125,11.322479248046875
2025-03-28,AMD,LSTM-GNN No-Gate,103.22000122070312,107.0338134765625,3.813812255859375
2025-03-28,CMCSA,LSTM-GNN No-Gate,34.320526123046875,35.05588150024414,0.7353553771972656
2025-03-28,COST,LSTM-GNN No-Gate,929.6599731445312,938.9010009765625,9.24102783203125
2025-03-28,INTC,LSTM-GNN No-Gate,22.709999084472656,23.723121643066406,1.01312255859375
2025-03-28,INTU,LSTM-GNN No-Gate,598.9199829101562,615.4666748046875,16.54669189453125
2025-03-28,MSFT,LSTM-GNN No-Gate,378.79998779296875,390.770263671875,11.97027587890625
2025-03-28,QCOM,LSTM-GNN No-Gate,152.72000122070312,158.1871795654297,5.4671783447265625
2025-03-28,SBUX,LSTM-GNN No-Gate,97.7300033569336,98.89398193359375,1.1639785766601562
2025-03-31,AAPL,LSTM-GNN No-Gate,222.13002014160156,217.92657470703125,-4.2034454345703125
2025-03-31,ADBE,LSTM-GNN No-Gate,383.5299987792969,386.25433349609375,2.724334716796875
2025-03-31,AMD,LSTM-GNN No-Gate,102.739990234375,103.45658111572266,0.7165908813476562
2025-03-31,CMCSA,LSTM-GNN No-Gate,34.582942962646484,34.34027862548828,-0.24266433715820312
2025-03-31,COST,LSTM-GNN No-Gate,945.780029296875,929.5507202148438,-16.22930908203125
2025-03-31,INTC,LSTM-GNN No-Gate,22.709999084472656,22.77406883239746,0.06406974792480469
2025-03-31,INTU,LSTM-GNN No-Gate,613.989990234375,598.9588623046875,-15.0311279296875
2025-03-31,MSFT,LSTM-GNN No-Gate,375.3900146484375,378.8865051269531,3.496490478515625
2025-03-31,QCOM,LSTM-GNN No-Gate,153.61000061035156,152.83865356445312,-0.7713470458984375
2025-03-31,SBUX,LSTM-GNN No-Gate,98.08999633789062,97.74549865722656,-0.3444976806640625
2025-04-01,AAPL,LSTM-GNN No-Gate,223.19000244140625,222.12205505371094,-1.0679473876953125
2025-04-01,ADBE,LSTM-GNN No-Gate,383.20001220703125,384.2872314453125,1.08721923828125
2025-04-01,AMD,LSTM-GNN No-Gate,102.77999114990234,103.06703186035156,0.28704071044921875
2025-04-01,CMCSA,LSTM-GNN No-Gate,34.41424560546875,34.608238220214844,0.19399261474609375
2025-04-01,COST,LSTM-GNN No-Gate,954.4000244140625,945.3448486328125,-9.05517578125
2025-04-01,INTC,LSTM-GNN No-Gate,22.049999237060547,22.79876708984375,0.7487678527832031
2025-04-01,INTU,LSTM-GNN No-Gate,613.780029296875,613.8992919921875,0.1192626953125
2025-04-01,MSFT,LSTM-GNN No-Gate,382.19000244140625,375.4791564941406,-6.710845947265625
2025-04-01,QCOM,LSTM-GNN No-Gate,153.0500030517578,153.75039672851562,0.7003936767578125
2025-04-01,SBUX,LSTM-GNN No-Gate,98.2300033569336,98.09758758544922,-0.132415771484375
2025-04-02,AAPL,LSTM-GNN No-Gate,223.88998413085938,223.05807495117188,-0.8319091796875
2025-04-02,ADBE,LSTM-GNN No-Gate,385.7799987792969,383.455810546875,-2.324188232421875
2025-04-02,AMD,LSTM-GNN No-Gate,102.95999145507812,102.88887786865234,-0.07111358642578125
2025-04-02,CMCSA,LSTM-GNN No-Gate,34.31114959716797,34.41973114013672,0.10858154296875
2025-04-02,COST,LSTM-GNN No-Gate,965.0800170898438,953.330810546875,-11.74920654296875
2025-04-02,INTC,LSTM-GNN No-Gate,21.979999542236328,22.086074829101562,0.10607528686523438
2025-04-02,INTU,LSTM-GNN No-Gate,620.9099731445312,613.3546752929688,-7.5552978515625
2025-04-02,MSFT,LSTM-GNN No-Gate,382.1400146484375,382.01617431640625,-0.12384033203125
2025-04-02,QCOM,LSTM-GNN No-Gate,154.0800018310547,153.02035522460938,-1.0596466064453125
2025-04-02,SBUX,LSTM-GNN No-Gate,99.41000366210938,98.18539428710938,-1.224609375
2025-04-03,AAPL,LSTM-GNN No-Gate,203.19000244140625,223.91665649414062,20.726654052734375
2025-04-03,ADBE,LSTM-GNN No-Gate,367.25,386.5262451171875,19.2762451171875
2025-04-03,AMD,LSTM-GNN No-Gate,93.80000305175781,103.28533172607422,9.485328674316406
2025-04-03,CMCSA,LSTM-GNN No-Gate,33.4770393371582,34.33849334716797,0.8614540100097656
2025-04-03,COST,LSTM-GNN No-Gate,967.0800170898438,964.8938598632812,-2.1861572265625
2025-04-03,INTC,LSTM-GNN No-Gate,22.42999839782715,22.070842742919922,-0.35915565490722656
2025-04-03,INTU,LSTM-GNN No-Gate,598.530029296875,620.9268188476562,22.39678955078125
2025-04-03,MSFT,LSTM-GNN No-Gate,373.1099853515625,382.2694091796875,9.159423828125
2025-04-03,QCOM,LSTM-GNN No-Gate,139.4199981689453,154.2443084716797,14.824310302734375
2025-04-03,SBUX,LSTM-GNN No-Gate,88.26000213623047,99.42887878417969,11.168876647949219
2025-04-04,AAPL,LSTM-GNN No-Gate,188.3800048828125,203.08958435058594,14.709579467773438
2025-04-04,ADBE,LSTM-GNN No-Gate,349.0699768066406,367.4682312011719,18.39825439453125
2025-04-04,AMD,LSTM-GNN No-Gate,85.75999450683594,93.90201568603516,8.142021179199219
2025-04-04,CMCSA,LSTM-GNN No-Gate,31.283973693847656,33.4818115234375,2.1978378295898438
2025-04-04,COST,LSTM-GNN No-Gate,916.47998046875,965.7344360351562,49.25445556640625
2025-04-04,INTC,LSTM-GNN No-Gate,19.850000381469727,22.453166961669922,2.6031665802001953
2025-04-04,INTU,LSTM-GNN No-Gate,561.530029296875,598.0387573242188,36.50872802734375
2025-04-04,MSFT,LSTM-GNN No-Gate,359.84002685546875,372.89215087890625,13.0521240234375
2025-04-04,QCOM,LSTM-GNN No-Gate,127.46000671386719,139.3984832763672,11.9384765625
2025-04-04,SBUX,LSTM-GNN No-Gate,82.10000610351562,88.23593139648438,6.13592529296875
2025-04-07,AAPL,LSTM-GNN No-Gate,181.4600067138672,188.2428436279297,6.7828369140625
2025-04-07,ADBE,LSTM-GNN No-Gate,340.70001220703125,349.0776062011719,8.377593994140625
2025-04-07,AMD,LSTM-GNN No-Gate,83.6399917602539,85.77203369140625,2.1320419311523438
2025-04-07,CMCSA,LSTM-GNN No-Gate,31.368322372436523,31.285926818847656,-0.08239555358886719
2025-04-07,COST,LSTM-GNN No-Gate,908.1300048828125,914.7703857421875,6.640380859375
2025-04-07,INTC,LSTM-GNN No-Gate,19.56999969482422,19.85325050354004,0.2832508087158203
2025-04-07,INTU,LSTM-GNN No-Gate,556.239990234375,560.89501953125,4.655029296875
2025-04-07,MSFT,LSTM-GNN No-Gate,357.8599853515625,359.487548828125,1.6275634765625
2025-04-07,QCOM,LSTM-GNN No-Gate,129.72000122070312,127.369873046875,-2.350128173828125
2025-04-07,SBUX,LSTM-GNN No-Gate,80.0,82.06206512451172,2.0620651245117188
2025-04-08,AAPL,LSTM-GNN No-Gate,172.4199981689453,181.56387329101562,9.143875122070312
2025-04-08,ADBE,LSTM-GNN No-Gate,340.0,341.2778015136719,1.277801513671875
2025-04-08,AMD,LSTM-GNN No-Gate,78.20999908447266,83.89166259765625,5.681663513183594
2025-04-08,CMCSA,LSTM-GNN No-Gate,30.77787971496582,31.393327713012695,0.615447998046875
2025-04-08,COST,LSTM-GNN No-Gate,908.75,907.7926025390625,-0.9573974609375
2025-04-08,INTC,LSTM-GNN No-Gate,18.12999725341797,19.63113021850586,1.5011329650878906
2025-04-08,INTU,LSTM-GNN No-Gate,544.0700073242188,556.2837524414062,12.2137451171875
2025-04-08,MSFT,LSTM-GNN No-Gate,354.55999755859375,357.9329528808594,3.372955322265625
2025-04-08,QCOM,LSTM-GNN No-Gate,124.6600112915039,129.86647033691406,5.206459045410156
2025-04-08,SBUX,LSTM-GNN No-Gate,79.69000244140625,80.05667114257812,0.366668701171875
2025-04-09,AAPL,LSTM-GNN No-Gate,198.85000610351562,172.2735137939453,-26.576492309570312
2025-04-09,ADBE,LSTM-GNN No-Gate,364.6400146484375,339.80670166015625,-24.83331298828125
2025-04-09,AMD,LSTM-GNN No-Gate,96.83999633789062,78.13101959228516,-18.70897674560547
2025-04-09,CMCSA,LSTM-GNN No-Gate,32.970947265625,30.769908905029297,-2.201038360595703
2025-04-09,COST,LSTM-GNN No-Gate,965.1900024414062,906.5060424804688,-58.6839599609375
2025-04-09,INTC,LSTM-GNN No-Gate,21.53000259399414,18.110628128051758,-3.419374465942383
2025-04-09,INTU,LSTM-GNN No-Gate,596.47998046875,543.2677001953125,-53.2122802734375
2025-04-09,MSFT,LSTM-GNN No-Gate,390.489990234375,354.07598876953125,-36.41400146484375
2025-04-09,QCOM,LSTM-GNN No-Gate,143.58999633789062,124.48737335205078,-19.102622985839844
2025-04-09,SBUX,LSTM-GNN No-Gate,88.68000793457031,79.63162231445312,-9.048385620117188
2025-04-10,AAPL,LSTM-GNN No-Gate,190.42001342773438,198.80377197265625,8.383758544921875
2025-04-10,ADBE,LSTM-GNN No-Gate,350.04998779296875,364.7872619628906,14.737274169921875
2025-04-10,AMD,LSTM-GNN No-Gate,88.69999694824219,96.89070129394531,8.190704345703125
2025-04-10,CMCSA,LSTM-GNN No-Gate,31.565135955810547,32.975181579589844,1.4100456237792969
2025-04-10,COST,LSTM-GNN No-Gate,964.31005859375,964.0512084960938,-0.25885009765625
2025-04-10,INTC,LSTM-GNN No-Gate,19.880001068115234,21.545528411865234,1.66552734375
2025-04-10,INTU,LSTM-GNN No-Gate,577.469970703125,596.1199951171875,18.6500244140625
2025-04-10,MSFT,LSTM-GNN No-Gate,381.3500061035156,390.2776794433594,8.92767333984375
2025-04-10,QCOM,LSTM-GNN No-Gate,134.39999389648438,143.56759643554688,9.1676025390625
2025-04-10,SBUX,LSTM-GNN No-Gate,84.5999984741211,88.6668472290039,4.0668487548828125
2025-04-11,AAPL,LSTM-GNN No-Gate,198.14999389648438,190.4888916015625,-7.661102294921875
2025-04-11,ADBE,LSTM-GNN No-Gate,352.469970703125,350.38104248046875,-2.08892822265625
2025-04-11,AMD,LSTM-GNN No-Gate,93.39999389648438,88.84178924560547,-4.558204650878906
2025-04-11,CMCSA,LSTM-GNN No-Gate,31.602622985839844,31.57965660095215,-0.022966384887695312
2025-04-11,COST,LSTM-GNN No-Gate,963.409912109375,964.138671875,0.728759765625
2025-04-11,INTC,LSTM-GNN No-Gate,19.739999771118164,19.915882110595703,0.17588233947753906
2025-04-11,INTU,LSTM-GNN No-Gate,587.0399780273438,577.5390014648438,-9.5009765625
2025-04-11,MSFT,LSTM-GNN No-Gate,388.45001220703125,381.40155029296875,-7.0484619140625
2025-04-11,QCOM,LSTM-GNN No-Gate,139.25,134.49978637695312,-4.750213623046875
2025-04-11,SBUX,LSTM-GNN No-Gate,85.43000793457031,84.63287353515625,-0.7971343994140625
2025-04-14,AAPL,LSTM-GNN No-Gate,202.52001953125,198.31005859375,-4.2099609375
2025-04-14,ADBE,LSTM-GNN No-Gate,350.9100036621094,353.3507995605469,2.4407958984375
2025-04-14,AMD,LSTM-GNN No-Gate,94.5,93.764892578125,-0.735107421875
2025-04-14,CMCSA,LSTM-GNN No-Gate,32.00562286376953,31.641681671142578,-0.3639411926269531
2025-04-14,COST,LSTM-GNN No-Gate,979.320068359375,963.097900390625,-16.22216796875
2025-04-14,INTC,LSTM-GNN No-Gate,20.309999465942383,19.836767196655273,-0.4732322692871094
2025-04-14,INTU,LSTM-GNN No-Gate,593.5499877929688,587.2249755859375,-6.32501220703125
2025-04-14,MSFT,LSTM-GNN No-Gate,387.80999755859375,388.58013916015625,0.7701416015625
2025-04-14,QCOM,LSTM-GNN No-Gate,139.19000244140625,139.50262451171875,0.3126220703125
2025-04-14,SBUX,LSTM-GNN No-Gate,85.48999786376953,85.51638793945312,0.02639007568359375
2025-04-15,AAPL,LSTM-GNN No-Gate,202.1400146484375,202.65188598632812,0.511871337890625
2025-04-15,ADBE,LSTM-GNN No-Gate,350.3800048828125,351.83074951171875,1.45074462890625
2025-04-15,AMD,LSTM-GNN No-Gate,95.29000091552734,94.87208557128906,-0.41791534423828125
2025-04-15,CMCSA,LSTM-GNN No-Gate,32.239925384521484,32.0448112487793,-0.1951141357421875
2025-04-15,COST,LSTM-GNN No-Gate,976.9200439453125,978.710205078125,1.7901611328125
2025-04-15,INTC,LSTM-GNN No-Gate,19.85000228881836,20.408689498901367,0.5586872100830078
2025-04-15,INTU,LSTM-GNN No-Gate,594.0800170898438,593.6438598632812,-0.4361572265625
2025-04-15,MSFT,LSTM-GNN No-Gate,385.73004150390625,387.903076171875,2.17303466796875
2025-04-15,QCOM,LSTM-GNN No-Gate,138.60000610351562,139.44276428222656,0.8427581787109375
2025-04-15,SBUX,LSTM-GNN No-Gate,83.70999908447266,85.57642364501953,1.866424560546875
2025-04-16,AAPL,LSTM-GNN No-Gate,194.27000427246094,202.21392822265625,7.9439239501953125
2025-04-16,ADBE,LSTM-GNN No-Gate,344.19000244140625,351.02545166015625,6.83544921875
2025-04-16,AMD,LSTM-GNN No-Gate,88.29000091552734,95.54501342773438,7.255012512207031
2025-04-16,CMCSA,LSTM-GNN No-Gate,31.44329833984375,32.266456604003906,0.8231582641601562
2025-04-16,COST,LSTM-GNN No-Gate,967.75,976.23876953125,8.48876953125
2025-04-16,INTC,LSTM-GNN No-Gate,19.23000144958496,19.919981002807617,0.6899795532226562
2025-04-16,INTU,LSTM-GNN No-Gate,588.0800170898438,594.05908203125,5.97906494140625
2025-04-16,MSFT,LSTM-GNN No-Gate,371.6099853515625,385.7548522949219,14.144866943359375
2025-04-16,QCOM,LSTM-GNN No-Gate,135.74000549316406,138.76856994628906,3.028564453125
2025-04-16,SBUX,LSTM-GNN No-Gate,80.76000213623047,83.77227783203125,3.0122756958007812
2025-04-17,AAPL,LSTM-GNN No-Gate,196.97999572753906,194.14553833007812,-2.8344573974609375
2025-04-17,ADBE,LSTM-GNN No-Gate,348.79998779296875,344.32415771484375,-4.475830078125
2025-04-17,AMD,LSTM-GNN No-Gate,87.5,88.32173919677734,0.8217391967773438
2025-04-17,CMCSA,LSTM-GNN No-Gate,31.874414443969727,31.447906494140625,-0.42650794982910156
2025-04-17,COST,LSTM-GNN No-Gate,994.5,965.4710083007812,-29.02899169921875
2025-04-17,INTC,LSTM-GNN No-Gate,18.93000030517578,19.244028091430664,0.3140277862548828
2025-04-17,INTU,LSTM-GNN No-Gate,585.3800048828125,587.3511352539062,1.97113037109375
2025-04-17,MSFT,LSTM-GNN No-Gate,367.780029296875,371.2340087890625,3.4539794921875
2025-04-17,QCOM,LSTM-GNN No-Gate,136.66000366210938,135.6680450439453,-0.9919586181640625
2025-04-17,SBUX,LSTM-GNN No-Gate,81.5,80.74755096435547,-0.7524490356445312
2025-04-21,AAPL,LSTM-GNN No-Gate,193.16000366210938,196.8937530517578,3.7337493896484375
2025-04-21,ADBE,LSTM-GNN No-Gate,343.219970703125,348.83587646484375,5.61590576171875
2025-04-21,AMD,LSTM-GNN No-Gate,85.55999755859375,87.50695037841797,1.9469528198242188
2025-04-21,CMCSA,LSTM-GNN No-Gate,31.490158081054688,31.874868392944336,0.38471031188964844
2025-04-21,COST,LSTM-GNN No-Gate,957.77001953125,993.0645751953125,35.2945556640625
2025-04-21,INTC,LSTM-GNN No-Gate,18.84000015258789,18.935232162475586,0.09523200988769531
2025-04-21,INTU,LSTM-GNN No-Gate,568.8400268554688,584.940673828125,16.10064697265625
2025-04-21,MSFT,LSTM-GNN No-Gate,359.1199951171875,367.5611877441406,8.441192626953125
2025-04-21,QCOM,LSTM-GNN No-Gate,136.13999938964844,136.603515625,0.4635162353515625
2025-04-21,SBUX,LSTM-GNN No-Gate,80.68000793457031,81.48754119873047,0.8075332641601562
2025-04-22,AAPL,LSTM-GNN No-Gate,199.74000549316406,192.99365234375,-6.7463531494140625
2025-04-22,ADBE,LSTM-GNN No-Gate,349.9100036621094,343.295166015625,-6.614837646484375
2025-04-22,AMD,LSTM-GNN No-Gate,86.26000213623047,85.57183074951172,-0.68817138671875
2025-04-22,CMCSA,LSTM-GNN No-Gate,32.05248260498047,31.491443634033203,-0.5610389709472656
2025-04-22,COST,LSTM-GNN No-Gate,979.22998046875,955.3589477539062,-23.87103271484375
2025-04-22,INTC,LSTM-GNN No-Gate,19.510000228881836,18.849140167236328,-0.6608600616455078
2025-04-22,INTU,LSTM-GNN No-Gate,583.5599975585938,568.0673217773438,-15.49267578125
2025-04-22,MSFT,LSTM-GNN No-Gate,366.82000732421875,358.7225341796875,-8.09747314453125
2025-04-22,QCOM,LSTM-GNN No-Gate,138.74000549316406,136.01058959960938,-2.7294158935546875
2025-04-22,SBUX,LSTM-GNN No-Gate,81.75,80.65241241455078,-1.0975875854492188
2025-04-23,AAPL,LSTM-GNN No-Gate,204.60000610351562,199.65269470214844,-4.9473114013671875
2025-04-23,ADBE,LSTM-GNN No-Gate,351.9599914550781,349.94830322265625,-2.011688232421875
2025-04-23,AMD,LSTM-GNN No-Gate,90.38999938964844,86.27263641357422,-4.117362976074219
2025-04-23,CMCSA,LSTM-GNN No-Gate,32.3055305480957,32.05308532714844,-0.2524452209472656
2025-04-23,COST,LSTM-GNN No-Gate,975.8400268554688,977.65087890625,1.81085205078125
2025-04-23,INTC,LSTM-GNN No-Gate,20.590002059936523,19.514554977416992,-1.0754470825195312
2025-04-23,INTU,LSTM-GNN No-Gate,596.0499877929688,583.1190185546875,-12.93096923828125
2025-04-23,MSFT,LSTM-GNN No-Gate,374.3900146484375,366.6125183105469,-7.777496337890625
2025-04-23,QCOM,LSTM-GNN No-Gate,140.46002197265625,138.68666076660156,-1.7733612060546875
2025-04-23,SBUX,LSTM-GNN No-Gate,82.80999755859375,81.7398681640625,-1.07012939453125
2025-04-24,AAPL,LSTM-GNN No-Gate,208.3699951171875,204.44813537597656,-3.9218597412109375
2025-04-24,ADBE,LSTM-GNN No-Gate,360.9100036621094,352.05084228515625,-8.859161376953125
2025-04-24,AMD,LSTM-GNN No-Gate,94.4699935913086,90.4150619506836,-4.054931640625
2025-04-24,CMCSA,LSTM-GNN No-Gate,31.10590171813965,32.306922912597656,1.2010211944580078
2025-04-24,COST,LSTM-GNN No-Gate,975.47998046875,973.5753784179688,-1.90460205078125
2025-04-24,INTC,LSTM-GNN No-Gate,21.489999771118164,20.598224639892578,-0.8917751312255859
2025-04-24,INTU,LSTM-GNN No-Gate,614.8299560546875,595.3408813476562,-19.48907470703125
2025-04-24,MSFT,LSTM-GNN No-Gate,387.29998779296875,374.0509948730469,-13.248992919921875
2025-04-24,QCOM,LSTM-GNN No-Gate,147.2100067138672,140.376953125,-6.8330535888671875
2025-04-24,SBUX,LSTM-GNN No-Gate,83.86000061035156,82.79340362548828,-1.0665969848632812
2025-04-25,AAPL,LSTM-GNN No-Gate,209.28001403808594,208.32508850097656,-0.954925537109375
2025-04-25,ADBE,LSTM-GNN No-Gate,367.719970703125,361.2304992675781,-6.489471435546875
2025-04-25,AMD,LSTM-GNN No-Gate,96.64999389648438,94.59764099121094,-2.0523529052734375
2025-04-25,CMCSA,LSTM-GNN No-Gate,31.771318435668945,31.121952056884766,-0.6493663787841797
2025-04-25,COST,LSTM-GNN No-Gate,977.159912109375,974.2813720703125,-2.8785400390625
2025-04-25,INTC,LSTM-GNN No-Gate,20.049999237060547,21.523208618164062,1.4732093811035156
2025-04-25,INTU,LSTM-GNN No-Gate,624.1200561523438,614.4652709960938,-9.65478515625
2025-04-25,MSFT,LSTM-GNN No-Gate,391.85003662109375,387.15765380859375,-4.6923828125
2025-04-25,QCOM,LSTM-GNN No-Gate,148.55999755859375,147.23255920410156,-1.3274383544921875
2025-04-25,SBUX,LSTM-GNN No-Gate,83.80999755859375,83.88139343261719,0.0713958740234375
2025-04-28,AAPL,LSTM-GNN No-Gate,210.1400146484375,209.03280639648438,-1.107208251953125
2025-04-28,ADBE,LSTM-GNN No-Gate,368.6199951171875,367.51385498046875,-1.10614013671875
2025-04-28,AMD,LSTM-GNN No-Gate,96.3899917602539,96.54399871826172,0.1540069580078125
2025-04-28,CMCSA,LSTM-GNN No-Gate,31.64948272705078,31.763511657714844,0.1140289306640625
2025-04-28,COST,LSTM-GNN No-Gate,978.5399780273438,974.6605224609375,-3.87945556640625
2025-04-28,INTC,LSTM-GNN No-Gate,20.51000213623047,20.03121566772461,-0.4787864685058594
2025-04-28,INTU,LSTM-GNN No-Gate,618.22998046875,623.0916137695312,4.86163330078125
2025-04-28,MSFT,LSTM-GNN No-Gate,391.1600036621094,391.30230712890625,0.142303466796875
2025-04-28,QCOM,LSTM-GNN No-Gate,147.6199951171875,148.35313415527344,0.7331390380859375
2025-04-28,SBUX,LSTM-GNN No-Gate,83.9000015258789,83.75540161132812,-0.14459991455078125
2025-04-29,AAPL,LSTM-GNN No-Gate,211.21002197265625,209.94017028808594,-1.2698516845703125
2025-04-29,ADBE,LSTM-GNN No-Gate,370.9800109863281,368.4774475097656,-2.5025634765625
2025-04-29,AMD,LSTM-GNN No-Gate,96.05999755859375,96.31600189208984,0.25600433349609375
2025-04-29,CMCSA,LSTM-GNN No-Gate,31.808807373046875,31.644765853881836,-0.16404151916503906
2025-04-29,COST,LSTM-GNN No-Gate,991.7000732421875,976.5342407226562,-15.16583251953125
2025-04-29,INTC,LSTM-GNN No-Gate,20.34000015258789,20.497900009155273,0.1578998565673828
2025-04-29,INTU,LSTM-GNN No-Gate,623.1500854492188,617.4113159179688,-5.73876953125
2025-04-29,MSFT,LSTM-GNN No-Gate,394.0400085449219,390.71856689453125,-3.321441650390625
2025-04-29,QCOM,LSTM-GNN No-Gate,146.8800048828125,147.4605712890625,0.58056640625
2025-04-29,SBUX,LSTM-GNN No-Gate,84.8499984741211,83.85872650146484,-0.99127197265625
2025-04-30,AAPL,LSTM-GNN No-Gate,212.50001525878906,211.16482543945312,-1.3351898193359375
2025-04-30,ADBE,LSTM-GNN No-Gate,374.9800109863281,371.44287109375,-3.537139892578125
2025-04-30,AMD,LSTM-GNN No-Gate,97.34999084472656,96.25687408447266,-1.0931167602539062
2025-04-30,CMCSA,LSTM-GNN No-Gate,32.05248260498047,31.831422805786133,-0.22105979919433594
2025-04-30,COST,LSTM-GNN No-Gate,994.5,990.1016235351562,-4.39837646484375
2025-04-30,INTC,LSTM-GNN No-Gate,20.10000228881836,20.395700454711914,0.2956981658935547
2025-04-30,INTU,LSTM-GNN No-Gate,627.469970703125,622.6547241210938,-4.81524658203125
2025-04-30,MSFT,LSTM-GNN No-Gate,395.260009765625,393.8543701171875,-1.4056396484375
2025-04-30,QCOM,LSTM-GNN No-Gate,148.4600067138672,146.94699096679688,-1.5130157470703125
2025-04-30,SBUX,LSTM-GNN No-Gate,80.05000305175781,84.88885498046875,4.8388519287109375
2025-05-01,AAPL,LSTM-GNN No-Gate,213.32000732421875,212.15774536132812,-1.162261962890625
2025-05-01,ADBE,LSTM-GNN No-Gate,374.6299743652344,374.49371337890625,-0.136260986328125
2025-05-01,AMD,LSTM-GNN No-Gate,96.64999389648438,97.12763214111328,0.47763824462890625
2025-05-01,CMCSA,LSTM-GNN No-Gate,31.69634437561035,32.03243637084961,0.3360919952392578
2025-05-01,COST,LSTM-GNN No-Gate,999.0399780273438,991.5712890625,-7.46868896484375
2025-05-01,INTC,LSTM-GNN No-Gate,19.98000144958496,20.054218292236328,0.07421684265136719
2025-05-01,INTU,LSTM-GNN No-Gate,623.1900024414062,626.2059326171875,3.01593017578125
2025-05-01,MSFT,LSTM-GNN No-Gate,425.4000244140625,394.5438537597656,-30.856170654296875
2025-05-01,QCOM,LSTM-GNN No-Gate,135.2100067138672,148.15066528320312,12.940658569335938
2025-05-01,SBUX,LSTM-GNN No-Gate,82.01000213623047,79.96903991699219,-2.0409622192382812
2025-05-02,AAPL,LSTM-GNN No-Gate,205.35000610351562,213.16171264648438,7.81170654296875
2025-05-02,ADBE,LSTM-GNN No-Gate,380.8699645996094,374.5315246582031,-6.33843994140625
2025-05-02,AMD,LSTM-GNN No-Gate,98.80000305175781,96.60352325439453,-2.1964797973632812
2025-05-02,CMCSA,LSTM-GNN No-Gate,32.29615783691406,31.693584442138672,-0.6025733947753906
2025-05-02,COST,LSTM-GNN No-Gate,1008.2999877929688,997.396728515625,-10.90325927734375
2025-05-02,INTC,LSTM-GNN No-Gate,20.6200008392334,19.974300384521484,-0.6457004547119141
2025-05-02,INTU,LSTM-GNN No-Gate,631.6800537109375,622.5430908203125,-9.136962890625
2025-05-02,MSFT,LSTM-GNN No-Gate,435.2799987792969,424.9696350097656,-10.31036376953125
2025-05-02,QCOM,LSTM-GNN No-Gate,139.80999755859375,135.12261962890625,-4.6873779296875
2025-05-02,SBUX,LSTM-GNN No-Gate,84.69000244140625,81.98709869384766,-2.7029037475585938
2025-05-05,AAPL,LSTM-GNN No-Gate,198.88999938964844,205.41326904296875,6.5232696533203125
2025-05-05,ADBE,LSTM-GNN No-Gate,381.05999755859375,381.5685119628906,0.508514404296875
2025-05-05,AMD,LSTM-GNN No-Gate,100.58999633789062,99.1084976196289,-1.4814987182617188
2025-05-05,CMCSA,LSTM-GNN No-Gate,32.28678512573242,32.32961654663086,0.0428314208984375
2025-05-05,COST,LSTM-GNN No-Gate,1014.8900146484375,1007.1227416992188,-7.76727294921875
2025-05-05,INTC,LSTM-GNN No-Gate,20.270000457763672,20.705705642700195,0.43570518493652344
2025-05-05,INTU,LSTM-GNN No-Gate,632.1799926757812,631.398193359375,-0.78179931640625
2025-05-05,MSFT,LSTM-GNN No-Gate,436.1700134277344,435.0107421875,-1.159271240234375
2025-05-05,QCOM,LSTM-GNN No-Gate,139.44000244140625,140.0194549560547,0.5794525146484375
2025-05-05,SBUX,LSTM-GNN No-Gate,81.66000366210938,84.7688980102539,3.1088943481445312
2025-05-06,AAPL,LSTM-GNN No-Gate,198.510009765625,198.78587341308594,0.2758636474609375
2025-05-06,ADBE,LSTM-GNN No-Gate,382.9800109863281,381.1021728515625,-1.877838134765625
2025-05-06,AMD,LSTM-GNN No-Gate,98.6199951171875,100.60234832763672,1.9823532104492188
2025-05-06,CMCSA,LSTM-GNN No-Gate,32.32427215576172,32.29054260253906,-0.03372955322265625
2025-05-06,COST,LSTM-GNN No-Gate,1010.5,1012.8912353515625,2.3912353515625
2025-05-06,INTC,LSTM-GNN No-Gate,19.940000534057617,20.284095764160156,0.34409523010253906
2025-05-06,INTU,LSTM-GNN No-Gate,626.5499877929688,631.4220581054688,4.8720703125
2025-05-06,MSFT,LSTM-GNN No-Gate,433.30999755859375,435.58941650390625,2.2794189453125
2025-05-06,QCOM,LSTM-GNN No-Gate,139.89999389648438,139.39187622070312,-0.50811767578125
2025-05-06,SBUX,LSTM-GNN No-Gate,82.77999877929688,81.65499877929688,-1.125
2025-05-07,AAPL,LSTM-GNN No-Gate,196.25,198.54452514648438,2.294525146484375
2025-05-07,ADBE,LSTM-GNN No-Gate,384.9700012207031,383.4552307128906,-1.5147705078125
2025-05-07,AMD,LSTM-GNN No-Gate,100.36000061035156,98.83210754394531,-1.52789306640625
2025-05-07,CMCSA,LSTM-GNN No-Gate,32.230552673339844,32.34770584106445,0.11715316772460938
2025-05-07,COST,LSTM-GNN No-Gate,1007.1500244140625,1008.79150390625,1.6414794921875
2025-05-07,INTC,LSTM-GNN No-Gate,20.309999465942383,20.003734588623047,-0.30626487731933594
2025-05-07,INTU,LSTM-GNN No-Gate,641.1400146484375,626.0505981445312,-15.08941650390625
2025-05-07,MSFT,LSTM-GNN No-Gate,433.3499755859375,432.8553466796875,-0.49462890625
2025-05-07,QCOM,LSTM-GNN No-Gate,144.3000030517578,140.0227508544922,-4.277252197265625
2025-05-07,SBUX,LSTM-GNN No-Gate,82.70999908447266,82.83483123779297,0.1248321533203125
2025-05-08,AAPL,LSTM-GNN No-Gate,197.49002075195312,196.43911743164062,-1.0509033203125
2025-05-08,ADBE,LSTM-GNN No-Gate,383.989990234375,385.7117004394531,1.721710205078125
2025-05-08,AMD,LSTM-GNN No-Gate,101.69998931884766,100.68981170654297,-1.0101776123046875
2025-05-08,CMCSA,LSTM-GNN No-Gate,32.07122802734375,32.26538848876953,0.19416046142578125
2025-05-08,COST,LSTM-GNN No-Gate,1007.7100219726562,1007.1032104492188,-0.6068115234375
2025-05-08,INTC,LSTM-GNN No-Gate,21.000001907348633,20.398128509521484,-0.6018733978271484
2025-05-08,INTU,LSTM-GNN No-Gate,656.0800170898438,641.2767944335938,-14.80322265625
2025-05-08,MSFT,LSTM-GNN No-Gate,438.1700134277344,433.39056396484375,-4.779449462890625
2025-05-08,QCOM,LSTM-GNN No-Gate,145.10000610351562,144.55540466308594,-0.5446014404296875
2025-05-08,SBUX,LSTM-GNN No-Gate,82.19000244140625,82.80955505371094,0.6195526123046875
2025-05-09,AAPL,LSTM-GNN No-Gate,198.52999877929688,197.578369140625,-0.951629638671875
2025-05-09,ADBE,LSTM-GNN No-Gate,383.27996826171875,384.58599853515625,1.3060302734375
2025-05-09,AMD,LSTM-GNN No-Gate,102.8399887084961,101.95916748046875,-0.8808212280273438
2025-05-09,CMCSA,LSTM-GNN No-Gate,32.099342346191406,32.10122299194336,0.001880645751953125
2025-05-09,COST,LSTM-GNN No-Gate,1008.0900268554688,1006.3489990234375,-1.74102783203125
2025-05-09,INTC,LSTM-GNN No-Gate,21.420000076293945,21.075286865234375,-0.3447132110595703
2025-05-09,INTU,LSTM-GNN No-Gate,653.8800048828125,655.5667724609375,1.686767578125
2025-05-09,MSFT,LSTM-GNN No-Gate,438.73004150390625,437.79034423828125,-0.939697265625
2025-05-09,QCOM,LSTM-GNN No-Gate,145.17999267578125,145.25164794921875,0.0716552734375
2025-05-09,SBUX,LSTM-GNN No-Gate,80.30000305175781,82.264404296875,1.9644012451171875
2025-05-12,AAPL,LSTM-GNN No-Gate,210.79000854492188,198.56417846679688,-12.225830078125
2025-05-12,ADBE,LSTM-GNN No-Gate,395.94000244140625,383.7359619140625,-12.20404052734375
2025-05-12,AMD,LSTM-GNN No-Gate,108.12000274658203,103.02980041503906,-5.090202331542969
2025-05-12,CMCSA,LSTM-GNN No-Gate,32.539825439453125,32.123260498046875,-0.41656494140625
2025-05-12,COST,LSTM-GNN No-Gate,1016.1500244140625,1006.6063232421875,-9.543701171875
2025-05-12,INTC,LSTM-GNN No-Gate,22.18000030517578,21.478515625,-0.7014846801757812
2025-05-12,INTU,LSTM-GNN No-Gate,662.2999877929688,653.264404296875,-9.03558349609375
2025-05-12,MSFT,LSTM-GNN No-Gate,449.2600402832031,438.29150390625,-10.968536376953125
2025-05-12,QCOM,LSTM-GNN No-Gate,152.1199951171875,145.26808166503906,-6.8519134521484375
2025-05-12,SBUX,LSTM-GNN No-Gate,85.66999816894531,80.3604965209961,-5.309501647949219
2025-05-13,AAPL,LSTM-GNN No-Gate,212.92999267578125,210.76034545898438,-2.169647216796875
2025-05-13,ADBE,LSTM-GNN No-Gate,397.39996337890625,396.075927734375,-1.32403564453125
2025-05-13,AMD,LSTM-GNN No-Gate,112.45999145507812,108.17462921142578,-4.285362243652344
2025-05-13,CMCSA,LSTM-GNN No-Gate,32.60543441772461,32.547630310058594,-0.057804107666015625
2025-05-13,COST,LSTM-GNN No-Gate,999.0300903320312,1015.1713256835938,16.1412353515625
2025-05-13,INTC,LSTM-GNN No-Gate,22.559999465942383,22.19942283630371,-0.3605766296386719
2025-05-13,INTU,LSTM-GNN No-Gate,656.7999877929688,661.8681640625,5.06817626953125
2025-05-13,MSFT,LSTM-GNN No-Gate,449.1400146484375,448.943603515625,-0.1964111328125
2025-05-13,QCOM,LSTM-GNN No-Gate,151.33999633789062,152.12452697753906,0.7845306396484375
2025-05-13,SBUX,LSTM-GNN No-Gate,86.87998962402344,85.68209075927734,-1.1978988647460938
2025-05-14,AAPL,LSTM-GNN No-Gate,212.3300018310547,213.14466857910156,0.814666748046875
2025-05-14,ADBE,LSTM-GNN No-Gate,399.469970703125,398.48199462890625,-0.98797607421875
2025-05-14,AMD,LSTM-GNN No-Gate,117.7199935913086,112.92015075683594,-4.799842834472656
2025-05-14,CMCSA,LSTM-GNN No-Gate,32.38987731933594,32.65705490112305,0.2671775817871094
2025-05-14,COST,LSTM-GNN No-Gate,991.5399780273438,998.8480834960938,7.30810546875
2025-05-14,INTC,LSTM-GNN No-Gate,21.520002365112305,22.686115264892578,1.1661128997802734
2025-05-14,INTU,LSTM-GNN No-Gate,652.830078125,656.807861328125,3.977783203125
2025-05-14,MSFT,LSTM-GNN No-Gate,452.94000244140625,449.0462646484375,-3.89373779296875
2025-05-14,QCOM,LSTM-GNN No-Gate,152.97999572753906,151.6937255859375,-1.2862701416015625
2025-05-14,SBUX,LSTM-GNN No-Gate,86.54000091552734,87.01730346679688,0.47730255126953125
2025-05-15,AAPL,LSTM-GNN No-Gate,211.4499969482422,212.19338989257812,0.7433929443359375
2025-05-15,ADBE,LSTM-GNN No-Gate,404.69000244140625,400.16607666015625,-4.52392578125
2025-05-15,AMD,LSTM-GNN No-Gate,114.989990234375,117.94000244140625,2.95001220703125
2025-05-15,CMCSA,LSTM-GNN No-Gate,33.11152648925781,32.431007385253906,-0.6805191040039062
2025-05-15,COST,LSTM-GNN No-Gate,1010.469970703125,987.8359375,-22.634033203125
2025-05-15,INTC,LSTM-GNN No-Gate,21.549999237060547,21.62380599975586,0.0738067626953125
2025-05-15,INTU,LSTM-GNN No-Gate,661.3099975585938,651.1574096679688,-10.152587890625
2025-05-15,MSFT,LSTM-GNN No-Gate,453.1300354003906,451.53173828125,-1.598297119140625
2025-05-15,QCOM,LSTM-GNN No-Gate,152.61000061035156,153.0380859375,0.4280853271484375
2025-05-15,SBUX,LSTM-GNN No-Gate,87.260009765625,86.59526824951172,-0.6647415161132812
2025-05-16,AAPL,LSTM-GNN No-Gate,211.25999450683594,211.41915893554688,0.1591644287109375
2025-05-16,ADBE,LSTM-GNN No-Gate,417.1300048828125,405.0314636230469,-12.098541259765625
2025-05-16,AMD,LSTM-GNN No-Gate,117.16999816894531,115.11514282226562,-2.0548553466796875
2025-05-16,CMCSA,LSTM-GNN No-Gate,33.252105712890625,33.129940032958984,-0.12216567993164062
2025-05-16,COST,LSTM-GNN No-Gate,1025.8299560546875,1009.020751953125,-16.8092041015625
2025-05-16,INTC,LSTM-GNN No-Gate,21.660001754760742,21.601165771484375,-0.05883598327636719
2025-05-16,INTU,LSTM-GNN No-Gate,670.280029296875,660.6608276367188,-9.61920166015625
2025-05-16,MSFT,LSTM-GNN No-Gate,454.26995849609375,452.5904235839844,-1.679534912109375
2025-05-16,QCOM,LSTM-GNN No-Gate,152.5,152.66189575195312,0.161895751953125
2025-05-16,SBUX,LSTM-GNN No-Gate,85.56999969482422,87.29029846191406,1.7202987670898438
2025-05-19,AAPL,LSTM-GNN No-Gate,208.77999877929688,211.40447998046875,2.624481201171875
2025-05-19,ADBE,LSTM-GNN No-Gate,420.67999267578125,417.8269348144531,-2.853057861328125
2025-05-19,AMD,LSTM-GNN No-Gate,114.739990234375,117.46964263916016,2.7296524047851562
2025-05-19,CMCSA,LSTM-GNN No-Gate,33.21461868286133,33.28652572631836,0.07190704345703125
2025-05-19,COST,LSTM-GNN No-Gate,1034.3399658203125,1025.692626953125,-8.6473388671875
2025-05-19,INTC,LSTM-GNN No-Gate,21.3799991607666,21.750497817993164,0.3704986572265625
2025-05-19,INTU,LSTM-GNN No-Gate,670.8599853515625,670.26416015625,-0.5958251953125
2025-05-19,MSFT,LSTM-GNN No-Gate,458.8699951171875,454.199462890625,-4.6705322265625
2025-05-19,QCOM,LSTM-GNN No-Gate,153.70001220703125,152.73556518554688,-0.964447021484375
2025-05-19,SBUX,LSTM-GNN No-Gate,84.61000061035156,85.6648941040039,1.0548934936523438
2025-05-20,AAPL,LSTM-GNN No-Gate,206.86000061035156,208.87596130371094,2.015960693359375
2025-05-20,ADBE,LSTM-GNN No-Gate,417.6099853515625,421.36016845703125,3.75018310546875
2025-05-20,AMD,LSTM-GNN No-Gate,113.50999450683594,115.04254150390625,1.5325469970703125
2025-05-20,CMCSA,LSTM-GNN No-Gate,33.35519790649414,33.25044250488281,-0.10475540161132812
2025-05-20,COST,LSTM-GNN No-Gate,1036.8199462890625,1032.927001953125,-3.8929443359375
2025-05-20,INTC,LSTM-GNN No-Gate,21.270000457763672,21.47649383544922,0.20649337768554688
2025-05-20,INTU,LSTM-GNN No-Gate,671.1600341796875,670.27587890625,-0.8841552734375
2025-05-20,MSFT,LSTM-GNN No-Gate,458.16998291015625,458.3502197265625,0.18023681640625
2025-05-20,QCOM,LSTM-GNN No-Gate,153.82000732421875,153.90248107910156,0.0824737548828125
2025-05-20,SBUX,LSTM-GNN No-Gate,85.58999633789062,84.70636749267578,-0.8836288452148438
2025-05-21,AAPL,LSTM-GNN No-Gate,202.08999633789062,206.97633361816406,4.8863372802734375
2025-05-21,ADBE,LSTM-GNN No-Gate,414.0299987792969,418.1770935058594,4.1470947265625
2025-05-21,AMD,LSTM-GNN No-Gate,112.05999755859375,113.76488494873047,1.7048873901367188
2025-05-21,CMCSA,LSTM-GNN No-Gate,32.89596939086914,33.38368225097656,0.4877128601074219
2025-05-21,COST,LSTM-GNN No-Gate,1025.300048828125,1036.2177734375,10.917724609375
2025-05-21,INTC,LSTM-GNN No-Gate,20.69000244140625,21.346694946289062,0.6566925048828125
2025-05-21,INTU,LSTM-GNN No-Gate,659.97998046875,670.9437866210938,10.96380615234375
2025-05-21,MSFT,LSTM-GNN No-Gate,452.57000732421875,457.9444580078125,5.37445068359375
2025-05-21,QCOM,LSTM-GNN No-Gate,151.30999755859375,154.0030059814453,2.6930084228515625
2025-05-21,SBUX,LSTM-GNN No-Gate,82.98001098632812,85.6690673828125,2.689056396484375
2025-05-22,AAPL,LSTM-GNN No-Gate,201.36000061035156,202.3184814453125,0.9584808349609375
2025-05-22,ADBE,LSTM-GNN No-Gate,414.33001708984375,414.8983154296875,0.56829833984375
2025-05-22,AMD,LSTM-GNN No-Gate,110.70999145507812,112.44941711425781,1.7394256591796875
2025-05-22,CMCSA,LSTM-GNN No-Gate,32.41799545288086,32.93860626220703,0.5206108093261719
2025-05-22,COST,LSTM-GNN No-Gate,1018.1299438476562,1025.2333984375,7.10345458984375
2025-05-22,INTC,LSTM-GNN No-Gate,20.55000114440918,20.800827026367188,0.2508258819580078
2025-05-22,INTU,LSTM-GNN No-Gate,666.070068359375,660.0612182617188,-6.00885009765625
2025-05-22,MSFT,LSTM-GNN No-Gate,454.8599853515625,452.52935791015625,-2.33062744140625
2025-05-22,QCOM,LSTM-GNN No-Gate,147.3699951171875,151.61712646484375,4.24713134765625
2025-05-22,SBUX,LSTM-GNN No-Gate,83.97000122070312,83.10675048828125,-0.863250732421875
2025-05-23,AAPL,LSTM-GNN No-Gate,195.27000427246094,201.3977813720703,6.127777099609375
2025-05-23,ADBE,LSTM-GNN No-Gate,407.69000244140625,414.63055419921875,6.9405517578125
2025-05-23,AMD,LSTM-GNN No-Gate,110.30999755859375,110.84980773925781,0.5398101806640625
2025-05-23,CMCSA,LSTM-GNN No-Gate,32.352386474609375,32.4359130859375,0.083526611328125
2025-05-23,COST,LSTM-GNN No-Gate,1008.5,1016.8755493164062,8.37554931640625
2025-05-23,INTC,LSTM-GNN No-Gate,20.049999237060547,20.597871780395508,0.5478725433349609
2025-05-23,INTU,LSTM-GNN No-Gate,720.1300048828125,665.52880859375,-54.6011962890625
2025-05-23,MSFT,LSTM-GNN No-Gate,450.17999267578125,454.40838623046875,4.2283935546875
2025-05-23,QCOM,LSTM-GNN No-Gate,145.3800048828125,147.4535369873047,2.0735321044921875
2025-05-23,SBUX,LSTM-GNN No-Gate,84.40000915527344,84.01364135742188,-0.3863677978515625
2025-05-27,AAPL,LSTM-GNN No-Gate,200.21002197265625,195.51187133789062,-4.698150634765625
2025-05-27,ADBE,LSTM-GNN No-Gate,413.0999755859375,408.56475830078125,-4.53521728515625
2025-05-27,AMD,LSTM-GNN No-Gate,114.55998992919922,110.701171875,-3.8588180541992188
2025-05-27,CMCSA,LSTM-GNN No-Gate,32.75539016723633,32.39663314819336,-0.35875701904296875
2025-05-27,COST,LSTM-GNN No-Gate,1017.7899780273438,1008.1614379882812,-9.6285400390625
2025-05-27,INTC,LSTM-GNN No-Gate,20.55000114440918,20.16290283203125,-0.3870983123779297
2025-05-27,INTU,LSTM-GNN No-Gate,751.9600830078125,719.8206787109375,-32.139404296875
2025-05-27,MSFT,LSTM-GNN No-Gate,460.69000244140625,450.0267333984375,-10.66326904296875
2025-05-27,QCOM,LSTM-GNN No-Gate,148.6300048828125,145.69699096679688,-2.933013916015625
2025-05-27,SBUX,LSTM-GNN No-Gate,87.010009765625,84.52294158935547,-2.4870681762695312
2025-05-28,AAPL,LSTM-GNN No-Gate,200.4199981689453,200.32315063476562,-0.0968475341796875
2025-05-28,ADBE,LSTM-GNN No-Gate,412.2300109863281,413.62652587890625,1.396514892578125
2025-05-28,AMD,LSTM-GNN No-Gate,112.86000061035156,114.79039001464844,1.930389404296875
2025-05-28,CMCSA,LSTM-GNN No-Gate,32.455482482910156,32.783817291259766,0.3283348083496094
2025-05-28,COST,LSTM-GNN No-Gate,1013.1400756835938,1016.7159423828125,3.57586669921875
2025-05-28,INTC,LSTM-GNN No-Gate,20.37000274658203,20.625499725341797,0.2554969787597656
2025-05-28,INTU,LSTM-GNN No-Gate,754.449951171875,751.1948852539062,-3.25506591796875
2025-05-28,MSFT,LSTM-GNN No-Gate,457.3599853515625,460.25396728515625,2.89398193359375
2025-05-28,QCOM,LSTM-GNN No-Gate,147.60000610351562,148.798828125,1.198822021484375
2025-05-28,SBUX,LSTM-GNN No-Gate,86.0,87.0766830444336,1.0766830444335938
2025-05-29,AAPL,LSTM-GNN No-Gate,199.95001220703125,200.74203491210938,0.792022705078125
2025-05-29,ADBE,LSTM-GNN No-Gate,413.3599853515625,413.3556823730469,-0.004302978515625
2025-05-29,AMD,LSTM-GNN No-Gate,113.02999877929688,113.35867309570312,0.32867431640625
2025-05-29,CMCSA,LSTM-GNN No-Gate,32.12746047973633,32.5109977722168,0.38353729248046875
2025-05-29,COST,LSTM-GNN No-Gate,1008.739990234375,1013.3888549804688,4.64886474609375
2025-05-29,INTC,LSTM-GNN No-Gate,20.25,20.51058578491211,0.2605857849121094
2025-05-29,INTU,LSTM-GNN No-Gate,757.219970703125,754.35986328125,-2.860107421875
2025-05-29,MSFT,LSTM-GNN No-Gate,458.67999267578125,457.3584289550781,-1.321563720703125
2025-05-29,QCOM,LSTM-GNN No-Gate,148.33999633789062,148.02081298828125,-0.319183349609375
2025-05-29,SBUX,LSTM-GNN No-Gate,84.05000305175781,86.1544418334961,2.1044387817382812
2025-05-30,AAPL,LSTM-GNN No-Gate,200.85000610351562,199.9813995361328,-0.8686065673828125
2025-05-30,ADBE,LSTM-GNN No-Gate,415.0899963378906,413.64215087890625,-1.447845458984375
2025-05-30,AMD,LSTM-GNN No-Gate,110.72999572753906,113.15460205078125,2.4246063232421875
2025-05-30,CMCSA,LSTM-GNN No-Gate,32.39925003051758,32.146060943603516,-0.2531890869140625
2025-05-30,COST,LSTM-GNN No-Gate,1040.1800537109375,1007.3637084960938,-32.81634521484375
2025-05-30,INTC,LSTM-GNN No-Gate,19.549999237060547,20.298845291137695,0.7488460540771484
2025-05-30,INTU,LSTM-GNN No-Gate,753.469970703125,756.12255859375,2.652587890625
2025-05-30,MSFT,LSTM-GNN No-Gate,460.3599853515625,458.1286315917969,-2.231353759765625
2025-05-30,QCOM,LSTM-GNN No-Gate,145.1999969482422,148.41123962402344,3.21124267578125
2025-05-30,SBUX,LSTM-GNN No-Gate,83.94999694824219,84.0880126953125,0.1380157470703125
2025-03-20,AAPL,LSTM-GNN Graph-Gate,214.10000610351562,215.24766540527344,1.1476593017578125
2025-03-20,ADBE,LSTM-GNN Graph-Gate,389.6099853515625,389.00714111328125,-0.60284423828125
2025-03-20,AMD,LSTM-GNN Graph-Gate,107.13999938964844,106.70346069335938,-0.4365386962890625
2025-03-20,CMCSA,LSTM-GNN Graph-Gate,34.20806121826172,33.869075775146484,-0.3389854431152344
2025-03-20,COST,LSTM-GNN Graph-Gate,895.4000244140625,903.3946533203125,7.99462890625
2025-03-20,INTC,LSTM-GNN Graph-Gate,23.959997177124023,24.241058349609375,0.28106117248535156
2025-03-20,INTU,LSTM-GNN Graph-Gate,600.4199829101562,602.9275512695312,2.507568359375
2025-03-20,MSFT,LSTM-GNN Graph-Gate,386.8399963378906,387.8135986328125,0.973602294921875
2025-03-20,QCOM,LSTM-GNN Graph-Gate,157.9499969482422,158.41944885253906,0.469451904296875
2025-03-20,SBUX,LSTM-GNN Graph-Gate,99.27999877929688,99.17861938476562,-0.10137939453125
2025-03-21,AAPL,LSTM-GNN Graph-Gate,218.27000427246094,213.95567321777344,-4.3143310546875
2025-03-21,ADBE,LSTM-GNN Graph-Gate,387.260009765625,390.01348876953125,2.75347900390625
2025-03-21,AMD,LSTM-GNN Graph-Gate,106.43999481201172,107.30436706542969,0.8643722534179688
2025-03-21,CMCSA,LSTM-GNN Graph-Gate,34.44236373901367,34.2213134765625,-0.22105026245117188
2025-03-21,COST,LSTM-GNN Graph-Gate,909.260009765625,894.0531005859375,-15.2069091796875
2025-03-21,INTC,LSTM-GNN Graph-Gate,24.259998321533203,24.006587982177734,-0.25341033935546875
2025-03-21,INTU,LSTM-GNN Graph-Gate,604.0399780273438,599.8418579101562,-4.1981201171875
2025-03-21,MSFT,LSTM-GNN Graph-Gate,391.2600402832031,386.5463562011719,-4.71368408203125
2025-03-21,QCOM,LSTM-GNN Graph-Gate,156.82000732421875,157.8874969482422,1.0674896240234375
2025-03-21,SBUX,LSTM-GNN Graph-Gate,97.07000732421875,99.2060546875,2.13604736328125
2025-03-24,AAPL,LSTM-GNN Graph-Gate,220.72998046875,218.2345428466797,-2.4954376220703125
2025-03-24,ADBE,LSTM-GNN Graph-Gate,394.4700012207031,387.8641662597656,-6.6058349609375
2025-03-24,AMD,LSTM-GNN Graph-Gate,113.84999084472656,106.6899185180664,-7.160072326660156
2025-03-24,CMCSA,LSTM-GNN Graph-Gate,34.301780700683594,34.4632568359375,0.16147613525390625
2025-03-24,COST,LSTM-GNN Graph-Gate,926.0399169921875,908.6937255859375,-17.34619140625
2025-03-24,INTC,LSTM-GNN Graph-Gate,24.21999740600586,24.325641632080078,0.10564422607421875
2025-03-24,INTU,LSTM-GNN Graph-Gate,613.090087890625,603.8436279296875,-9.2464599609375
2025-03-24,MSFT,LSTM-GNN Graph-Gate,393.08001708984375,391.18792724609375,-1.89208984375
2025-03-24,QCOM,LSTM-GNN Graph-Gate,160.0800018310547,156.88790893554688,-3.1920928955078125
2025-03-24,SBUX,LSTM-GNN Graph-Gate,95.72000122070312,97.05961608886719,1.3396148681640625
2025-03-25,AAPL,LSTM-GNN Graph-Gate,223.75,220.69692993164062,-3.053070068359375
2025-03-25,ADBE,LSTM-GNN Graph-Gate,403.6400146484375,395.1534423828125,-8.486572265625
2025-03-25,AMD,LSTM-GNN Graph-Gate,114.80999755859375,114.11079406738281,-0.6992034912109375
2025-03-25,CMCSA,LSTM-GNN Graph-Gate,34.62042999267578,34.32725524902344,-0.29317474365234375
2025-03-25,COST,LSTM-GNN Graph-Gate,930.260009765625,925.4658203125,-4.794189453125
2025-03-25,INTC,LSTM-GNN Graph-Gate,24.200000762939453,24.29784393310547,0.09784317016601562
2025-03-25,INTU,LSTM-GNN Graph-Gate,618.719970703125,612.895263671875,-5.82470703125
2025-03-25,MSFT,LSTM-GNN Graph-Gate,395.1600341796875,393.0278015136719,-2.132232666015625
2025-03-25,QCOM,LSTM-GNN Graph-Gate,160.14999389648438,160.1636199951172,0.0136260986328125
2025-03-25,SBUX,LSTM-GNN Graph-Gate,95.87998962402344,95.72569274902344,-0.154296875
2025-03-26,AAPL,LSTM-GNN Graph-Gate,221.52999877929688,223.992431640625,2.462432861328125
2025-03-26,ADBE,LSTM-GNN Graph-Gate,397.80999755859375,405.20001220703125,7.3900146484375
2025-03-26,AMD,LSTM-GNN Graph-Gate,110.19000244140625,115.45651245117188,5.266510009765625
2025-03-26,CMCSA,LSTM-GNN Graph-Gate,35.02342987060547,34.68425369262695,-0.3391761779785156
2025-03-26,COST,LSTM-GNN Graph-Gate,929.75,931.3101196289062,1.56011962890625
2025-03-26,INTC,LSTM-GNN Graph-Gate,23.420000076293945,24.378955841064453,0.9589557647705078
2025-03-26,INTU,LSTM-GNN Graph-Gate,614.8599853515625,619.3318481445312,4.47186279296875
2025-03-26,MSFT,LSTM-GNN Graph-Gate,389.97003173828125,395.64556884765625,5.675537109375
2025-03-26,QCOM,LSTM-GNN Graph-Gate,158.3900146484375,160.5888214111328,2.1988067626953125
2025-03-26,SBUX,LSTM-GNN Graph-Gate,97.97000122070312,96.0101318359375,-1.959869384765625
2025-03-27,AAPL,LSTM-GNN Graph-Gate,223.85000610351562,221.5548858642578,-2.2951202392578125
2025-03-27,ADBE,LSTM-GNN Graph-Gate,396.1499938964844,398.3223571777344,2.17236328125
2025-03-27,AMD,LSTM-GNN Graph-Gate,106.64999389648438,110.4049072265625,3.754913330078125
2025-03-27,CMCSA,LSTM-GNN Graph-Gate,35.02342987060547,35.04189682006836,0.018466949462890625
2025-03-27,COST,LSTM-GNN Graph-Gate,938.75,929.6885986328125,-9.0614013671875
2025-03-27,INTC,LSTM-GNN Graph-Gate,23.619998931884766,23.481935501098633,-0.1380634307861328
2025-03-27,INTU,LSTM-GNN Graph-Gate,615.300048828125,614.8798828125,-0.420166015625
2025-03-27,MSFT,LSTM-GNN Graph-Gate,390.5799865722656,390.03802490234375,-0.541961669921875
2025-03-27,QCOM,LSTM-GNN Graph-Gate,157.97000122070312,158.49822998046875,0.528228759765625
2025-03-27,SBUX,LSTM-GNN Graph-Gate,98.85000610351562,97.98908996582031,-0.8609161376953125
2025-03-28,AAPL,LSTM-GNN Graph-Gate,217.90000915527344,223.92750549316406,6.027496337890625
2025-03-28,ADBE,LSTM-GNN Graph-Gate,385.7099914550781,397.032470703125,11.322479248046875
2025-03-28,AMD,LSTM-GNN Graph-Gate,103.22000122070312,107.0338134765625,3.813812255859375
2025-03-28,CMCSA,LSTM-GNN Graph-Gate,34.320526123046875,35.05588150024414,0.7353553771972656
2025-03-28,COST,LSTM-GNN Graph-Gate,929.6599731445312,938.9010009765625,9.24102783203125
2025-03-28,INTC,LSTM-GNN Graph-Gate,22.709999084472656,23.723121643066406,1.01312255859375
2025-03-28,INTU,LSTM-GNN Graph-Gate,598.9199829101562,615.4666748046875,16.54669189453125
2025-03-28,MSFT,LSTM-GNN Graph-Gate,378.79998779296875,390.770263671875,11.97027587890625
2025-03-28,QCOM,LSTM-GNN Graph-Gate,152.72000122070312,158.1871795654297,5.4671783447265625
2025-03-28,SBUX,LSTM-GNN Graph-Gate,97.7300033569336,98.89398193359375,1.1639785766601562
2025-03-31,AAPL,LSTM-GNN Graph-Gate,222.13002014160156,217.92657470703125,-4.2034454345703125
2025-03-31,ADBE,LSTM-GNN Graph-Gate,383.5299987792969,386.25433349609375,2.724334716796875
2025-03-31,AMD,LSTM-GNN Graph-Gate,102.739990234375,103.45658111572266,0.7165908813476562
2025-03-31,CMCSA,LSTM-GNN Graph-Gate,34.582942962646484,34.34027862548828,-0.24266433715820312
2025-03-31,COST,LSTM-GNN Graph-Gate,945.780029296875,929.5507202148438,-16.22930908203125
2025-03-31,INTC,LSTM-GNN Graph-Gate,22.709999084472656,22.77406883239746,0.06406974792480469
2025-03-31,INTU,LSTM-GNN Graph-Gate,613.989990234375,598.9588623046875,-15.0311279296875
2025-03-31,MSFT,LSTM-GNN Graph-Gate,375.3900146484375,378.8865051269531,3.496490478515625
2025-03-31,QCOM,LSTM-GNN Graph-Gate,153.61000061035156,152.83865356445312,-0.7713470458984375
2025-03-31,SBUX,LSTM-GNN Graph-Gate,98.08999633789062,97.74549865722656,-0.3444976806640625
2025-04-01,AAPL,LSTM-GNN Graph-Gate,223.19000244140625,222.12205505371094,-1.0679473876953125
2025-04-01,ADBE,LSTM-GNN Graph-Gate,383.20001220703125,384.2872314453125,1.08721923828125
2025-04-01,AMD,LSTM-GNN Graph-Gate,102.77999114990234,103.06703186035156,0.28704071044921875
2025-04-01,CMCSA,LSTM-GNN Graph-Gate,34.41424560546875,34.608238220214844,0.19399261474609375
2025-04-01,COST,LSTM-GNN Graph-Gate,954.4000244140625,945.3448486328125,-9.05517578125
2025-04-01,INTC,LSTM-GNN Graph-Gate,22.049999237060547,22.79876708984375,0.7487678527832031
2025-04-01,INTU,LSTM-GNN Graph-Gate,613.780029296875,613.8992919921875,0.1192626953125
2025-04-01,MSFT,LSTM-GNN Graph-Gate,382.19000244140625,375.4791564941406,-6.710845947265625
2025-04-01,QCOM,LSTM-GNN Graph-Gate,153.0500030517578,153.75039672851562,0.7003936767578125
2025-04-01,SBUX,LSTM-GNN Graph-Gate,98.2300033569336,98.09758758544922,-0.132415771484375
2025-04-02,AAPL,LSTM-GNN Graph-Gate,223.88998413085938,223.33770751953125,-0.552276611328125
2025-04-02,ADBE,LSTM-GNN Graph-Gate,385.7799987792969,384.19476318359375,-1.585235595703125
2025-04-02,AMD,LSTM-GNN Graph-Gate,102.95999145507812,103.20941162109375,0.249420166015625
2025-04-02,CMCSA,LSTM-GNN Graph-Gate,34.31114959716797,34.45246887207031,0.14131927490234375
2025-04-02,COST,LSTM-GNN Graph-Gate,965.0800170898438,954.973876953125,-10.10614013671875
2025-04-02,INTC,LSTM-GNN Graph-Gate,21.979999542236328,22.164291381835938,0.18429183959960938
2025-04-02,INTU,LSTM-GNN Graph-Gate,620.9099731445312,614.16943359375,-6.74053955078125
2025-04-02,MSFT,LSTM-GNN Graph-Gate,382.1400146484375,382.531982421875,0.3919677734375
2025-04-02,QCOM,LSTM-GNN Graph-Gate,154.0800018310547,153.33929443359375,-0.7407073974609375
2025-04-02,SBUX,LSTM-GNN Graph-Gate,99.41000366210938,98.30052185058594,-1.1094818115234375
2025-04-03,AAPL,LSTM-GNN Graph-Gate,203.19000244140625,223.92376708984375,20.7337646484375
2025-04-03,ADBE,LSTM-GNN Graph-Gate,367.25,386.54656982421875,19.29656982421875
2025-04-03,AMD,LSTM-GNN Graph-Gate,93.80000305175781,103.29421997070312,9.494216918945312
2025-04-03,CMCSA,LSTM-GNN Graph-Gate,33.4770393371582,34.33938217163086,0.8623428344726562
2025-04-03,COST,LSTM-GNN Graph-Gate,967.0800170898438,964.9352416992188,-2.144775390625
2025-04-03,INTC,LSTM-GNN Graph-Gate,22.42999839782715,22.07301902770996,-0.3569793701171875
2025-04-03,INTU,LSTM-GNN Graph-Gate,598.530029296875,620.9488525390625,22.4188232421875
2025-04-03,MSFT,LSTM-GNN Graph-Gate,373.1099853515625,382.2837219238281,9.173736572265625
2025-04-03,QCOM,LSTM-GNN Graph-Gate,139.4199981689453,154.2530975341797,14.833099365234375
2025-04-03,SBUX,LSTM-GNN Graph-Gate,88.26000213623047,99.43183135986328,11.171829223632812
2025-04-04,AAPL,LSTM-GNN Graph-Gate,188.3800048828125,203.0963897705078,14.716384887695312
2025-04-04,ADBE,LSTM-GNN Graph-Gate,349.0699768066406,367.4883117675781,18.4183349609375
2025-04-04,AMD,LSTM-GNN Graph-Gate,85.75999450683594,93.91053771972656,8.150543212890625
2025-04-04,CMCSA,LSTM-GNN Graph-Gate,31.283973693847656,33.482669830322266,2.1986961364746094
2025-04-04,COST,LSTM-GNN Graph-Gate,916.47998046875,965.77294921875,49.29296875
2025-04-04,INTC,LSTM-GNN Graph-Gate,19.850000381469727,22.455263137817383,2.6052627563476562
2025-04-04,INTU,LSTM-GNN Graph-Gate,561.530029296875,598.0598754882812,36.52984619140625
2025-04-04,MSFT,LSTM-GNN Graph-Gate,359.84002685546875,372.9058532714844,13.065826416015625
2025-04-04,QCOM,LSTM-GNN Graph-Gate,127.46000671386719,139.40707397460938,11.947067260742188
2025-04-04,SBUX,LSTM-GNN Graph-Gate,82.10000610351562,88.23880004882812,6.1387939453125
2025-04-07,AAPL,LSTM-GNN Graph-Gate,181.4600067138672,188.2802734375,6.8202667236328125
2025-04-07,ADBE,LSTM-GNN Graph-Gate,340.70001220703125,349.0763244628906,8.376312255859375
2025-04-07,AMD,LSTM-GNN Graph-Gate,83.6399917602539,85.76853942871094,2.1285476684570312
2025-04-07,CMCSA,LSTM-GNN Graph-Gate,31.368322372436523,31.285083770751953,-0.08323860168457031
2025-04-07,COST,LSTM-GNN Graph-Gate,908.1300048828125,915.2462768554688,7.11627197265625
2025-04-07,INTC,LSTM-GNN Graph-Gate,19.56999969482422,19.852386474609375,0.28238677978515625
2025-04-07,INTU,LSTM-GNN Graph-Gate,556.239990234375,561.07470703125,4.834716796875
2025-04-07,MSFT,LSTM-GNN Graph-Gate,357.8599853515625,359.5893249511719,1.729339599609375
2025-04-07,QCOM,LSTM-GNN Graph-Gate,129.72000122070312,127.39523315429688,-2.32476806640625
2025-04-07,SBUX,LSTM-GNN Graph-Gate,80.0,82.07191467285156,2.0719146728515625
2025-04-08,AAPL,LSTM-GNN Graph-Gate,172.4199981689453,181.45726013183594,9.037261962890625
2025-04-08,ADBE,LSTM-GNN Graph-Gate,340.0,341.0352478027344,1.035247802734375
2025-04-08,AMD,LSTM-GNN Graph-Gate,78.20999908447266,83.78648376464844,5.576484680175781
2025-04-08,CMCSA,LSTM-GNN Graph-Gate,30.77787971496582,31.38268280029297,0.6048030853271484
2025-04-08,COST,LSTM-GNN Graph-Gate,908.75,906.96240234375,-1.78759765625
2025-04-08,INTC,LSTM-GNN Graph-Gate,18.12999725341797,19.60518455505371,1.4751873016357422
2025-04-08,INTU,LSTM-GNN Graph-Gate,544.0700073242188,555.9215087890625,11.85150146484375
2025-04-08,MSFT,LSTM-GNN Graph-Gate,354.55999755859375,357.7081298828125,3.14813232421875
2025-04-08,QCOM,LSTM-GNN Graph-Gate,124.6600112915039,129.7462158203125,5.086204528808594
2025-04-08,SBUX,LSTM-GNN Graph-Gate,79.69000244140625,80.01520538330078,0.32520294189453125
2025-04-09,AAPL,LSTM-GNN Graph-Gate,198.85000610351562,172.289306640625,-26.560699462890625
2025-04-09,ADBE,LSTM-GNN Graph-Gate,364.6400146484375,339.8526306152344,-24.787384033203125
2025-04-09,AMD,LSTM-GNN Graph-Gate,96.83999633789062,78.1509780883789,-18.68901824951172
2025-04-09,CMCSA,LSTM-GNN Graph-Gate,32.970947265625,30.771907806396484,-2.1990394592285156
2025-04-09,COST,LSTM-GNN Graph-Gate,965.1900024414062,906.5936279296875,-58.59637451171875
2025-04-09,INTC,LSTM-GNN Graph-Gate,21.53000259399414,18.115516662597656,-3.4144859313964844
2025-04-09,INTU,LSTM-GNN Graph-Gate,596.47998046875,543.3160400390625,-53.1639404296875
2025-04-09,MSFT,LSTM-GNN Graph-Gate,390.489990234375,354.1075134277344,-36.382476806640625
2025-04-09,QCOM,LSTM-GNN Graph-Gate,143.58999633789062,124.50675964355469,-19.083236694335938
2025-04-09,SBUX,LSTM-GNN Graph-Gate,88.68000793457031,79.6380615234375,-9.041946411132812
2025-04-10,AAPL,LSTM-GNN Graph-Gate,190.42001342773438,198.8187713623047,8.398757934570312
2025-04-10,ADBE,LSTM-GNN Graph-Gate,350.04998779296875,364.83013916015625,14.7801513671875
2025-04-10,AMD,LSTM-GNN Graph-Gate,88.69999694824219,96.90949249267578,8.209495544433594
2025-04-10,CMCSA,LSTM-GNN Graph-Gate,31.565135955810547,32.97705078125,1.4119148254394531
2025-04-10,COST,LSTM-GNN Graph-Gate,964.31005859375,964.1312255859375,-0.1788330078125
2025-04-10,INTC,LSTM-GNN Graph-Gate,19.880001068115234,21.550127029418945,1.670125961303711
2025-04-10,INTU,LSTM-GNN Graph-Gate,577.469970703125,596.1650390625,18.695068359375
2025-04-10,MSFT,LSTM-GNN Graph-Gate,381.3500061035156,390.30712890625,8.957122802734375
2025-04-10,QCOM,LSTM-GNN Graph-Gate,134.39999389648438,143.58543395996094,9.185440063476562
2025-04-10,SBUX,LSTM-GNN Graph-Gate,84.5999984741211,88.6728286743164,4.0728302001953125
2025-04-11,AAPL,LSTM-GNN Graph-Gate,198.14999389648438,190.38092041015625,-7.769073486328125
2025-04-11,ADBE,LSTM-GNN Graph-Gate,352.469970703125,350.374267578125,-2.095703125
2025-04-11,AMD,LSTM-GNN Graph-Gate,93.39999389648438,88.82620239257812,-4.57379150390625
2025-04-11,CMCSA,LSTM-GNN Graph-Gate,31.602622985839844,31.578535079956055,-0.024087905883789062
2025-04-11,COST,LSTM-GNN Graph-Gate,963.409912109375,962.1757202148438,-1.23419189453125
2025-04-11,INTC,LSTM-GNN Graph-Gate,19.739999771118164,19.91450309753418,0.17450332641601562
2025-04-11,INTU,LSTM-GNN Graph-Gate,587.0399780273438,576.924560546875,-10.11541748046875
2025-04-11,MSFT,LSTM-GNN Graph-Gate,388.45001220703125,381.0185241699219,-7.431488037109375
2025-04-11,QCOM,LSTM-GNN Graph-Gate,139.25,134.41030883789062,-4.839691162109375
2025-04-11,SBUX,LSTM-GNN Graph-Gate,85.43000793457031,84.5968246459961,-0.8331832885742188
2025-04-14,AAPL,LSTM-GNN Graph-Gate,202.52001953125,198.02194213867188,-4.498077392578125
2025-04-14,ADBE,LSTM-GNN Graph-Gate,350.9100036621094,352.5504150390625,1.640411376953125
2025-04-14,AMD,LSTM-GNN Graph-Gate,94.5,93.40666961669922,-1.0933303833007812
2025-04-14,CMCSA,LSTM-GNN Graph-Gate,32.00562286376953,31.60576057434082,-0.39986228942871094
2025-04-14,COST,LSTM-GNN Graph-Gate,979.320068359375,961.3621215820312,-17.95794677734375
2025-04-14,INTC,LSTM-GNN Graph-Gate,20.309999465942383,19.749340057373047,-0.5606594085693359
2025-04-14,INTU,LSTM-GNN Graph-Gate,593.5499877929688,586.3777465820312,-7.1722412109375
2025-04-14,MSFT,LSTM-GNN Graph-Gate,387.80999755859375,388.02911376953125,0.2191162109375
2025-04-14,QCOM,LSTM-GNN Graph-Gate,139.19000244140625,139.1619110107422,-0.0280914306640625
2025-04-14,SBUX,LSTM-GNN Graph-Gate,85.48999786376953,85.39691162109375,-0.09308624267578125
2025-04-15,AAPL,LSTM-GNN Graph-Gate,202.1400146484375,202.50526428222656,0.3652496337890625
2025-04-15,ADBE,LSTM-GNN Graph-Gate,350.3800048828125,351.49957275390625,1.11956787109375
2025-04-15,AMD,LSTM-GNN Graph-Gate,95.29000091552734,94.72118377685547,-0.568817138671875
2025-04-15,CMCSA,LSTM-GNN Graph-Gate,32.239925384521484,32.029781341552734,-0.21014404296875
2025-04-15,COST,LSTM-GNN Graph-Gate,976.9200439453125,977.4830322265625,0.56298828125
2025-04-15,INTC,LSTM-GNN Graph-Gate,19.85000228881836,20.372331619262695,0.5223293304443359
2025-04-15,INTU,LSTM-GNN Graph-Gate,594.0800170898438,593.1474609375,-0.93255615234375
2025-04-15,MSFT,LSTM-GNN Graph-Gate,385.73004150390625,387.5882873535156,1.858245849609375
2025-04-15,QCOM,LSTM-GNN Graph-Gate,138.60000610351562,139.28651428222656,0.6865081787109375
2025-04-15,SBUX,LSTM-GNN Graph-Gate,83.70999908447266,85.52114868164062,1.8111495971679688
2025-04-16,AAPL,LSTM-GNN Graph-Gate,194.27000427246094,202.18780517578125,7.9178009033203125
2025-04-16,ADBE,LSTM-GNN Graph-Gate,344.19000244140625,350.93670654296875,6.7467041015625
2025-04-16,AMD,LSTM-GNN Graph-Gate,88.29000091552734,95.50520324707031,7.215202331542969
2025-04-16,CMCSA,LSTM-GNN Graph-Gate,31.44329833984375,32.26233673095703,0.8190383911132812
2025-04-16,COST,LSTM-GNN Graph-Gate,967.75,976.1600341796875,8.4100341796875
2025-04-16,INTC,LSTM-GNN Graph-Gate,19.23000144958496,19.910049438476562,0.6800479888916016
2025-04-16,INTU,LSTM-GNN Graph-Gate,588.0800170898438,594.0008544921875,5.92083740234375
2025-04-16,MSFT,LSTM-GNN Graph-Gate,371.6099853515625,385.7143859863281,14.104400634765625
2025-04-16,QCOM,LSTM-GNN Graph-Gate,135.74000549316406,138.73239135742188,2.9923858642578125
2025-04-16,SBUX,LSTM-GNN Graph-Gate,80.76000213623047,83.75919342041016,2.9991912841796875
2025-04-17,AAPL,LSTM-GNN Graph-Gate,196.97999572753906,194.0498046875,-2.9301910400390625
2025-04-17,ADBE,LSTM-GNN Graph-Gate,348.79998779296875,344.0712585449219,-4.728729248046875
2025-04-17,AMD,LSTM-GNN Graph-Gate,87.5,88.2083969116211,0.7083969116210938
2025-04-17,CMCSA,LSTM-GNN Graph-Gate,31.874414443969727,31.43641471862793,-0.4379997253417969
2025-04-17,COST,LSTM-GNN Graph-Gate,994.5,964.7560424804688,-29.74395751953125
2025-04-17,INTC,LSTM-GNN Graph-Gate,18.93000030517578,19.216232299804688,0.28623199462890625
2025-04-17,INTU,LSTM-GNN Graph-Gate,585.3800048828125,587.0452880859375,1.665283203125
2025-04-17,MSFT,LSTM-GNN Graph-Gate,367.780029296875,371.0426940917969,3.262664794921875
2025-04-17,QCOM,LSTM-GNN Graph-Gate,136.66000366210938,135.5584716796875,-1.101531982421875
2025-04-17,SBUX,LSTM-GNN Graph-Gate,81.5,80.70921325683594,-0.7907867431640625
2025-04-21,AAPL,LSTM-GNN Graph-Gate,193.16000366210938,196.91893005371094,3.7589263916015625
2025-04-21,ADBE,LSTM-GNN Graph-Gate,343.219970703125,348.9060363769531,5.686065673828125
2025-04-21,AMD,LSTM-GNN Graph-Gate,85.55999755859375,87.53827667236328,1.9782791137695312
2025-04-21,CMCSA,LSTM-GNN Graph-Gate,31.490158081054688,31.877931594848633,0.3877735137939453
2025-04-21,COST,LSTM-GNN Graph-Gate,957.77001953125,993.1973876953125,35.4273681640625
2025-04-21,INTC,LSTM-GNN Graph-Gate,18.84000015258789,18.942726135253906,0.10272598266601562
2025-04-21,INTU,LSTM-GNN Graph-Gate,568.8400268554688,585.0140991210938,16.174072265625
2025-04-21,MSFT,LSTM-GNN Graph-Gate,359.1199951171875,367.60906982421875,8.48907470703125
2025-04-21,QCOM,LSTM-GNN Graph-Gate,136.13999938964844,136.63253784179688,0.4925384521484375
2025-04-21,SBUX,LSTM-GNN Graph-Gate,80.68000793457031,81.49740600585938,0.8173980712890625
2025-04-22,AAPL,LSTM-GNN Graph-Gate,199.74000549316406,193.01536560058594,-6.724639892578125
2025-04-22,ADBE,LSTM-GNN Graph-Gate,349.9100036621094,343.355712890625,-6.554290771484375
2025-04-22,AMD,LSTM-GNN Graph-Gate,86.26000213623047,85.59886169433594,-0.6611404418945312
2025-04-22,CMCSA,LSTM-GNN Graph-Gate,32.05248260498047,31.49408721923828,-0.5583953857421875
2025-04-22,COST,LSTM-GNN Graph-Gate,979.22998046875,955.4735107421875,-23.7564697265625
2025-04-22,INTC,LSTM-GNN Graph-Gate,19.510000228881836,18.855607986450195,-0.6543922424316406
2025-04-22,INTU,LSTM-GNN Graph-Gate,583.5599975585938,568.1306762695312,-15.4293212890625
2025-04-22,MSFT,LSTM-GNN Graph-Gate,366.82000732421875,358.7638244628906,-8.056182861328125
2025-04-22,QCOM,LSTM-GNN Graph-Gate,138.74000549316406,136.0355987548828,-2.70440673828125
2025-04-22,SBUX,LSTM-GNN Graph-Gate,81.75,80.66092681884766,-1.0890731811523438
2025-04-23,AAPL,LSTM-GNN Graph-Gate,204.60000610351562,199.67245483398438,-4.92755126953125
2025-04-23,ADBE,LSTM-GNN Graph-Gate,351.9599914550781,350.0032653808594,-1.95672607421875
2025-04-23,AMD,LSTM-GNN Graph-Gate,90.38999938964844,86.29718017578125,-4.0928192138671875
2025-04-23,CMCSA,LSTM-GNN Graph-Gate,32.3055305480957,32.055484771728516,-0.2500457763671875
2025-04-23,COST,LSTM-GNN Graph-Gate,975.8400268554688,977.75537109375,1.91534423828125
2025-04-23,INTC,LSTM-GNN Graph-Gate,20.590002059936523,19.52042579650879,-1.0695762634277344
2025-04-23,INTU,LSTM-GNN Graph-Gate,596.0499877929688,583.1766967773438,-12.873291015625
2025-04-23,MSFT,LSTM-GNN Graph-Gate,374.3900146484375,366.65008544921875,-7.73992919921875
2025-04-23,QCOM,LSTM-GNN Graph-Gate,140.46002197265625,138.7093963623047,-1.7506256103515625
2025-04-23,SBUX,LSTM-GNN Graph-Gate,82.80999755859375,81.74759674072266,-1.0624008178710938
2025-04-24,AAPL,LSTM-GNN Graph-Gate,208.3699951171875,204.4662628173828,-3.9037322998046875
2025-04-24,ADBE,LSTM-GNN Graph-Gate,360.9100036621094,352.10125732421875,-8.808746337890625
2025-04-24,AMD,LSTM-GNN Graph-Gate,94.4699935913086,90.43757629394531,-4.032417297363281
2025-04-24,CMCSA,LSTM-GNN Graph-Gate,31.10590171813965,32.30912399291992,1.2032222747802734
2025-04-24,COST,LSTM-GNN Graph-Gate,975.47998046875,973.671142578125,-1.808837890625
2025-04-24,INTC,LSTM-GNN Graph-Gate,21.489999771118164,20.603609085083008,-0.8863906860351562
2025-04-24,INTU,LSTM-GNN Graph-Gate,614.8299560546875,595.3936767578125,-19.436279296875
2025-04-24,MSFT,LSTM-GNN Graph-Gate,387.29998779296875,374.08544921875,-13.21453857421875
2025-04-24,QCOM,LSTM-GNN Graph-Gate,147.2100067138672,140.39781188964844,-6.81219482421875
2025-04-24,SBUX,LSTM-GNN Graph-Gate,83.86000061035156,82.80049133300781,-1.05950927734375
2025-04-25,AAPL,LSTM-GNN Graph-Gate,209.28001403808594,208.3403778076172,-0.93963623046875
2025-04-25,ADBE,LSTM-GNN Graph-Gate,367.719970703125,361.2730407714844,-6.446929931640625
2025-04-25,AMD,LSTM-GNN Graph-Gate,96.64999389648438,94.61663818359375,-2.033355712890625
2025-04-25,CMCSA,LSTM-GNN Graph-Gate,31.771318435668945,31.123809814453125,-0.6475086212158203
2025-04-25,COST,LSTM-GNN Graph-Gate,977.159912109375,974.3621826171875,-2.7977294921875
2025-04-25,INTC,LSTM-GNN Graph-Gate,20.049999237060547,21.527753829956055,1.4777545928955078
2025-04-25,INTU,LSTM-GNN Graph-Gate,624.1200561523438,614.5098266601562,-9.6102294921875
2025-04-25,MSFT,LSTM-GNN Graph-Gate,391.85003662109375,387.1867370605469,-4.663299560546875
2025-04-25,QCOM,LSTM-GNN Graph-Gate,148.55999755859375,147.25015258789062,-1.309844970703125
2025-04-25,SBUX,LSTM-GNN Graph-Gate,83.80999755859375,83.88738250732422,0.07738494873046875
2025-04-28,AAPL,LSTM-GNN Graph-Gate,210.1400146484375,209.0476531982422,-1.0923614501953125
2025-04-28,ADBE,LSTM-GNN Graph-Gate,368.6199951171875,367.5562438964844,-1.063751220703125
2025-04-28,AMD,LSTM-GNN Graph-Gate,96.3899917602539,96.56251525878906,0.17252349853515625
2025-04-28,CMCSA,LSTM-GNN Graph-Gate,31.64948272705078,31.765300750732422,0.11581802368164062
2025-04-28,COST,LSTM-GNN Graph-Gate,978.5399780273438,974.73876953125,-3.80120849609375
2025-04-28,INTC,LSTM-GNN Graph-Gate,20.51000213623047,20.03553009033203,-0.4744720458984375
2025-04-28,INTU,LSTM-GNN Graph-Gate,618.22998046875,623.1349487304688,4.90496826171875
2025-04-28,MSFT,LSTM-GNN Graph-Gate,391.1600036621094,391.33050537109375,0.170501708984375
2025-04-28,QCOM,LSTM-GNN Graph-Gate,147.6199951171875,148.37033081054688,0.750335693359375
2025-04-28,SBUX,LSTM-GNN Graph-Gate,83.9000015258789,83.76119995117188,-0.13880157470703125
2025-04-29,AAPL,LSTM-GNN Graph-Gate,211.21002197265625,209.9296417236328,-1.2803802490234375
2025-04-29,ADBE,LSTM-GNN Graph-Gate,370.9800109863281,368.780517578125,-2.199493408203125
2025-04-29,AMD,LSTM-GNN Graph-Gate,96.05999755859375,96.4436264038086,0.38362884521484375
2025-04-29,CMCSA,LSTM-GNN Graph-Gate,31.808807373046875,31.65935707092285,-0.14945030212402344
2025-04-29,COST,LSTM-GNN Graph-Gate,991.7000732421875,975.6676025390625,-16.032470703125
2025-04-29,INTC,LSTM-GNN Graph-Gate,20.34000015258789,20.533138275146484,0.19313812255859375
2025-04-29,INTU,LSTM-GNN Graph-Gate,623.1500854492188,617.162841796875,-5.98724365234375
2025-04-29,MSFT,LSTM-GNN Graph-Gate,394.0400085449219,390.6407470703125,-3.399261474609375
2025-04-29,QCOM,LSTM-GNN Graph-Gate,146.8800048828125,147.5126953125,0.6326904296875
2025-04-29,SBUX,LSTM-GNN Graph-Gate,84.8499984741211,83.88787841796875,-0.9621200561523438
2025-04-30,AAPL,LSTM-GNN Graph-Gate,212.50001525878906,211.07948303222656,-1.4205322265625
2025-04-30,ADBE,LSTM-GNN Graph-Gate,374.9800109863281,370.9660949707031,-4.013916015625
2025-04-30,AMD,LSTM-GNN Graph-Gate,97.34999084472656,96.04844665527344,-1.301544189453125
2025-04-30,CMCSA,LSTM-GNN Graph-Gate,32.05248260498047,31.809307098388672,-0.24317550659179688
2025-04-30,COST,LSTM-GNN Graph-Gate,994.5,990.1319580078125,-4.3680419921875
2025-04-30,INTC,LSTM-GNN Graph-Gate,20.10000228881836,20.341552734375,0.24155044555664062
2025-04-30,INTU,LSTM-GNN Graph-Gate,627.469970703125,622.5501708984375,-4.9197998046875
2025-04-30,MSFT,LSTM-GNN Graph-Gate,395.260009765625,393.7333679199219,-1.526641845703125
2025-04-30,QCOM,LSTM-GNN Graph-Gate,148.4600067138672,146.79820251464844,-1.66180419921875
2025-04-30,SBUX,LSTM-GNN Graph-Gate,80.05000305175781,84.83076477050781,4.78076171875
2025-05-01,AAPL,LSTM-GNN Graph-Gate,213.32000732421875,212.17279052734375,-1.147216796875
2025-05-01,ADBE,LSTM-GNN Graph-Gate,374.6299743652344,374.5361633300781,-0.09381103515625
2025-05-01,AMD,LSTM-GNN Graph-Gate,96.64999389648438,97.14659881591797,0.49660491943359375
2025-05-01,CMCSA,LSTM-GNN Graph-Gate,31.69634437561035,32.03429412841797,0.3379497528076172
2025-05-01,COST,LSTM-GNN Graph-Gate,999.0399780273438,991.6534423828125,-7.38653564453125
2025-05-01,INTC,LSTM-GNN Graph-Gate,19.98000144958496,20.058732986450195,0.07873153686523438
2025-05-01,INTU,LSTM-GNN Graph-Gate,623.1900024414062,626.2496337890625,3.05963134765625
2025-05-01,MSFT,LSTM-GNN Graph-Gate,425.4000244140625,394.5724792480469,-30.827545166015625
2025-05-01,QCOM,LSTM-GNN Graph-Gate,135.2100067138672,148.16827392578125,12.958267211914062
2025-05-01,SBUX,LSTM-GNN Graph-Gate,82.01000213623047,79.97509002685547,-2.034912109375
2025-05-02,AAPL,LSTM-GNN Graph-Gate,205.35000610351562,213.17489624023438,7.82489013671875
2025-05-02,ADBE,LSTM-GNN Graph-Gate,380.8699645996094,374.5688781738281,-6.30108642578125
2025-05-02,AMD,LSTM-GNN Graph-Gate,98.80000305175781,96.62015533447266,-2.1798477172851562
2025-05-02,CMCSA,LSTM-GNN Graph-Gate,32.29615783691406,31.695236206054688,-0.600921630859375
2025-05-02,COST,LSTM-GNN Graph-Gate,1008.2999877929688,997.4691162109375,-10.83087158203125
2025-05-02,INTC,LSTM-GNN Graph-Gate,20.6200008392334,19.97829246520996,-0.6417083740234375
2025-05-02,INTU,LSTM-GNN Graph-Gate,631.6800537109375,622.5813598632812,-9.09869384765625
2025-05-02,MSFT,LSTM-GNN Graph-Gate,435.2799987792969,424.99456787109375,-10.285430908203125
2025-05-02,QCOM,LSTM-GNN Graph-Gate,139.80999755859375,135.13829040527344,-4.6717071533203125
2025-05-02,SBUX,LSTM-GNN Graph-Gate,84.69000244140625,81.9924087524414,-2.6975936889648438
2025-05-05,AAPL,LSTM-GNN Graph-Gate,198.88999938964844,205.06173706054688,6.1717376708984375
2025-05-05,ADBE,LSTM-GNN Graph-Gate,381.05999755859375,380.5370788574219,-0.522918701171875
2025-05-05,AMD,LSTM-GNN Graph-Gate,100.58999633789062,98.6495361328125,-1.940460205078125
2025-05-05,CMCSA,LSTM-GNN Graph-Gate,32.28678512573242,32.28339767456055,-0.003387451171875
2025-05-05,COST,LSTM-GNN Graph-Gate,1014.8900146484375,1005.1624755859375,-9.7275390625
2025-05-05,INTC,LSTM-GNN Graph-Gate,20.270000457763672,20.5926513671875,0.3226509094238281
2025-05-05,INTU,LSTM-GNN Graph-Gate,632.1799926757812,630.4054565429688,-1.7745361328125
2025-05-05,MSFT,LSTM-GNN Graph-Gate,436.1700134277344,434.37371826171875,-1.796295166015625
2025-05-05,QCOM,LSTM-GNN Graph-Gate,139.44000244140625,139.5957489013672,0.1557464599609375
2025-05-05,SBUX,LSTM-GNN Graph-Gate,81.66000366210938,84.62128448486328,2.9612808227539062
2025-05-06,AAPL,LSTM-GNN Graph-Gate,198.510009765625,198.79193115234375,0.28192138671875
2025-05-06,ADBE,LSTM-GNN Graph-Gate,382.9800109863281,381.11944580078125,-1.860565185546875
2025-05-06,AMD,LSTM-GNN Graph-Gate,98.6199951171875,100.61004638671875,1.99005126953125
2025-05-06,CMCSA,LSTM-GNN Graph-Gate,32.32427215576172,32.29130554199219,-0.03296661376953125
2025-05-06,COST,LSTM-GNN Graph-Gate,1010.5,1012.9249267578125,2.4249267578125
2025-05-06,INTC,LSTM-GNN Graph-Gate,19.940000534057617,20.285940170288086,0.34593963623046875
2025-05-06,INTU,LSTM-GNN Graph-Gate,626.5499877929688,631.439697265625,4.88970947265625
2025-05-06,MSFT,LSTM-GNN Graph-Gate,433.30999755859375,435.6008605957031,2.290863037109375
2025-05-06,QCOM,LSTM-GNN Graph-Gate,139.89999389648438,139.3991241455078,-0.5008697509765625
2025-05-06,SBUX,LSTM-GNN Graph-Gate,82.77999877929688,81.657470703125,-1.122528076171875
2025-05-07,AAPL,LSTM-GNN Graph-Gate,196.25,198.43411254882812,2.184112548828125
2025-05-07,ADBE,LSTM-GNN Graph-Gate,384.9700012207031,383.1388854980469,-1.83111572265625
2025-05-07,AMD,LSTM-GNN Graph-Gate,100.36000061035156,98.69184875488281,-1.66815185546875
2025-05-07,CMCSA,LSTM-GNN Graph-Gate,32.230552673339844,32.333778381347656,0.1032257080078125
2025-05-07,COST,LSTM-GNN Graph-Gate,1007.1500244140625,1008.3351440429688,1.18511962890625
2025-05-07,INTC,LSTM-GNN Graph-Gate,20.309999465942383,19.970794677734375,-0.3392047882080078
2025-05-07,INTU,LSTM-GNN Graph-Gate,641.1400146484375,625.7774047851562,-15.36260986328125
2025-05-07,MSFT,LSTM-GNN Graph-Gate,433.3499755859375,432.69122314453125,-0.65875244140625
2025-05-07,QCOM,LSTM-GNN Graph-Gate,144.3000030517578,139.88848876953125,-4.4115142822265625
2025-05-07,SBUX,LSTM-GNN Graph-Gate,82.70999908447266,82.78823852539062,0.07823944091796875
2025-05-08,AAPL,LSTM-GNN Graph-Gate,197.49002075195312,196.18179321289062,-1.3082275390625
2025-05-08,ADBE,LSTM-GNN Graph-Gate,383.989990234375,385.1260986328125,1.1361083984375
2025-05-08,AMD,LSTM-GNN Graph-Gate,101.69998931884766,100.42914581298828,-1.270843505859375
2025-05-08,CMCSA,LSTM-GNN Graph-Gate,32.07122802734375,32.240699768066406,0.16947174072265625
2025-05-08,COST,LSTM-GNN Graph-Gate,1007.7100219726562,1004.8404541015625,-2.86956787109375
2025-05-08,INTC,LSTM-GNN Graph-Gate,21.000001907348633,20.340818405151367,-0.6591835021972656
2025-05-08,INTU,LSTM-GNN Graph-Gate,656.0800170898438,640.2401733398438,-15.83984375
2025-05-08,MSFT,LSTM-GNN Graph-Gate,438.1700134277344,432.68408203125,-5.485931396484375
2025-05-08,QCOM,LSTM-GNN Graph-Gate,145.10000610351562,144.2697296142578,-0.8302764892578125
2025-05-08,SBUX,LSTM-GNN Graph-Gate,82.19000244140625,82.7183609008789,0.5283584594726562
2025-05-09,AAPL,LSTM-GNN Graph-Gate,198.52999877929688,197.564453125,-0.965545654296875
2025-05-09,ADBE,LSTM-GNN Graph-Gate,383.27996826171875,384.546142578125,1.26617431640625
2025-05-09,AMD,LSTM-GNN Graph-Gate,102.8399887084961,101.94141387939453,-0.8985748291015625
2025-05-09,CMCSA,LSTM-GNN Graph-Gate,32.099342346191406,32.09944534301758,0.000102996826171875
2025-05-09,COST,LSTM-GNN Graph-Gate,1008.0900268554688,1006.270263671875,-1.81976318359375
2025-05-09,INTC,LSTM-GNN Graph-Gate,21.420000076293945,21.07096290588379,-0.34903717041015625
2025-05-09,INTU,LSTM-GNN Graph-Gate,653.8800048828125,655.5265502929688,1.64654541015625
2025-05-09,MSFT,LSTM-GNN Graph-Gate,438.73004150390625,437.76416015625,-0.96588134765625
2025-05-09,QCOM,LSTM-GNN Graph-Gate,145.17999267578125,145.23507690429688,0.055084228515625
2025-05-09,SBUX,LSTM-GNN Graph-Gate,80.30000305175781,82.25865173339844,1.958648681640625
2025-05-12,AAPL,LSTM-GNN Graph-Gate,210.79000854492188,198.57666015625,-12.213348388671875
2025-05-12,ADBE,LSTM-GNN Graph-Gate,395.94000244140625,383.5855407714844,-12.354461669921875
2025-05-12,AMD,LSTM-GNN Graph-Gate,108.12000274658203,102.968994140625,-5.151008605957031
2025-05-12,CMCSA,LSTM-GNN Graph-Gate,32.539825439453125,32.11485290527344,-0.4249725341796875
2025-05-12,COST,LSTM-GNN Graph-Gate,1016.1500244140625,1007.6748657226562,-8.47515869140625
2025-05-12,INTC,LSTM-GNN Graph-Gate,22.18000030517578,21.45781707763672,-0.7221832275390625
2025-05-12,INTU,LSTM-GNN Graph-Gate,662.2999877929688,653.718994140625,-8.58099365234375
2025-05-12,MSFT,LSTM-GNN Graph-Gate,449.2600402832031,438.611328125,-10.648712158203125
2025-05-12,QCOM,LSTM-GNN Graph-Gate,152.1199951171875,145.2572021484375,-6.86279296875
2025-05-12,SBUX,LSTM-GNN Graph-Gate,85.66999816894531,80.34170532226562,-5.3282928466796875
2025-05-13,AAPL,LSTM-GNN Graph-Gate,212.92999267578125,210.8302764892578,-2.0997161865234375
2025-05-13,ADBE,LSTM-GNN Graph-Gate,397.39996337890625,396.2945556640625,-1.10540771484375
2025-05-13,AMD,LSTM-GNN Graph-Gate,112.45999145507812,108.27058410644531,-4.1894073486328125
2025-05-13,CMCSA,LSTM-GNN Graph-Gate,32.60543441772461,32.55790710449219,-0.047527313232421875
2025-05-13,COST,LSTM-GNN Graph-Gate,999.0300903320312,1015.6695556640625,16.63946533203125
2025-05-13,INTC,LSTM-GNN Graph-Gate,22.559999465942383,22.22461700439453,-0.33538246154785156
2025-05-13,INTU,LSTM-GNN Graph-Gate,656.7999877929688,662.1095581054688,5.3095703125
2025-05-13,MSFT,LSTM-GNN Graph-Gate,449.1400146484375,449.1055908203125,-0.034423828125
2025-05-13,QCOM,LSTM-GNN Graph-Gate,151.33999633789062,152.20867919921875,0.868682861328125
2025-05-13,SBUX,LSTM-GNN Graph-Gate,86.87998962402344,85.71197509765625,-1.1680145263671875
2025-05-14,AAPL,LSTM-GNN Graph-Gate,212.3300018310547,213.0918426513672,0.7618408203125
2025-05-14,ADBE,LSTM-GNN Graph-Gate,399.469970703125,398.2726745605469,-1.197296142578125
2025-05-14,AMD,LSTM-GNN Graph-Gate,117.7199935913086,112.82719421386719,-4.892799377441406
2025-05-14,CMCSA,LSTM-GNN Graph-Gate,32.38987731933594,32.64765930175781,0.257781982421875
2025-05-14,COST,LSTM-GNN Graph-Gate,991.5399780273438,998.8976440429688,7.357666015625
2025-05-14,INTC,LSTM-GNN Graph-Gate,21.520002365112305,22.66315269470215,1.1431503295898438
2025-05-14,INTU,LSTM-GNN Graph-Gate,652.830078125,656.8041381835938,3.97406005859375
2025-05-14,MSFT,LSTM-GNN Graph-Gate,452.94000244140625,449.068603515625,-3.87139892578125
2025-05-14,QCOM,LSTM-GNN Graph-Gate,152.97999572753906,151.6160430908203,-1.36395263671875
2025-05-14,SBUX,LSTM-GNN Graph-Gate,86.54000091552734,86.98790740966797,0.447906494140625
2025-05-15,AAPL,LSTM-GNN Graph-Gate,211.4499969482422,212.28512573242188,0.8351287841796875
2025-05-15,ADBE,LSTM-GNN Graph-Gate,404.69000244140625,399.8398132324219,-4.850189208984375
2025-05-15,AMD,LSTM-GNN Graph-Gate,114.989990234375,117.84274291992188,2.852752685546875
2025-05-15,CMCSA,LSTM-GNN Graph-Gate,33.11152648925781,32.411067962646484,-0.7004585266113281
2025-05-15,COST,LSTM-GNN Graph-Gate,1010.469970703125,989.9901123046875,-20.4798583984375
2025-05-15,INTC,LSTM-GNN Graph-Gate,21.549999237060547,21.573307037353516,0.02330780029296875
2025-05-15,INTU,LSTM-GNN Graph-Gate,661.3099975585938,652.1328125,-9.17718505859375
2025-05-15,MSFT,LSTM-GNN Graph-Gate,453.1300354003906,452.3420715332031,-0.7879638671875
2025-05-15,QCOM,LSTM-GNN Graph-Gate,152.61000061035156,153.02731323242188,0.4173126220703125
2025-05-15,SBUX,LSTM-GNN Graph-Gate,87.260009765625,86.57250213623047,-0.6875076293945312
2025-05-16,AAPL,LSTM-GNN Graph-Gate,211.25999450683594,211.606689453125,0.3466949462890625
2025-05-16,ADBE,LSTM-GNN Graph-Gate,417.1300048828125,405.50909423828125,-11.62091064453125
2025-05-16,AMD,LSTM-GNN Graph-Gate,117.16999816894531,115.3310775756836,-1.8389205932617188
2025-05-16,CMCSA,LSTM-GNN Graph-Gate,33.252105712890625,33.15092086791992,-0.10118484497070312
2025-05-16,COST,LSTM-GNN Graph-Gate,1025.8299560546875,1010.3248901367188,-15.50506591796875
2025-05-16,INTC,LSTM-GNN Graph-Gate,21.660001754760742,21.651918411254883,-0.008083343505859375
2025-05-16,INTU,LSTM-GNN Graph-Gate,670.280029296875,661.302734375,-8.977294921875
2025-05-16,MSFT,LSTM-GNN Graph-Gate,454.26995849609375,453.0312805175781,-1.238677978515625
2025-05-16,QCOM,LSTM-GNN Graph-Gate,152.5,152.87188720703125,0.37188720703125
2025-05-16,SBUX,LSTM-GNN Graph-Gate,85.56999969482422,87.36177825927734,1.791778564453125
2025-05-19,AAPL,LSTM-GNN Graph-Gate,208.77999877929688,211.521484375,2.741485595703125
2025-05-19,ADBE,LSTM-GNN Graph-Gate,420.67999267578125,418.23333740234375,-2.4466552734375
2025-05-19,AMD,LSTM-GNN Graph-Gate,114.739990234375,117.64773559570312,2.907745361328125
2025-05-19,CMCSA,LSTM-GNN Graph-Gate,33.21461868286133,33.305580139160156,0.09096145629882812
2025-05-19,COST,LSTM-GNN Graph-Gate,1034.3399658203125,1026.133544921875,-8.2064208984375
2025-05-19,INTC,LSTM-GNN Graph-Gate,21.3799991607666,21.798809051513672,0.4188098907470703
2025-05-19,INTU,LSTM-GNN Graph-Gate,670.8599853515625,670.4993896484375,-0.360595703125
2025-05-19,MSFT,LSTM-GNN Graph-Gate,458.8699951171875,454.33819580078125,-4.53179931640625
2025-05-19,QCOM,LSTM-GNN Graph-Gate,153.70001220703125,152.89047241210938,-0.809539794921875
2025-05-19,SBUX,LSTM-GNN Graph-Gate,84.61000061035156,85.72217559814453,1.1121749877929688
2025-05-20,AAPL,LSTM-GNN Graph-Gate,206.86000061035156,209.04653930664062,2.1865386962890625
2025-05-20,ADBE,LSTM-GNN Graph-Gate,417.6099853515625,421.7536926269531,4.143707275390625
2025-05-20,AMD,LSTM-GNN Graph-Gate,113.50999450683594,115.21807861328125,1.7080841064453125
2025-05-20,CMCSA,LSTM-GNN Graph-Gate,33.35519790649414,33.26711654663086,-0.08808135986328125
2025-05-20,COST,LSTM-GNN Graph-Gate,1036.8199462890625,1034.47265625,-2.3472900390625
2025-05-20,INTC,LSTM-GNN Graph-Gate,21.270000457763672,21.516082763671875,0.24608230590820312
2025-05-20,INTU,LSTM-GNN Graph-Gate,671.1600341796875,671.0170288085938,-0.14300537109375
2025-05-20,MSFT,LSTM-GNN Graph-Gate,458.16998291015625,458.87548828125,0.70550537109375
2025-05-20,QCOM,LSTM-GNN Graph-Gate,153.82000732421875,154.08334350585938,0.263336181640625
2025-05-20,SBUX,LSTM-GNN Graph-Gate,85.58999633789062,84.76395416259766,-0.8260421752929688
2025-05-21,AAPL,LSTM-GNN Graph-Gate,202.08999633789062,207.08787536621094,4.9978790283203125
2025-05-21,ADBE,LSTM-GNN Graph-Gate,414.0299987792969,418.64593505859375,4.615936279296875
2025-05-21,AMD,LSTM-GNN Graph-Gate,112.05999755859375,113.97503662109375,1.9150390625
2025-05-21,CMCSA,LSTM-GNN Graph-Gate,32.89596939086914,33.40653610229492,0.5105667114257812
2025-05-21,COST,LSTM-GNN Graph-Gate,1025.300048828125,1035.986328125,10.686279296875
2025-05-21,INTC,LSTM-GNN Graph-Gate,20.69000244140625,21.406644821166992,0.7166423797607422
2025-05-21,INTU,LSTM-GNN Graph-Gate,659.97998046875,670.88916015625,10.9091796875
2025-05-21,MSFT,LSTM-GNN Graph-Gate,452.57000732421875,457.84832763671875,5.2783203125
2025-05-21,QCOM,LSTM-GNN Graph-Gate,151.30999755859375,154.16476440429688,2.854766845703125
2025-05-21,SBUX,LSTM-GNN Graph-Gate,82.98001098632812,85.73507690429688,2.75506591796875
2025-05-22,AAPL,LSTM-GNN Graph-Gate,201.36000061035156,202.31814575195312,0.9581451416015625
2025-05-22,ADBE,LSTM-GNN Graph-Gate,414.33001708984375,414.8703308105469,0.540313720703125
2025-05-22,AMD,LSTM-GNN Graph-Gate,110.70999145507812,112.43687438964844,1.7268829345703125
2025-05-22,CMCSA,LSTM-GNN Graph-Gate,32.41799545288086,32.93714904785156,0.5191535949707031
2025-05-22,COST,LSTM-GNN Graph-Gate,1018.1299438476562,1025.4453125,7.31536865234375
2025-05-22,INTC,LSTM-GNN Graph-Gate,20.55000114440918,20.797056198120117,0.2470550537109375
2025-05-22,INTU,LSTM-GNN Graph-Gate,666.070068359375,660.1503295898438,-5.91973876953125
2025-05-22,MSFT,LSTM-GNN Graph-Gate,454.8599853515625,452.6033020019531,-2.256683349609375
2025-05-22,QCOM,LSTM-GNN Graph-Gate,147.3699951171875,151.61114501953125,4.24114990234375
2025-05-22,SBUX,LSTM-GNN Graph-Gate,83.97000122070312,83.10298919677734,-0.8670120239257812
2025-05-23,AAPL,LSTM-GNN Graph-Gate,195.27000427246094,201.63893127441406,6.368927001953125
2025-05-23,ADBE,LSTM-GNN Graph-Gate,407.69000244140625,415.3143615722656,7.624359130859375
2025-05-23,AMD,LSTM-GNN Graph-Gate,110.30999755859375,111.15428924560547,0.8442916870117188
2025-05-23,CMCSA,LSTM-GNN Graph-Gate,32.352386474609375,32.46665954589844,0.1142730712890625
2025-05-23,COST,LSTM-GNN Graph-Gate,1008.5,1018.397216796875,9.897216796875
2025-05-23,INTC,LSTM-GNN Graph-Gate,20.049999237060547,20.672927856445312,0.6229286193847656
2025-05-23,INTU,LSTM-GNN Graph-Gate,720.1300048828125,666.2854614257812,-53.84454345703125
2025-05-23,MSFT,LSTM-GNN Graph-Gate,450.17999267578125,454.91259765625,4.73260498046875
2025-05-23,QCOM,LSTM-GNN Graph-Gate,145.3800048828125,147.73902893066406,2.3590240478515625
2025-05-23,SBUX,LSTM-GNN Graph-Gate,84.40000915527344,84.11257934570312,-0.2874298095703125
2025-05-27,AAPL,LSTM-GNN Graph-Gate,200.21002197265625,195.445068359375,-4.76495361328125
2025-05-27,ADBE,LSTM-GNN Graph-Gate,413.0999755859375,408.37255859375,-4.7274169921875
2025-05-27,AMD,LSTM-GNN Graph-Gate,114.55998992919922,110.61564636230469,-3.9443435668945312
2025-05-27,CMCSA,LSTM-GNN Graph-Gate,32.75539016723633,32.388038635253906,-0.3673515319824219
2025-05-27,COST,LSTM-GNN Graph-Gate,1017.7899780273438,1007.7799682617188,-10.010009765625
2025-05-27,INTC,LSTM-GNN Graph-Gate,20.55000114440918,20.141948699951172,-0.4080524444580078
2025-05-27,INTU,LSTM-GNN Graph-Gate,751.9600830078125,719.6190185546875,-32.341064453125
2025-05-27,MSFT,LSTM-GNN Graph-Gate,460.69000244140625,449.90130615234375,-10.7886962890625
2025-05-27,QCOM,LSTM-GNN Graph-Gate,148.6300048828125,145.6173095703125,-3.0126953125
2025-05-27,SBUX,LSTM-GNN Graph-Gate,87.010009765625,84.49513244628906,-2.5148773193359375
2025-05-28,AAPL,LSTM-GNN Graph-Gate,200.4199981689453,200.43870544433594,0.018707275390625
2025-05-28,ADBE,LSTM-GNN Graph-Gate,412.2300109863281,413.9706726074219,1.74066162109375
2025-05-28,AMD,LSTM-GNN Graph-Gate,112.86000061035156,114.94322204589844,2.083221435546875
2025-05-28,CMCSA,LSTM-GNN Graph-Gate,32.455482482910156,32.79946517944336,0.3439826965332031
2025-05-28,COST,LSTM-GNN Graph-Gate,1013.1400756835938,1017.2427978515625,4.10272216796875
2025-05-28,INTC,LSTM-GNN Graph-Gate,20.37000274658203,20.663969039916992,0.29396629333496094
2025-05-28,INTU,LSTM-GNN Graph-Gate,754.449951171875,751.4818115234375,-2.9681396484375
2025-05-28,MSFT,LSTM-GNN Graph-Gate,457.3599853515625,460.419189453125,3.0592041015625
2025-05-28,QCOM,LSTM-GNN Graph-Gate,147.60000610351562,148.93865966796875,1.338653564453125
2025-05-28,SBUX,LSTM-GNN Graph-Gate,86.0,87.12586212158203,1.1258621215820312
2025-05-29,AAPL,LSTM-GNN Graph-Gate,199.95001220703125,200.67941284179688,0.729400634765625
2025-05-29,ADBE,LSTM-GNN Graph-Gate,413.3599853515625,413.17547607421875,-0.18450927734375
2025-05-29,AMD,LSTM-GNN Graph-Gate,113.02999877929688,113.27848815917969,0.2484893798828125
2025-05-29,CMCSA,LSTM-GNN Graph-Gate,32.12746047973633,32.5029411315918,0.37548065185546875
2025-05-29,COST,LSTM-GNN Graph-Gate,1008.739990234375,1013.03125,4.291259765625
2025-05-29,INTC,LSTM-GNN Graph-Gate,20.25,20.49094009399414,0.24094009399414062
2025-05-29,INTU,LSTM-GNN Graph-Gate,757.219970703125,754.1500854492188,-3.06988525390625
2025-05-29,MSFT,LSTM-GNN Graph-Gate,458.67999267578125,457.2408142089844,-1.439178466796875
2025-05-29,QCOM,LSTM-GNN Graph-Gate,148.33999633789062,147.94610595703125,-0.393890380859375
2025-05-29,SBUX,LSTM-GNN Graph-Gate,84.05000305175781,86.12836456298828,2.0783615112304688
2025-05-30,AAPL,LSTM-GNN Graph-Gate,200.85000610351562,200.38717651367188,-0.46282958984375
2025-05-30,ADBE,LSTM-GNN Graph-Gate,415.0899963378906,414.74102783203125,-0.348968505859375
2025-05-30,AMD,LSTM-GNN Graph-Gate,110.72999572753906,113.64382934570312,2.9138336181640625
2025-05-30,CMCSA,LSTM-GNN Graph-Gate,32.39925003051758,32.19298553466797,-0.20626449584960938
2025-05-30,COST,LSTM-GNN Graph-Gate,1040.1800537109375,1010.22705078125,-29.9530029296875
2025-05-30,INTC,LSTM-GNN Graph-Gate,19.549999237060547,20.41199493408203,0.8619956970214844
2025-05-30,INTU,LSTM-GNN Graph-Gate,753.469970703125,757.9153442382812,4.44537353515625
2025-05-30,MSFT,LSTM-GNN Graph-Gate,460.3599853515625,459.10479736328125,-1.25518798828125
2025-05-30,QCOM,LSTM-GNN Graph-Gate,145.1999969482422,148.88320922851562,3.6832122802734375
2025-05-30,SBUX,LSTM-GNN Graph-Gate,83.94999694824219,84.24794006347656,0.297943115234375
2025-03-20,AAPL,LSTM-GNN Graph-Gate + TSN Features,214.10000610351562,215.2284393310547,1.1284332275390625
2025-03-20,ADBE,LSTM-GNN Graph-Gate + TSN Features,389.6099853515625,389.9743957519531,0.364410400390625
2025-03-20,AMD,LSTM-GNN Graph-Gate + TSN Features,107.13999938964844,106.90522766113281,-0.234771728515625
2025-03-20,CMCSA,LSTM-GNN Graph-Gate + TSN Features,34.20806121826172,33.857608795166016,-0.3504524230957031
2025-03-20,COST,LSTM-GNN Graph-Gate + TSN Features,895.4000244140625,903.2069091796875,7.806884765625
2025-03-20,INTC,LSTM-GNN Graph-Gate + TSN Features,23.959997177124023,24.326759338378906,0.3667621612548828
2025-03-20,INTU,LSTM-GNN Graph-Gate + TSN Features,600.4199829101562,602.0670166015625,1.64703369140625
2025-03-20,MSFT,LSTM-GNN Graph-Gate + TSN Features,386.8399963378906,387.7503662109375,0.910369873046875
2025-03-20,QCOM,LSTM-GNN Graph-Gate + TSN Features,157.9499969482422,158.35617065429688,0.4061737060546875
2025-03-20,SBUX,LSTM-GNN Graph-Gate + TSN Features,99.27999877929688,99.09716796875,-0.182830810546875
2025-03-21,AAPL,LSTM-GNN Graph-Gate + TSN Features,218.27000427246094,214.1119842529297,-4.15802001953125
2025-03-21,ADBE,LSTM-GNN Graph-Gate + TSN Features,387.260009765625,390.6930236816406,3.433013916015625
2025-03-21,AMD,LSTM-GNN Graph-Gate + TSN Features,106.43999481201172,107.70012664794922,1.2601318359375
2025-03-21,CMCSA,LSTM-GNN Graph-Gate + TSN Features,34.44236373901367,34.26185989379883,-0.18050384521484375
2025-03-21,COST,LSTM-GNN Graph-Gate + TSN Features,909.260009765625,895.110595703125,-14.1494140625
2025-03-21,INTC,LSTM-GNN Graph-Gate + TSN Features,24.259998321533203,24.106721878051758,-0.1532764434814453
2025-03-21,INTU,LSTM-GNN Graph-Gate + TSN Features,604.0399780273438,600.2493896484375,-3.79058837890625
2025-03-21,MSFT,LSTM-GNN Graph-Gate + TSN Features,391.2600402832031,386.9393310546875,-4.320709228515625
2025-03-21,QCOM,LSTM-GNN Graph-Gate + TSN Features,156.82000732421875,158.14581298828125,1.3258056640625
2025-03-21,SBUX,LSTM-GNN Graph-Gate + TSN Features,97.07000732421875,99.28018951416016,2.2101821899414062
2025-03-24,AAPL,LSTM-GNN Graph-Gate + TSN Features,220.72998046875,218.27932739257812,-2.450653076171875
2025-03-24,ADBE,LSTM-GNN Graph-Gate + TSN Features,394.4700012207031,388.0006103515625,-6.469390869140625
2025-03-24,AMD,LSTM-GNN Graph-Gate + TSN Features,113.84999084472656,106.87237548828125,-6.9776153564453125
2025-03-24,CMCSA,LSTM-GNN Graph-Gate + TSN Features,34.301780700683594,34.47829055786133,0.17650985717773438
2025-03-24,COST,LSTM-GNN Graph-Gate + TSN Features,926.0399169921875,909.0160522460938,-17.02386474609375
2025-03-24,INTC,LSTM-GNN Graph-Gate + TSN Features,24.21999740600586,24.370935440063477,0.1509380340576172
2025-03-24,INTU,LSTM-GNN Graph-Gate + TSN Features,613.090087890625,603.8236083984375,-9.2664794921875
2025-03-24,MSFT,LSTM-GNN Graph-Gate + TSN Features,393.08001708984375,391.3066101074219,-1.773406982421875
2025-03-24,QCOM,LSTM-GNN Graph-Gate + TSN Features,160.0800018310547,156.95639038085938,-3.1236114501953125
2025-03-24,SBUX,LSTM-GNN Graph-Gate + TSN Features,95.72000122070312,97.07068634033203,1.3506851196289062
2025-03-25,AAPL,LSTM-GNN Graph-Gate + TSN Features,223.75,220.45126342773438,-3.298736572265625
2025-03-25,ADBE,LSTM-GNN Graph-Gate + TSN Features,403.6400146484375,393.850341796875,-9.7896728515625
2025-03-25,AMD,LSTM-GNN Graph-Gate + TSN Features,114.80999755859375,113.75871276855469,-1.0512847900390625
2025-03-25,CMCSA,LSTM-GNN Graph-Gate + TSN Features,34.62042999267578,34.2708740234375,-0.34955596923828125
2025-03-25,COST,LSTM-GNN Graph-Gate + TSN Features,930.260009765625,924.65087890625,-5.609130859375
2025-03-25,INTC,LSTM-GNN Graph-Gate + TSN Features,24.200000762939453,24.17032241821289,-0.0296783447265625
2025-03-25,INTU,LSTM-GNN Graph-Gate + TSN Features,618.719970703125,612.1762084960938,-6.54376220703125
2025-03-25,MSFT,LSTM-GNN Graph-Gate + TSN Features,395.1600341796875,392.5964050292969,-2.563629150390625
2025-03-25,QCOM,LSTM-GNN Graph-Gate + TSN Features,160.14999389648438,159.77084350585938,-0.379150390625
2025-03-25,SBUX,LSTM-GNN Graph-Gate + TSN Features,95.87998962402344,95.55553436279297,-0.32445526123046875
2025-03-26,AAPL,LSTM-GNN Graph-Gate + TSN Features,221.52999877929688,223.88052368164062,2.35052490234375
2025-03-26,ADBE,LSTM-GNN Graph-Gate + TSN Features,397.80999755859375,404.18988037109375,6.3798828125
2025-03-26,AMD,LSTM-GNN Graph-Gate + TSN Features,110.19000244140625,115.16187286376953,4.971870422363281
2025-03-26,CMCSA,LSTM-GNN Graph-Gate + TSN Features,35.02342987060547,34.642723083496094,-0.380706787109375
2025-03-26,COST,LSTM-GNN Graph-Gate + TSN Features,929.75,931.1605224609375,1.4105224609375
2025-03-26,INTC,LSTM-GNN Graph-Gate + TSN Features,23.420000076293945,24.272672653198242,0.8526725769042969
2025-03-26,INTU,LSTM-GNN Graph-Gate + TSN Features,614.8599853515625,619.0035400390625,4.1435546875
2025-03-26,MSFT,LSTM-GNN Graph-Gate + TSN Features,389.97003173828125,395.3838195800781,5.413787841796875
2025-03-26,QCOM,LSTM-GNN Graph-Gate + TSN Features,158.3900146484375,160.23599243164062,1.845977783203125
2025-03-26,SBUX,LSTM-GNN Graph-Gate + TSN Features,97.97000122070312,95.88877868652344,-2.0812225341796875
2025-03-27,AAPL,LSTM-GNN Graph-Gate + TSN Features,223.85000610351562,221.77230834960938,-2.07769775390625
2025-03-27,ADBE,LSTM-GNN Graph-Gate + TSN Features,396.1499938964844,399.159423828125,3.009429931640625
2025-03-27,AMD,LSTM-GNN Graph-Gate + TSN Features,106.64999389648438,110.98271179199219,4.3327178955078125
2025-03-27,CMCSA,LSTM-GNN Graph-Gate + TSN Features,35.02342987060547,35.08660125732422,0.06317138671875
2025-03-27,COST,LSTM-GNN Graph-Gate + TSN Features,938.75,931.1277465820312,-7.62225341796875
2025-03-27,INTC,LSTM-GNN Graph-Gate + TSN Features,23.619998931884766,23.58676528930664,-0.033233642578125
2025-03-27,INTU,LSTM-GNN Graph-Gate + TSN Features,615.300048828125,615.4246826171875,0.1246337890625
2025-03-27,MSFT,LSTM-GNN Graph-Gate + TSN Features,390.5799865722656,390.422607421875,-0.157379150390625
2025-03-27,QCOM,LSTM-GNN Graph-Gate + TSN Features,157.97000122070312,158.73934936523438,0.76934814453125
2025-03-27,SBUX,LSTM-GNN Graph-Gate + TSN Features,98.85000610351562,98.0716552734375,-0.778350830078125
2025-03-28,AAPL,LSTM-GNN Graph-Gate + TSN Features,217.90000915527344,224.277099609375,6.3770904541015625
2025-03-28,ADBE,LSTM-GNN Graph-Gate + TSN Features,385.7099914550781,398.6857604980469,12.97576904296875
2025-03-28,AMD,LSTM-GNN Graph-Gate + TSN Features,103.22000122070312,108.046142578125,4.826141357421875
2025-03-28,CMCSA,LSTM-GNN Graph-Gate + TSN Features,34.320526123046875,35.138633728027344,0.8181076049804688
2025-03-28,COST,LSTM-GNN Graph-Gate + TSN Features,929.6599731445312,940.841552734375,11.18157958984375
2025-03-28,INTC,LSTM-GNN Graph-Gate + TSN Features,22.709999084472656,23.928848266601562,1.2188491821289062
2025-03-28,INTU,LSTM-GNN Graph-Gate + TSN Features,598.9199829101562,616.4425048828125,17.52252197265625
2025-03-28,MSFT,LSTM-GNN Graph-Gate + TSN Features,378.79998779296875,391.4244689941406,12.624481201171875
2025-03-28,QCOM,LSTM-GNN Graph-Gate + TSN Features,152.72000122070312,158.71417236328125,5.994171142578125
2025-03-28,SBUX,LSTM-GNN Graph-Gate + TSN Features,97.7300033569336,99.06346130371094,1.3334579467773438
2025-03-31,AAPL,LSTM-GNN Graph-Gate + TSN Features,222.13002014160156,218.3910369873047,-3.738983154296875
2025-03-31,ADBE,LSTM-GNN Graph-Gate + TSN Features,383.5299987792969,388.2733154296875,4.743316650390625
2025-03-31,AMD,LSTM-GNN Graph-Gate + TSN Features,102.739990234375,104.58009338378906,1.8401031494140625
2025-03-31,CMCSA,LSTM-GNN Graph-Gate + TSN Features,34.582942962646484,34.43883514404297,-0.14410781860351562
2025-03-31,COST,LSTM-GNN Graph-Gate + TSN Features,945.780029296875,931.9296875,-13.850341796875
2025-03-31,INTC,LSTM-GNN Graph-Gate + TSN Features,22.709999084472656,23.014440536499023,0.3044414520263672
2025-03-31,INTU,LSTM-GNN Graph-Gate + TSN Features,613.989990234375,600.2474365234375,-13.7425537109375
2025-03-31,MSFT,LSTM-GNN Graph-Gate + TSN Features,375.3900146484375,379.7571105957031,4.367095947265625
2025-03-31,QCOM,LSTM-GNN Graph-Gate + TSN Features,153.61000061035156,153.5323944091797,-0.077606201171875
2025-03-31,SBUX,LSTM-GNN Graph-Gate + TSN Features,98.08999633789062,97.95750427246094,-0.1324920654296875
2025-04-01,AAPL,LSTM-GNN Graph-Gate + TSN Features,223.19000244140625,221.90084838867188,-1.289154052734375
2025-04-01,ADBE,LSTM-GNN Graph-Gate + TSN Features,383.20001220703125,382.29168701171875,-0.9083251953125
2025-04-01,AMD,LSTM-GNN Graph-Gate + TSN Features,102.77999114990234,102.26130676269531,-0.5186843872070312
2025-04-01,CMCSA,LSTM-GNN Graph-Gate + TSN Features,34.41424560546875,34.53836441040039,0.12411880493164062
2025-04-01,COST,LSTM-GNN Graph-Gate + TSN Features,954.4000244140625,944.4998779296875,-9.900146484375
2025-04-01,INTC,LSTM-GNN Graph-Gate + TSN Features,22.049999237060547,22.587890625,0.5378913879394531
2025-04-01,INTU,LSTM-GNN Graph-Gate + TSN Features,613.780029296875,613.2865600585938,-0.49346923828125
2025-04-01,MSFT,LSTM-GNN Graph-Gate + TSN Features,382.19000244140625,374.8803405761719,-7.309661865234375
2025-04-01,QCOM,LSTM-GNN Graph-Gate + TSN Features,153.0500030517578,153.1979522705078,0.14794921875
2025-04-01,SBUX,LSTM-GNN Graph-Gate + TSN Features,98.2300033569336,97.91610717773438,-0.31389617919921875
2025-04-02,AAPL,LSTM-GNN Graph-Gate + TSN Features,223.88998413085938,222.95941162109375,-0.930572509765625
2025-04-02,ADBE,LSTM-GNN Graph-Gate + TSN Features,385.7799987792969,382.09228515625,-3.687713623046875
2025-04-02,AMD,LSTM-GNN Graph-Gate + TSN Features,102.95999145507812,102.34474182128906,-0.6152496337890625
2025-04-02,CMCSA,LSTM-GNN Graph-Gate + TSN Features,34.31114959716797,34.369781494140625,0.05863189697265625
2025-04-02,COST,LSTM-GNN Graph-Gate + TSN Features,965.0800170898438,953.184326171875,-11.89569091796875
2025-04-02,INTC,LSTM-GNN Graph-Gate + TSN Features,21.979999542236328,21.93926239013672,-0.040737152099609375
2025-04-02,INTU,LSTM-GNN Graph-Gate + TSN Features,620.9099731445312,613.01513671875,-7.89483642578125
2025-04-02,MSFT,LSTM-GNN Graph-Gate + TSN Features,382.1400146484375,381.7963562011719,-0.343658447265625
2025-04-02,QCOM,LSTM-GNN Graph-Gate + TSN Features,154.0800018310547,152.64231872558594,-1.43768310546875
2025-04-02,SBUX,LSTM-GNN Graph-Gate + TSN Features,99.41000366210938,98.08112335205078,-1.3288803100585938
2025-04-03,AAPL,LSTM-GNN Graph-Gate + TSN Features,203.19000244140625,223.71786499023438,20.527862548828125
2025-04-03,ADBE,LSTM-GNN Graph-Gate + TSN Features,367.25,385.357666015625,18.107666015625
2025-04-03,AMD,LSTM-GNN Graph-Gate + TSN Features,93.80000305175781,102.84931945800781,9.04931640625
2025-04-03,CMCSA,LSTM-GNN Graph-Gate + TSN Features,33.4770393371582,34.298336029052734,0.8212966918945312
2025-04-03,COST,LSTM-GNN Graph-Gate + TSN Features,967.0800170898438,964.0917358398438,-2.98828125
2025-04-03,INTC,LSTM-GNN Graph-Gate + TSN Features,22.42999839782715,21.963115692138672,-0.46688270568847656
2025-04-03,INTU,LSTM-GNN Graph-Gate + TSN Features,598.530029296875,620.3804931640625,21.8504638671875
2025-04-03,MSFT,LSTM-GNN Graph-Gate + TSN Features,373.1099853515625,381.856201171875,8.7462158203125
2025-04-03,QCOM,LSTM-GNN Graph-Gate + TSN Features,139.4199981689453,153.88858032226562,14.468582153320312
2025-04-03,SBUX,LSTM-GNN Graph-Gate + TSN Features,88.26000213623047,99.31253051757812,11.052528381347656
2025-04-04,AAPL,LSTM-GNN Graph-Gate + TSN Features,188.3800048828125,203.17208862304688,14.792083740234375
2025-04-04,ADBE,LSTM-GNN Graph-Gate + TSN Features,349.0699768066406,367.8996887207031,18.8297119140625
2025-04-04,AMD,LSTM-GNN Graph-Gate + TSN Features,85.75999450683594,94.24677276611328,8.486778259277344
2025-04-04,CMCSA,LSTM-GNN Graph-Gate + TSN Features,31.283973693847656,33.515907287597656,2.23193359375
2025-04-04,COST,LSTM-GNN Graph-Gate + TSN Features,916.47998046875,966.4942626953125,50.0142822265625
2025-04-04,INTC,LSTM-GNN Graph-Gate + TSN Features,19.850000381469727,22.52733612060547,2.677335739135742
2025-04-04,INTU,LSTM-GNN Graph-Gate + TSN Features,561.530029296875,598.3649291992188,36.83489990234375
2025-04-04,MSFT,LSTM-GNN Graph-Gate + TSN Features,359.84002685546875,373.09814453125,13.25811767578125
2025-04-04,QCOM,LSTM-GNN Graph-Gate + TSN Features,127.46000671386719,139.58489990234375,12.124893188476562
2025-04-04,SBUX,LSTM-GNN Graph-Gate + TSN Features,82.10000610351562,88.25697326660156,6.1569671630859375
2025-04-07,AAPL,LSTM-GNN Graph-Gate + TSN Features,181.4600067138672,188.40396118164062,6.9439544677734375
2025-04-07,ADBE,LSTM-GNN Graph-Gate + TSN Features,340.70001220703125,349.77886962890625,9.078857421875
2025-04-07,AMD,LSTM-GNN Graph-Gate + TSN Features,83.6399917602539,86.1976547241211,2.5576629638671875
2025-04-07,CMCSA,LSTM-GNN Graph-Gate + TSN Features,31.368322372436523,31.337711334228516,-0.030611038208007812
2025-04-07,COST,LSTM-GNN Graph-Gate + TSN Features,908.1300048828125,916.0860595703125,7.9560546875
2025-04-07,INTC,LSTM-GNN Graph-Gate + TSN Features,19.56999969482422,19.962554931640625,0.39255523681640625
2025-04-07,INTU,LSTM-GNN Graph-Gate + TSN Features,556.239990234375,561.46142578125,5.221435546875
2025-04-07,MSFT,LSTM-GNN Graph-Gate + TSN Features,357.8599853515625,359.8599853515625,2.0
2025-04-07,QCOM,LSTM-GNN Graph-Gate + TSN Features,129.72000122070312,127.68034362792969,-2.0396575927734375
2025-04-07,SBUX,LSTM-GNN Graph-Gate + TSN Features,80.0,82.12847137451172,2.1284713745117188
2025-04-08,AAPL,LSTM-GNN Graph-Gate + TSN Features,172.4199981689453,181.26866149902344,8.848663330078125
2025-04-08,ADBE,LSTM-GNN Graph-Gate + TSN Features,340.0,339.8529052734375,-0.1470947265625
2025-04-08,AMD,LSTM-GNN Graph-Gate + TSN Features,78.20999908447266,83.42479705810547,5.2147979736328125
2025-04-08,CMCSA,LSTM-GNN Graph-Gate + TSN Features,30.77787971496582,31.345195770263672,0.5673160552978516
2025-04-08,COST,LSTM-GNN Graph-Gate + TSN Features,908.75,907.12646484375,-1.62353515625
2025-04-08,INTC,LSTM-GNN Graph-Gate + TSN Features,18.12999725341797,19.514619827270508,1.384622573852539
2025-04-08,INTU,LSTM-GNN Graph-Gate + TSN Features,544.0700073242188,555.4906616210938,11.420654296875
2025-04-08,MSFT,LSTM-GNN Graph-Gate + TSN Features,354.55999755859375,357.49444580078125,2.9344482421875
2025-04-08,QCOM,LSTM-GNN Graph-Gate + TSN Features,124.6600112915039,129.56024169921875,4.900230407714844
2025-04-08,SBUX,LSTM-GNN Graph-Gate + TSN Features,79.69000244140625,79.87608337402344,0.1860809326171875
2025-04-09,AAPL,LSTM-GNN Graph-Gate + TSN Features,198.85000610351562,172.16336059570312,-26.6866455078125
2025-04-09,ADBE,LSTM-GNN Graph-Gate + TSN Features,364.6400146484375,339.13037109375,-25.5096435546875
2025-04-09,AMD,LSTM-GNN Graph-Gate + TSN Features,96.83999633789062,77.85208892822266,-18.98790740966797
2025-04-09,CMCSA,LSTM-GNN Graph-Gate + TSN Features,32.970947265625,30.741256713867188,-2.2296905517578125
2025-04-09,COST,LSTM-GNN Graph-Gate + TSN Features,965.1900024414062,907.6966552734375,-57.49334716796875
2025-04-09,INTC,LSTM-GNN Graph-Gate + TSN Features,21.53000259399414,18.05912971496582,-3.4708728790283203
2025-04-09,INTU,LSTM-GNN Graph-Gate + TSN Features,596.47998046875,543.168701171875,-53.311279296875
2025-04-09,MSFT,LSTM-GNN Graph-Gate + TSN Features,390.489990234375,354.0600280761719,-36.429962158203125
2025-04-09,QCOM,LSTM-GNN Graph-Gate + TSN Features,143.58999633789062,124.39350891113281,-19.196487426757812
2025-04-09,SBUX,LSTM-GNN Graph-Gate + TSN Features,88.68000793457031,79.5621109008789,-9.117897033691406
2025-04-10,AAPL,LSTM-GNN Graph-Gate + TSN Features,190.42001342773438,198.7900848388672,8.370071411132812
2025-04-10,ADBE,LSTM-GNN Graph-Gate + TSN Features,350.04998779296875,364.8376159667969,14.787628173828125
2025-04-10,AMD,LSTM-GNN Graph-Gate + TSN Features,88.69999694824219,96.98198699951172,8.281990051269531
2025-04-10,CMCSA,LSTM-GNN Graph-Gate + TSN Features,31.565135955810547,32.99226379394531,1.4271278381347656
2025-04-10,COST,LSTM-GNN Graph-Gate + TSN Features,964.31005859375,964.561767578125,0.251708984375
2025-04-10,INTC,LSTM-GNN Graph-Gate + TSN Features,19.880001068115234,21.569711685180664,1.6897106170654297
2025-04-10,INTU,LSTM-GNN Graph-Gate + TSN Features,577.469970703125,596.193603515625,18.7236328125
2025-04-10,MSFT,LSTM-GNN Graph-Gate + TSN Features,381.3500061035156,390.3374328613281,8.9874267578125
2025-04-10,QCOM,LSTM-GNN Graph-Gate + TSN Features,134.39999389648438,143.576171875,9.176177978515625
2025-04-10,SBUX,LSTM-GNN Graph-Gate + TSN Features,84.5999984741211,88.66019439697266,4.0601959228515625
2025-04-11,AAPL,LSTM-GNN Graph-Gate + TSN Features,198.14999389648438,190.4980010986328,-7.6519927978515625
2025-04-11,ADBE,LSTM-GNN Graph-Gate + TSN Features,352.469970703125,351.46173095703125,-1.00823974609375
2025-04-11,AMD,LSTM-GNN Graph-Gate + TSN Features,93.39999389648438,89.31310272216797,-4.086891174316406
2025-04-11,CMCSA,LSTM-GNN Graph-Gate + TSN Features,31.602622985839844,31.63910675048828,0.0364837646484375
2025-04-11,COST,LSTM-GNN Graph-Gate + TSN Features,963.409912109375,963.9471435546875,0.5372314453125
2025-04-11,INTC,LSTM-GNN Graph-Gate + TSN Features,19.739999771118164,20.04399871826172,0.3039989471435547
2025-04-11,INTU,LSTM-GNN Graph-Gate + TSN Features,587.0399780273438,577.4486694335938,-9.59130859375
2025-04-11,MSFT,LSTM-GNN Graph-Gate + TSN Features,388.45001220703125,381.36053466796875,-7.0894775390625
2025-04-11,QCOM,LSTM-GNN Graph-Gate + TSN Features,139.25,134.6348114013672,-4.6151885986328125
2025-04-11,SBUX,LSTM-GNN Graph-Gate + TSN Features,85.43000793457031,84.6600341796875,-0.7699737548828125
2025-04-14,AAPL,LSTM-GNN Graph-Gate + TSN Features,202.52001953125,198.19064331054688,-4.329376220703125
2025-04-14,ADBE,LSTM-GNN Graph-Gate + TSN Features,350.9100036621094,353.65777587890625,2.747772216796875
2025-04-14,AMD,LSTM-GNN Graph-Gate + TSN Features,94.5,93.8225326538086,-0.6774673461914062
2025-04-14,CMCSA,LSTM-GNN Graph-Gate + TSN Features,32.00562286376953,31.660181045532227,-0.3454418182373047
2025-04-14,COST,LSTM-GNN Graph-Gate + TSN Features,979.320068359375,963.009765625,-16.310302734375
2025-04-14,INTC,LSTM-GNN Graph-Gate + TSN Features,20.309999465942383,19.870275497436523,-0.4397239685058594
2025-04-14,INTU,LSTM-GNN Graph-Gate + TSN Features,593.5499877929688,586.9933471679688,-6.556640625
2025-04-14,MSFT,LSTM-GNN Graph-Gate + TSN Features,387.80999755859375,388.4270324707031,0.617034912109375
2025-04-14,QCOM,LSTM-GNN Graph-Gate + TSN Features,139.19000244140625,139.4024658203125,0.21246337890625
2025-04-14,SBUX,LSTM-GNN Graph-Gate + TSN Features,85.48999786376953,85.47992706298828,-0.01007080078125
2025-04-15,AAPL,LSTM-GNN Graph-Gate + TSN Features,202.1400146484375,202.3773193359375,0.2373046875
2025-04-15,ADBE,LSTM-GNN Graph-Gate + TSN Features,350.3800048828125,350.318359375,-0.0616455078125
2025-04-15,AMD,LSTM-GNN Graph-Gate + TSN Features,95.29000091552734,94.38627624511719,-0.9037246704101562
2025-04-15,CMCSA,LSTM-GNN Graph-Gate + TSN Features,32.239925384521484,31.993913650512695,-0.24601173400878906
2025-04-15,COST,LSTM-GNN Graph-Gate + TSN Features,976.9200439453125,978.40283203125,1.4827880859375
2025-04-15,INTC,LSTM-GNN Graph-Gate + TSN Features,19.85000228881836,20.30011749267578,0.4501152038574219
2025-04-15,INTU,LSTM-GNN Graph-Gate + TSN Features,594.0800170898438,593.0044555664062,-1.0755615234375
2025-04-15,MSFT,LSTM-GNN Graph-Gate + TSN Features,385.73004150390625,387.51715087890625,1.787109375
2025-04-15,QCOM,LSTM-GNN Graph-Gate + TSN Features,138.60000610351562,139.0042724609375,0.404266357421875
2025-04-15,SBUX,LSTM-GNN Graph-Gate + TSN Features,83.70999908447266,85.3939208984375,1.6839218139648438
2025-04-16,AAPL,LSTM-GNN Graph-Gate + TSN Features,194.27000427246094,201.94923400878906,7.679229736328125
2025-04-16,ADBE,LSTM-GNN Graph-Gate + TSN Features,344.19000244140625,349.6909484863281,5.500946044921875
2025-04-16,AMD,LSTM-GNN Graph-Gate + TSN Features,88.29000091552734,95.08716583251953,6.7971649169921875
2025-04-16,CMCSA,LSTM-GNN Graph-Gate + TSN Features,31.44329833984375,32.220603942871094,0.7773056030273438
2025-04-16,COST,LSTM-GNN Graph-Gate + TSN Features,967.75,975.9046020507812,8.15460205078125
2025-04-16,INTC,LSTM-GNN Graph-Gate + TSN Features,19.23000144958496,19.811540603637695,0.5815391540527344
2025-04-16,INTU,LSTM-GNN Graph-Gate + TSN Features,588.0800170898438,593.4605102539062,5.3804931640625
2025-04-16,MSFT,LSTM-GNN Graph-Gate + TSN Features,371.6099853515625,385.3993225097656,13.789337158203125
2025-04-16,QCOM,LSTM-GNN Graph-Gate + TSN Features,135.74000549316406,138.3625946044922,2.622589111328125
2025-04-16,SBUX,LSTM-GNN Graph-Gate + TSN Features,80.76000213623047,83.59429931640625,2.8342971801757812
2025-04-17,AAPL,LSTM-GNN Graph-Gate + TSN Features,196.97999572753906,193.9505615234375,-3.0294342041015625
2025-04-17,ADBE,LSTM-GNN Graph-Gate + TSN Features,348.79998779296875,343.60498046875,-5.19500732421875
2025-04-17,AMD,LSTM-GNN Graph-Gate + TSN Features,87.5,87.984130859375,0.484130859375
2025-04-17,CMCSA,LSTM-GNN Graph-Gate + TSN Features,31.874414443969727,31.419404983520508,-0.45500946044921875
2025-04-17,COST,LSTM-GNN Graph-Gate + TSN Features,994.5,966.0664672851562,-28.43353271484375
2025-04-17,INTC,LSTM-GNN Graph-Gate + TSN Features,18.93000030517578,19.175546646118164,0.2455463409423828
2025-04-17,INTU,LSTM-GNN Graph-Gate + TSN Features,585.3800048828125,587.161865234375,1.7818603515625
2025-04-17,MSFT,LSTM-GNN Graph-Gate + TSN Features,367.780029296875,371.0101013183594,3.230072021484375
2025-04-17,QCOM,LSTM-GNN Graph-Gate + TSN Features,136.66000366210938,135.3865966796875,-1.273406982421875
2025-04-17,SBUX,LSTM-GNN Graph-Gate + TSN Features,81.5,80.61820220947266,-0.8817977905273438
2025-04-21,AAPL,LSTM-GNN Graph-Gate + TSN Features,193.16000366210938,196.76321411132812,3.60321044921875
2025-04-21,ADBE,LSTM-GNN Graph-Gate + TSN Features,343.219970703125,349.1619567871094,5.941986083984375
2025-04-21,AMD,LSTM-GNN Graph-Gate + TSN Features,85.55999755859375,87.52288818359375,1.962890625
2025-04-21,CMCSA,LSTM-GNN Graph-Gate + TSN Features,31.490158081054688,31.88597297668457,0.3958148956298828
2025-04-21,COST,LSTM-GNN Graph-Gate + TSN Features,957.77001953125,993.0502319335938,35.28021240234375
2025-04-21,INTC,LSTM-GNN Graph-Gate + TSN Features,18.84000015258789,18.962879180908203,0.1228790283203125
2025-04-21,INTU,LSTM-GNN Graph-Gate + TSN Features,568.8400268554688,584.6531372070312,15.8131103515625
2025-04-21,MSFT,LSTM-GNN Graph-Gate + TSN Features,359.1199951171875,367.33428955078125,8.21429443359375
2025-04-21,QCOM,LSTM-GNN Graph-Gate + TSN Features,136.13999938964844,136.47012329101562,0.3301239013671875
2025-04-21,SBUX,LSTM-GNN Graph-Gate + TSN Features,80.68000793457031,81.44939422607422,0.7693862915039062
2025-04-22,AAPL,LSTM-GNN Graph-Gate + TSN Features,199.74000549316406,192.75267028808594,-6.987335205078125
2025-04-22,ADBE,LSTM-GNN Graph-Gate + TSN Features,349.9100036621094,341.6351623535156,-8.27484130859375
2025-04-22,AMD,LSTM-GNN Graph-Gate + TSN Features,86.26000213623047,84.86604309082031,-1.3939590454101562
2025-04-22,CMCSA,LSTM-GNN Graph-Gate + TSN Features,32.05248260498047,31.426849365234375,-0.6256332397460938
2025-04-22,COST,LSTM-GNN Graph-Gate + TSN Features,979.22998046875,955.9873046875,-23.24267578125
2025-04-22,INTC,LSTM-GNN Graph-Gate + TSN Features,19.510000228881836,18.692005157470703,-0.8179950714111328
2025-04-22,INTU,LSTM-GNN Graph-Gate + TSN Features,583.5599975585938,567.642578125,-15.91741943359375
2025-04-22,MSFT,LSTM-GNN Graph-Gate + TSN Features,366.82000732421875,358.3587646484375,-8.46124267578125
2025-04-22,QCOM,LSTM-GNN Graph-Gate + TSN Features,138.74000549316406,135.59083557128906,-3.149169921875
2025-04-22,SBUX,LSTM-GNN Graph-Gate + TSN Features,81.75,80.4730224609375,-1.2769775390625
2025-04-23,AAPL,LSTM-GNN Graph-Gate + TSN Features,204.60000610351562,199.37789916992188,-5.22210693359375
2025-04-23,ADBE,LSTM-GNN Graph-Gate + TSN Features,351.9599914550781,348.6160888671875,-3.343902587890625
2025-04-23,AMD,LSTM-GNN Graph-Gate + TSN Features,90.38999938964844,85.61235046386719,-4.77764892578125
2025-04-23,CMCSA,LSTM-GNN Graph-Gate + TSN Features,32.3055305480957,31.99984359741211,-0.30568695068359375
2025-04-23,COST,LSTM-GNN Graph-Gate + TSN Features,975.8400268554688,977.5576782226562,1.7176513671875
2025-04-23,INTC,LSTM-GNN Graph-Gate + TSN Features,20.590002059936523,19.382339477539062,-1.207662582397461
2025-04-23,INTU,LSTM-GNN Graph-Gate + TSN Features,596.0499877929688,582.5198364257812,-13.5301513671875
2025-04-23,MSFT,LSTM-GNN Graph-Gate + TSN Features,374.3900146484375,366.1643981933594,-8.225616455078125
2025-04-23,QCOM,LSTM-GNN Graph-Gate + TSN Features,140.46002197265625,138.23423767089844,-2.2257843017578125
2025-04-23,SBUX,LSTM-GNN Graph-Gate + TSN Features,82.80999755859375,81.5572509765625,-1.25274658203125
2025-04-24,AAPL,LSTM-GNN Graph-Gate + TSN Features,208.3699951171875,204.30252075195312,-4.067474365234375
2025-04-24,ADBE,LSTM-GNN Graph-Gate + TSN Features,360.9100036621094,351.4413757324219,-9.4686279296875
2025-04-24,AMD,LSTM-GNN Graph-Gate + TSN Features,94.4699935913086,90.11311340332031,-4.356880187988281
2025-04-24,CMCSA,LSTM-GNN Graph-Gate + TSN Features,31.10590171813965,32.282623291015625,1.1767215728759766
2025-04-24,COST,LSTM-GNN Graph-Gate + TSN Features,975.47998046875,974.2186279296875,-1.2613525390625
2025-04-24,INTC,LSTM-GNN Graph-Gate + TSN Features,21.489999771118164,20.541667938232422,-0.9483318328857422
2025-04-24,INTU,LSTM-GNN Graph-Gate + TSN Features,614.8299560546875,595.1718139648438,-19.65814208984375
2025-04-24,MSFT,LSTM-GNN Graph-Gate + TSN Features,387.29998779296875,373.8477783203125,-13.45220947265625
2025-04-24,QCOM,LSTM-GNN Graph-Gate + TSN Features,147.2100067138672,140.09405517578125,-7.1159515380859375
2025-04-24,SBUX,LSTM-GNN Graph-Gate + TSN Features,83.86000061035156,82.68321228027344,-1.176788330078125
2025-04-25,AAPL,LSTM-GNN Graph-Gate + TSN Features,209.28001403808594,208.14663696289062,-1.1333770751953125
2025-04-25,ADBE,LSTM-GNN Graph-Gate + TSN Features,367.719970703125,361.2576599121094,-6.462310791015625
2025-04-25,AMD,LSTM-GNN Graph-Gate + TSN Features,96.64999389648438,94.4729995727539,-2.1769943237304688
2025-04-25,CMCSA,LSTM-GNN Graph-Gate + TSN Features,31.771318435668945,31.124900817871094,-0.6464176177978516
2025-04-25,COST,LSTM-GNN Graph-Gate + TSN Features,977.159912109375,974.0159912109375,-3.1439208984375
2025-04-25,INTC,LSTM-GNN Graph-Gate + TSN Features,20.049999237060547,21.508726119995117,1.4587268829345703
2025-04-25,INTU,LSTM-GNN Graph-Gate + TSN Features,624.1200561523438,614.134521484375,-9.98553466796875
2025-04-25,MSFT,LSTM-GNN Graph-Gate + TSN Features,391.85003662109375,386.8764343261719,-4.973602294921875
2025-04-25,QCOM,LSTM-GNN Graph-Gate + TSN Features,148.55999755859375,147.0145721435547,-1.5454254150390625
2025-04-25,SBUX,LSTM-GNN Graph-Gate + TSN Features,83.80999755859375,83.81080627441406,0.0008087158203125
2025-04-28,AAPL,LSTM-GNN Graph-Gate + TSN Features,210.1400146484375,209.05374145507812,-1.086273193359375
2025-04-28,ADBE,LSTM-GNN Graph-Gate + TSN Features,368.6199951171875,367.8250427246094,-0.794952392578125
2025-04-28,AMD,LSTM-GNN Graph-Gate + TSN Features,96.3899917602539,96.57586669921875,0.18587493896484375
2025-04-28,CMCSA,LSTM-GNN Graph-Gate + TSN Features,31.64948272705078,31.7761173248291,0.1266345977783203
2025-04-28,COST,LSTM-GNN Graph-Gate + TSN Features,978.5399780273438,975.704833984375,-2.83514404296875
2025-04-28,INTC,LSTM-GNN Graph-Gate + TSN Features,20.51000213623047,20.063739776611328,-0.4462623596191406
2025-04-28,INTU,LSTM-GNN Graph-Gate + TSN Features,618.22998046875,623.4213256835938,5.19134521484375
2025-04-28,MSFT,LSTM-GNN Graph-Gate + TSN Features,391.1600036621094,391.4186096191406,0.25860595703125
2025-04-28,QCOM,LSTM-GNN Graph-Gate + TSN Features,147.6199951171875,148.34439086914062,0.724395751953125
2025-04-28,SBUX,LSTM-GNN Graph-Gate + TSN Features,83.9000015258789,83.75283813476562,-0.14716339111328125
2025-04-29,AAPL,LSTM-GNN Graph-Gate + TSN Features,211.21002197265625,209.76881408691406,-1.4412078857421875
2025-04-29,ADBE,LSTM-GNN Graph-Gate + TSN Features,370.9800109863281,367.20391845703125,-3.776092529296875
2025-04-29,AMD,LSTM-GNN Graph-Gate + TSN Features,96.05999755859375,95.74986267089844,-0.3101348876953125
2025-04-29,CMCSA,LSTM-GNN Graph-Gate + TSN Features,31.808807373046875,31.59872817993164,-0.21007919311523438
2025-04-29,COST,LSTM-GNN Graph-Gate + TSN Features,991.7000732421875,976.7319946289062,-14.96807861328125
2025-04-29,INTC,LSTM-GNN Graph-Gate + TSN Features,20.34000015258789,20.400354385375977,0.06035423278808594
2025-04-29,INTU,LSTM-GNN Graph-Gate + TSN Features,623.1500854492188,617.2183227539062,-5.9317626953125
2025-04-29,MSFT,LSTM-GNN Graph-Gate + TSN Features,394.0400085449219,390.51953125,-3.520477294921875
2025-04-29,QCOM,LSTM-GNN Graph-Gate + TSN Features,146.8800048828125,147.12991333007812,0.249908447265625
2025-04-29,SBUX,LSTM-GNN Graph-Gate + TSN Features,84.8499984741211,83.69082641601562,-1.1591720581054688
2025-04-30,AAPL,LSTM-GNN Graph-Gate + TSN Features,212.50001525878906,210.83621215820312,-1.6638031005859375
2025-04-30,ADBE,LSTM-GNN Graph-Gate + TSN Features,374.9800109863281,369.5820007324219,-5.39801025390625
2025-04-30,AMD,LSTM-GNN Graph-Gate + TSN Features,97.34999084472656,95.4208755493164,-1.9291152954101562
2025-04-30,CMCSA,LSTM-GNN Graph-Gate + TSN Features,32.05248260498047,31.75722312927246,-0.2952594757080078
2025-04-30,COST,LSTM-GNN Graph-Gate + TSN Features,994.5,989.9075317382812,-4.59246826171875
2025-04-30,INTC,LSTM-GNN Graph-Gate + TSN Features,20.10000228881836,20.22086524963379,0.12086296081542969
2025-04-30,INTU,LSTM-GNN Graph-Gate + TSN Features,627.469970703125,622.1466674804688,-5.32330322265625
2025-04-30,MSFT,LSTM-GNN Graph-Gate + TSN Features,395.260009765625,393.4134521484375,-1.8465576171875
2025-04-30,QCOM,LSTM-GNN Graph-Gate + TSN Features,148.4600067138672,146.39830017089844,-2.06170654296875
2025-04-30,SBUX,LSTM-GNN Graph-Gate + TSN Features,80.05000305175781,84.65198516845703,4.601982116699219
2025-05-01,AAPL,LSTM-GNN Graph-Gate + TSN Features,213.32000732421875,212.14743041992188,-1.172576904296875
2025-05-01,ADBE,LSTM-GNN Graph-Gate + TSN Features,374.6299743652344,374.2646484375,-0.365325927734375
2025-05-01,AMD,LSTM-GNN Graph-Gate + TSN Features,96.64999389648438,96.93758392333984,0.28759002685546875
2025-05-01,CMCSA,LSTM-GNN Graph-Gate + TSN Features,31.69634437561035,32.03050231933594,0.33415794372558594
2025-05-01,COST,LSTM-GNN Graph-Gate + TSN Features,999.0399780273438,992.6735229492188,-6.366455078125
2025-05-01,INTC,LSTM-GNN Graph-Gate + TSN Features,19.98000144958496,20.040630340576172,0.06062889099121094
2025-05-01,INTU,LSTM-GNN Graph-Gate + TSN Features,623.1900024414062,626.500732421875,3.31072998046875
2025-05-01,MSFT,LSTM-GNN Graph-Gate + TSN Features,425.4000244140625,394.68475341796875,-30.71527099609375
2025-05-01,QCOM,LSTM-GNN Graph-Gate + TSN Features,135.2100067138672,148.0815887451172,12.87158203125
2025-05-01,SBUX,LSTM-GNN Graph-Gate + TSN Features,82.01000213623047,79.89989471435547,-2.110107421875
2025-05-02,AAPL,LSTM-GNN Graph-Gate + TSN Features,205.35000610351562,213.07913208007812,7.7291259765625
2025-05-02,ADBE,LSTM-GNN Graph-Gate + TSN Features,380.8699645996094,374.7830505371094,-6.0869140625
2025-05-02,AMD,LSTM-GNN Graph-Gate + TSN Features,98.80000305175781,96.59121704101562,-2.2087860107421875
2025-05-02,CMCSA,LSTM-GNN Graph-Gate + TSN Features,32.29615783691406,31.704660415649414,-0.5914974212646484
2025-05-02,COST,LSTM-GNN Graph-Gate + TSN Features,1008.2999877929688,997.513916015625,-10.78607177734375
2025-05-02,INTC,LSTM-GNN Graph-Gate + TSN Features,20.6200008392334,20.001617431640625,-0.6183834075927734
2025-05-02,INTU,LSTM-GNN Graph-Gate + TSN Features,631.6800537109375,622.4398193359375,-9.240234375
2025-05-02,MSFT,LSTM-GNN Graph-Gate + TSN Features,435.2799987792969,424.9510803222656,-10.32891845703125
2025-05-02,QCOM,LSTM-GNN Graph-Gate + TSN Features,139.80999755859375,135.04885864257812,-4.761138916015625
2025-05-02,SBUX,LSTM-GNN Graph-Gate + TSN Features,84.69000244140625,81.9801025390625,-2.70989990234375
2025-05-05,AAPL,LSTM-GNN Graph-Gate + TSN Features,198.88999938964844,205.125244140625,6.2352447509765625
2025-05-05,ADBE,LSTM-GNN Graph-Gate + TSN Features,381.05999755859375,380.8493957519531,-0.210601806640625
2025-05-05,AMD,LSTM-GNN Graph-Gate + TSN Features,100.58999633789062,98.68915557861328,-1.9008407592773438
2025-05-05,CMCSA,LSTM-GNN Graph-Gate + TSN Features,32.28678512573242,32.293460845947266,0.00667572021484375
2025-05-05,COST,LSTM-GNN Graph-Gate + TSN Features,1014.8900146484375,1006.8040771484375,-8.0859375
2025-05-05,INTC,LSTM-GNN Graph-Gate + TSN Features,20.270000457763672,20.61822509765625,0.3482246398925781
2025-05-05,INTU,LSTM-GNN Graph-Gate + TSN Features,632.1799926757812,630.9547119140625,-1.22528076171875
2025-05-05,MSFT,LSTM-GNN Graph-Gate + TSN Features,436.1700134277344,434.82696533203125,-1.343048095703125
2025-05-05,QCOM,LSTM-GNN Graph-Gate + TSN Features,139.44000244140625,139.63197326660156,0.1919708251953125
2025-05-05,SBUX,LSTM-GNN Graph-Gate + TSN Features,81.66000366210938,84.6500473022461,2.9900436401367188
2025-05-06,AAPL,LSTM-GNN Graph-Gate + TSN Features,198.510009765625,198.51797485351562,0.007965087890625
2025-05-06,ADBE,LSTM-GNN Graph-Gate + TSN Features,382.9800109863281,379.6441955566406,-3.3358154296875
2025-05-06,AMD,LSTM-GNN Graph-Gate + TSN Features,98.6199951171875,100.00765228271484,1.3876571655273438
2025-05-06,CMCSA,LSTM-GNN Graph-Gate + TSN Features,32.32427215576172,32.23172378540039,-0.09254837036132812
2025-05-06,COST,LSTM-GNN Graph-Gate + TSN Features,1010.5,1013.107666015625,2.607666015625
2025-05-06,INTC,LSTM-GNN Graph-Gate + TSN Features,19.940000534057617,20.126733779907227,0.18673324584960938
2025-05-06,INTU,LSTM-GNN Graph-Gate + TSN Features,626.5499877929688,631.2034912109375,4.65350341796875
2025-05-06,MSFT,LSTM-GNN Graph-Gate + TSN Features,433.30999755859375,435.611328125,2.30133056640625
2025-05-06,QCOM,LSTM-GNN Graph-Gate + TSN Features,139.89999389648438,139.0142822265625,-0.885711669921875
2025-05-06,SBUX,LSTM-GNN Graph-Gate + TSN Features,82.77999877929688,81.4813461303711,-1.2986526489257812
2025-05-07,AAPL,LSTM-GNN Graph-Gate + TSN Features,196.25,198.14559936523438,1.895599365234375
2025-05-07,ADBE,LSTM-GNN Graph-Gate + TSN Features,384.9700012207031,381.63916015625,-3.330841064453125
2025-05-07,AMD,LSTM-GNN Graph-Gate + TSN Features,100.36000061035156,98.03546905517578,-2.3245315551757812
2025-05-07,CMCSA,LSTM-GNN Graph-Gate + TSN Features,32.230552673339844,32.26853561401367,0.037982940673828125
2025-05-07,COST,LSTM-GNN Graph-Gate + TSN Features,1007.1500244140625,1008.6807861328125,1.53076171875
2025-05-07,INTC,LSTM-GNN Graph-Gate + TSN Features,20.309999465942383,19.799699783325195,-0.5102996826171875
2025-05-07,INTU,LSTM-GNN Graph-Gate + TSN Features,641.1400146484375,625.5462646484375,-15.59375
2025-05-07,MSFT,LSTM-GNN Graph-Gate + TSN Features,433.3499755859375,432.74298095703125,-0.60699462890625
2025-05-07,QCOM,LSTM-GNN Graph-Gate + TSN Features,144.3000030517578,139.47010803222656,-4.82989501953125
2025-05-07,SBUX,LSTM-GNN Graph-Gate + TSN Features,82.70999908447266,82.61559295654297,-0.0944061279296875
2025-05-08,AAPL,LSTM-GNN Graph-Gate + TSN Features,197.49002075195312,196.08193969726562,-1.4080810546875
2025-05-08,ADBE,LSTM-GNN Graph-Gate + TSN Features,383.989990234375,384.82659912109375,0.83660888671875
2025-05-08,AMD,LSTM-GNN Graph-Gate + TSN Features,101.69998931884766,100.26657104492188,-1.4334182739257812
2025-05-08,CMCSA,LSTM-GNN Graph-Gate + TSN Features,32.07122802734375,32.228240966796875,0.157012939453125
2025-05-08,COST,LSTM-GNN Graph-Gate + TSN Features,1007.7100219726562,1006.174072265625,-1.53594970703125
2025-05-08,INTC,LSTM-GNN Graph-Gate + TSN Features,21.000001907348633,20.307462692260742,-0.6925392150878906
2025-05-08,INTU,LSTM-GNN Graph-Gate + TSN Features,656.0800170898438,640.6732177734375,-15.40679931640625
2025-05-08,MSFT,LSTM-GNN Graph-Gate + TSN Features,438.1700134277344,433.0653076171875,-5.104705810546875
2025-05-08,QCOM,LSTM-GNN Graph-Gate + TSN Features,145.10000610351562,144.1728515625,-0.927154541015625
2025-05-08,SBUX,LSTM-GNN Graph-Gate + TSN Features,82.19000244140625,82.65892791748047,0.46892547607421875
2025-05-09,AAPL,LSTM-GNN Graph-Gate + TSN Features,198.52999877929688,197.46209716796875,-1.067901611328125
2025-05-09,ADBE,LSTM-GNN Graph-Gate + TSN Features,383.27996826171875,384.9066467285156,1.626678466796875
2025-05-09,AMD,LSTM-GNN Graph-Gate + TSN Features,102.8399887084961,102.03509521484375,-0.8048934936523438
2025-05-09,CMCSA,LSTM-GNN Graph-Gate + TSN Features,32.099342346191406,32.117408752441406,0.01806640625
2025-05-09,COST,LSTM-GNN Graph-Gate + TSN Features,1008.0900268554688,1006.98974609375,-1.10028076171875
2025-05-09,INTC,LSTM-GNN Graph-Gate + TSN Features,21.420000076293945,21.106769561767578,-0.3132305145263672
2025-05-09,INTU,LSTM-GNN Graph-Gate + TSN Features,653.8800048828125,655.7689208984375,1.888916015625
2025-05-09,MSFT,LSTM-GNN Graph-Gate + TSN Features,438.73004150390625,437.95318603515625,-0.77685546875
2025-05-09,QCOM,LSTM-GNN Graph-Gate + TSN Features,145.17999267578125,145.15972900390625,-0.020263671875
2025-05-09,SBUX,LSTM-GNN Graph-Gate + TSN Features,80.30000305175781,82.25520324707031,1.9552001953125
2025-05-12,AAPL,LSTM-GNN Graph-Gate + TSN Features,210.79000854492188,198.48028564453125,-12.309722900390625
2025-05-12,ADBE,LSTM-GNN Graph-Gate + TSN Features,395.94000244140625,383.92181396484375,-12.0181884765625
2025-05-12,AMD,LSTM-GNN Graph-Gate + TSN Features,108.12000274658203,103.067138671875,-5.052864074707031
2025-05-12,CMCSA,LSTM-GNN Graph-Gate + TSN Features,32.539825439453125,32.131935119628906,-0.40789031982421875
2025-05-12,COST,LSTM-GNN Graph-Gate + TSN Features,1016.1500244140625,1007.3452758789062,-8.80474853515625
2025-05-12,INTC,LSTM-GNN Graph-Gate + TSN Features,22.18000030517578,21.49620246887207,-0.6837978363037109
2025-05-12,INTU,LSTM-GNN Graph-Gate + TSN Features,662.2999877929688,653.5531005859375,-8.74688720703125
2025-05-12,MSFT,LSTM-GNN Graph-Gate + TSN Features,449.2600402832031,438.4971923828125,-10.762847900390625
2025-05-12,QCOM,LSTM-GNN Graph-Gate + TSN Features,152.1199951171875,145.1940460205078,-6.9259490966796875
2025-05-12,SBUX,LSTM-GNN Graph-Gate + TSN Features,85.66999816894531,80.34318542480469,-5.326812744140625
2025-05-13,AAPL,LSTM-GNN Graph-Gate + TSN Features,212.92999267578125,210.59832763671875,-2.3316650390625
2025-05-13,ADBE,LSTM-GNN Graph-Gate + TSN Features,397.39996337890625,395.2119445800781,-2.188018798828125
2025-05-13,AMD,LSTM-GNN Graph-Gate + TSN Features,112.45999145507812,107.79354095458984,-4.666450500488281
2025-05-13,CMCSA,LSTM-GNN Graph-Gate + TSN Features,32.60543441772461,32.503074645996094,-0.10235977172851562
2025-05-13,COST,LSTM-GNN Graph-Gate + TSN Features,999.0300903320312,1015.02001953125,15.98992919921875
2025-05-13,INTC,LSTM-GNN Graph-Gate + TSN Features,22.559999465942383,22.107288360595703,-0.4527111053466797
2025-05-13,INTU,LSTM-GNN Graph-Gate + TSN Features,656.7999877929688,661.7277221679688,4.927734375
2025-05-13,MSFT,LSTM-GNN Graph-Gate + TSN Features,449.1400146484375,448.91143798828125,-0.22857666015625
2025-05-13,QCOM,LSTM-GNN Graph-Gate + TSN Features,151.33999633789062,151.8662567138672,0.5262603759765625
2025-05-13,SBUX,LSTM-GNN Graph-Gate + TSN Features,86.87998962402344,85.57194519042969,-1.30804443359375
2025-05-14,AAPL,LSTM-GNN Graph-Gate + TSN Features,212.3300018310547,212.95819091796875,0.6281890869140625
2025-05-14,ADBE,LSTM-GNN Graph-Gate + TSN Features,399.469970703125,397.35748291015625,-2.11248779296875
2025-05-14,AMD,LSTM-GNN Graph-Gate + TSN Features,117.7199935913086,112.47567749023438,-5.244316101074219
2025-05-14,CMCSA,LSTM-GNN Graph-Gate + TSN Features,32.38987731933594,32.6036262512207,0.21374893188476562
2025-05-14,COST,LSTM-GNN Graph-Gate + TSN Features,991.5399780273438,999.218017578125,7.67803955078125
2025-05-14,INTC,LSTM-GNN Graph-Gate + TSN Features,21.520002365112305,22.560504913330078,1.0405025482177734
2025-05-14,INTU,LSTM-GNN Graph-Gate + TSN Features,652.830078125,656.8806762695312,4.05059814453125
2025-05-14,MSFT,LSTM-GNN Graph-Gate + TSN Features,452.94000244140625,449.2147521972656,-3.725250244140625
2025-05-14,QCOM,LSTM-GNN Graph-Gate + TSN Features,152.97999572753906,151.35385131835938,-1.6261444091796875
2025-05-14,SBUX,LSTM-GNN Graph-Gate + TSN Features,86.54000091552734,86.88224792480469,0.34224700927734375
2025-05-15,AAPL,LSTM-GNN Graph-Gate + TSN Features,211.4499969482422,212.3966827392578,0.946685791015625
2025-05-15,ADBE,LSTM-GNN Graph-Gate + TSN Features,404.69000244140625,399.9377746582031,-4.752227783203125
2025-05-15,AMD,LSTM-GNN Graph-Gate + TSN Features,114.989990234375,117.90321350097656,2.9132232666015625
2025-05-15,CMCSA,LSTM-GNN Graph-Gate + TSN Features,33.11152648925781,32.4142951965332,-0.6972312927246094
2025-05-15,COST,LSTM-GNN Graph-Gate + TSN Features,1010.469970703125,991.8302001953125,-18.6397705078125
2025-05-15,INTC,LSTM-GNN Graph-Gate + TSN Features,21.549999237060547,21.5834903717041,0.03349113464355469
2025-05-15,INTU,LSTM-GNN Graph-Gate + TSN Features,661.3099975585938,652.978271484375,-8.33172607421875
2025-05-15,MSFT,LSTM-GNN Graph-Gate + TSN Features,453.1300354003906,453.0439147949219,-0.08612060546875
2025-05-15,QCOM,LSTM-GNN Graph-Gate + TSN Features,152.61000061035156,153.0810546875,0.4710540771484375
2025-05-15,SBUX,LSTM-GNN Graph-Gate + TSN Features,87.260009765625,86.58414459228516,-0.6758651733398438
2025-05-16,AAPL,LSTM-GNN Graph-Gate + TSN Features,211.25999450683594,211.78353881835938,0.5235443115234375
2025-05-16,ADBE,LSTM-GNN Graph-Gate + TSN Features,417.1300048828125,406.7842712402344,-10.345733642578125
2025-05-16,AMD,LSTM-GNN Graph-Gate + TSN Features,117.16999816894531,115.88761901855469,-1.282379150390625
2025-05-16,CMCSA,LSTM-GNN Graph-Gate + TSN Features,33.252105712890625,33.2099723815918,-0.042133331298828125
2025-05-16,COST,LSTM-GNN Graph-Gate + TSN Features,1025.8299560546875,1011.8641967773438,-13.96575927734375
2025-05-16,INTC,LSTM-GNN Graph-Gate + TSN Features,21.660001754760742,21.807044982910156,0.14704322814941406
2025-05-16,INTU,LSTM-GNN Graph-Gate + TSN Features,670.280029296875,662.0523681640625,-8.2276611328125
2025-05-16,MSFT,LSTM-GNN Graph-Gate + TSN Features,454.26995849609375,453.5977783203125,-0.67218017578125
2025-05-16,QCOM,LSTM-GNN Graph-Gate + TSN Features,152.5,153.12156677246094,0.6215667724609375
2025-05-16,SBUX,LSTM-GNN Graph-Gate + TSN Features,85.56999969482422,87.4729232788086,1.902923583984375
2025-05-19,AAPL,LSTM-GNN Graph-Gate + TSN Features,208.77999877929688,211.5753173828125,2.795318603515625
2025-05-19,ADBE,LSTM-GNN Graph-Gate + TSN Features,420.67999267578125,418.7494812011719,-1.930511474609375
2025-05-19,AMD,LSTM-GNN Graph-Gate + TSN Features,114.739990234375,117.86919403076172,3.1292037963867188
2025-05-19,CMCSA,LSTM-GNN Graph-Gate + TSN Features,33.21461868286133,33.339927673339844,0.12530899047851562
2025-05-19,COST,LSTM-GNN Graph-Gate + TSN Features,1034.3399658203125,1027.218994140625,-7.1209716796875
2025-05-19,INTC,LSTM-GNN Graph-Gate + TSN Features,21.3799991607666,21.87752914428711,0.4975299835205078
2025-05-19,INTU,LSTM-GNN Graph-Gate + TSN Features,670.8599853515625,671.0045166015625,0.14453125
2025-05-19,MSFT,LSTM-GNN Graph-Gate + TSN Features,458.8699951171875,454.7299499511719,-4.140045166015625
2025-05-19,QCOM,LSTM-GNN Graph-Gate + TSN Features,153.70001220703125,152.966064453125,-0.73394775390625
2025-05-19,SBUX,LSTM-GNN Graph-Gate + TSN Features,84.61000061035156,85.77050018310547,1.1604995727539062
2025-05-20,AAPL,LSTM-GNN Graph-Gate + TSN Features,206.86000061035156,208.91494750976562,2.0549468994140625
2025-05-20,ADBE,LSTM-GNN Graph-Gate + TSN Features,417.6099853515625,421.0002136230469,3.390228271484375
2025-05-20,AMD,LSTM-GNN Graph-Gate + TSN Features,113.50999450683594,114.8507080078125,1.3407135009765625
2025-05-20,CMCSA,LSTM-GNN Graph-Gate + TSN Features,33.35519790649414,33.22908401489258,-0.1261138916015625
2025-05-20,COST,LSTM-GNN Graph-Gate + TSN Features,1036.8199462890625,1035.48291015625,-1.3370361328125
2025-05-20,INTC,LSTM-GNN Graph-Gate + TSN Features,21.270000457763672,21.418365478515625,0.14836502075195312
2025-05-20,INTU,LSTM-GNN Graph-Gate + TSN Features,671.1600341796875,671.3766479492188,0.21661376953125
2025-05-20,MSFT,LSTM-GNN Graph-Gate + TSN Features,458.16998291015625,459.22369384765625,1.0537109375
2025-05-20,QCOM,LSTM-GNN Graph-Gate + TSN Features,153.82000732421875,153.85256958007812,0.032562255859375
2025-05-20,SBUX,LSTM-GNN Graph-Gate + TSN Features,85.58999633789062,84.63581848144531,-0.9541778564453125
2025-05-21,AAPL,LSTM-GNN Graph-Gate + TSN Features,202.08999633789062,206.99093627929688,4.90093994140625
2025-05-21,ADBE,LSTM-GNN Graph-Gate + TSN Features,414.0299987792969,417.9122009277344,3.8822021484375
2025-05-21,AMD,LSTM-GNN Graph-Gate + TSN Features,112.05999755859375,113.6443862915039,1.5843887329101562
2025-05-21,CMCSA,LSTM-GNN Graph-Gate + TSN Features,32.89596939086914,33.375179290771484,0.47920989990234375
2025-05-21,COST,LSTM-GNN Graph-Gate + TSN Features,1025.300048828125,1037.931884765625,12.6318359375
2025-05-21,INTC,LSTM-GNN Graph-Gate + TSN Features,20.69000244140625,21.314647674560547,0.6246452331542969
2025-05-21,INTU,LSTM-GNN Graph-Gate + TSN Features,659.97998046875,671.6697387695312,11.68975830078125
2025-05-21,MSFT,LSTM-GNN Graph-Gate + TSN Features,452.57000732421875,458.5149230957031,5.944915771484375
2025-05-21,QCOM,LSTM-GNN Graph-Gate + TSN Features,151.30999755859375,153.96542358398438,2.655426025390625
2025-05-21,SBUX,LSTM-GNN Graph-Gate + TSN Features,82.98001098632812,85.63374328613281,2.6537322998046875
2025-05-22,AAPL,LSTM-GNN Graph-Gate + TSN Features,201.36000061035156,202.31674194335938,0.9567413330078125
2025-05-22,ADBE,LSTM-GNN Graph-Gate + TSN Features,414.33001708984375,415.1836853027344,0.853668212890625
2025-05-22,AMD,LSTM-GNN Graph-Gate + TSN Features,110.70999145507812,112.53010559082031,1.8201141357421875
2025-05-22,CMCSA,LSTM-GNN Graph-Gate + TSN Features,32.41799545288086,32.959415435791016,0.5414199829101562
2025-05-22,COST,LSTM-GNN Graph-Gate + TSN Features,1018.1299438476562,1026.523681640625,8.39373779296875
2025-05-22,INTC,LSTM-GNN Graph-Gate + TSN Features,20.55000114440918,20.84670066833496,0.29669952392578125
2025-05-22,INTU,LSTM-GNN Graph-Gate + TSN Features,666.070068359375,660.5799560546875,-5.4901123046875
2025-05-22,MSFT,LSTM-GNN Graph-Gate + TSN Features,454.8599853515625,452.9627380371094,-1.897247314453125
2025-05-22,QCOM,LSTM-GNN Graph-Gate + TSN Features,147.3699951171875,151.62808227539062,4.258087158203125
2025-05-22,SBUX,LSTM-GNN Graph-Gate + TSN Features,83.97000122070312,83.10696411132812,-0.863037109375
2025-05-23,AAPL,LSTM-GNN Graph-Gate + TSN Features,195.27000427246094,201.7213134765625,6.4513092041015625
2025-05-23,ADBE,LSTM-GNN Graph-Gate + TSN Features,407.69000244140625,416.3379821777344,8.647979736328125
2025-05-23,AMD,LSTM-GNN Graph-Gate + TSN Features,110.30999755859375,111.59738159179688,1.287384033203125
2025-05-23,CMCSA,LSTM-GNN Graph-Gate + TSN Features,32.352386474609375,32.53882598876953,0.18643951416015625
2025-05-23,COST,LSTM-GNN Graph-Gate + TSN Features,1008.5,1019.5757446289062,11.07574462890625
2025-05-23,INTC,LSTM-GNN Graph-Gate + TSN Features,20.049999237060547,20.835622787475586,0.7856235504150391
2025-05-23,INTU,LSTM-GNN Graph-Gate + TSN Features,720.1300048828125,666.8171997070312,-53.31280517578125
2025-05-23,MSFT,LSTM-GNN Graph-Gate + TSN Features,450.17999267578125,455.32269287109375,5.1427001953125
2025-05-23,QCOM,LSTM-GNN Graph-Gate + TSN Features,145.3800048828125,147.91818237304688,2.538177490234375
2025-05-23,SBUX,LSTM-GNN Graph-Gate + TSN Features,84.40000915527344,84.20024871826172,-0.19976043701171875
2025-05-27,AAPL,LSTM-GNN Graph-Gate + TSN Features,200.21002197265625,195.6327667236328,-4.5772552490234375
2025-05-27,ADBE,LSTM-GNN Graph-Gate + TSN Features,413.0999755859375,409.5074157714844,-3.592559814453125
2025-05-27,AMD,LSTM-GNN Graph-Gate + TSN Features,114.55998992919922,111.06153869628906,-3.4984512329101562
2025-05-27,CMCSA,LSTM-GNN Graph-Gate + TSN Features,32.75539016723633,32.45317840576172,-0.3022117614746094
2025-05-27,COST,LSTM-GNN Graph-Gate + TSN Features,1017.7899780273438,1009.9299926757812,-7.8599853515625
2025-05-27,INTC,LSTM-GNN Graph-Gate + TSN Features,20.55000114440918,20.304630279541016,-0.24537086486816406
2025-05-27,INTU,LSTM-GNN Graph-Gate + TSN Features,751.9600830078125,720.8331298828125,-31.126953125
2025-05-27,MSFT,LSTM-GNN Graph-Gate + TSN Features,460.69000244140625,450.640869140625,-10.04913330078125
2025-05-27,QCOM,LSTM-GNN Graph-Gate + TSN Features,148.6300048828125,145.87957763671875,-2.75042724609375
2025-05-27,SBUX,LSTM-GNN Graph-Gate + TSN Features,87.010009765625,84.60501098632812,-2.404998779296875
2025-05-28,AAPL,LSTM-GNN Graph-Gate + TSN Features,200.4199981689453,200.3752899169922,-0.044708251953125
2025-05-28,ADBE,LSTM-GNN Graph-Gate + TSN Features,412.2300109863281,413.39544677734375,1.165435791015625
2025-05-28,AMD,LSTM-GNN Graph-Gate + TSN Features,112.86000061035156,114.72286987304688,1.8628692626953125
2025-05-28,CMCSA,LSTM-GNN Graph-Gate + TSN Features,32.455482482910156,32.77455139160156,0.31906890869140625
2025-05-28,COST,LSTM-GNN Graph-Gate + TSN Features,1013.1400756835938,1018.8910522460938,5.7509765625
2025-05-28,INTC,LSTM-GNN Graph-Gate + TSN Features,20.37000274658203,20.595170974731445,0.22516822814941406
2025-05-28,INTU,LSTM-GNN Graph-Gate + TSN Features,754.449951171875,752.675048828125,-1.77490234375
2025-05-28,MSFT,LSTM-GNN Graph-Gate + TSN Features,457.3599853515625,461.06097412109375,3.70098876953125
2025-05-28,QCOM,LSTM-GNN Graph-Gate + TSN Features,147.60000610351562,148.81903076171875,1.219024658203125
2025-05-28,SBUX,LSTM-GNN Graph-Gate + TSN Features,86.0,87.06454467773438,1.064544677734375
2025-05-29,AAPL,LSTM-GNN Graph-Gate + TSN Features,199.95001220703125,200.52740478515625,0.577392578125
2025-05-29,ADBE,LSTM-GNN Graph-Gate + TSN Features,413.3599853515625,412.8380126953125,-0.52197265625
2025-05-29,AMD,LSTM-GNN Graph-Gate + TSN Features,113.02999877929688,113.11512756347656,0.0851287841796875
2025-05-29,CMCSA,LSTM-GNN Graph-Gate + TSN Features,32.12746047973633,32.50318145751953,0.3757209777832031
2025-05-29,COST,LSTM-GNN Graph-Gate + TSN Features,1008.739990234375,1013.4857177734375,4.7457275390625
2025-05-29,INTC,LSTM-GNN Graph-Gate + TSN Features,20.25,20.484224319458008,0.2342243194580078
2025-05-29,INTU,LSTM-GNN Graph-Gate + TSN Features,757.219970703125,754.71826171875,-2.501708984375
2025-05-29,MSFT,LSTM-GNN Graph-Gate + TSN Features,458.67999267578125,457.47467041015625,-1.205322265625
2025-05-29,QCOM,LSTM-GNN Graph-Gate + TSN Features,148.33999633789062,147.7586669921875,-0.581329345703125
2025-05-29,SBUX,LSTM-GNN Graph-Gate + TSN Features,84.05000305175781,86.06809997558594,2.018096923828125
2025-05-30,AAPL,LSTM-GNN Graph-Gate + TSN Features,200.85000610351562,200.2197265625,-0.630279541015625
2025-05-30,ADBE,LSTM-GNN Graph-Gate + TSN Features,415.0899963378906,414.9762878417969,-0.11370849609375
2025-05-30,AMD,LSTM-GNN Graph-Gate + TSN Features,110.72999572753906,113.73756408691406,3.007568359375
2025-05-30,CMCSA,LSTM-GNN Graph-Gate + TSN Features,32.39925003051758,32.2428092956543,-0.15644073486328125
2025-05-30,COST,LSTM-GNN Graph-Gate + TSN Features,1040.1800537109375,1009.4124145507812,-30.76763916015625
2025-05-30,INTC,LSTM-GNN Graph-Gate + TSN Features,19.549999237060547,20.51255989074707,0.9625606536865234
2025-05-30,INTU,LSTM-GNN Graph-Gate + TSN Features,753.469970703125,757.572021484375,4.10205078125
2025-05-30,MSFT,LSTM-GNN Graph-Gate + TSN Features,460.3599853515625,458.878662109375,-1.4813232421875
2025-05-30,QCOM,LSTM-GNN Graph-Gate + TSN Features,145.1999969482422,148.74411010742188,3.5441131591796875
2025-05-30,SBUX,LSTM-GNN Graph-Gate + TSN Features,83.94999694824219,84.24669647216797,0.29669952392578125
2025-03-20,AAPL,TSN-Attention Graph-Gated LSTM-GNN,214.10000610351562,214.8931427001953,0.7931365966796875
2025-03-20,ADBE,TSN-Attention Graph-Gated LSTM-GNN,389.6099853515625,388.05615234375,-1.5538330078125
2025-03-20,AMD,TSN-Attention Graph-Gated LSTM-GNN,107.13999938964844,106.64427185058594,-0.4957275390625
2025-03-20,CMCSA,TSN-Attention Graph-Gated LSTM-GNN,34.20806121826172,33.84556198120117,-0.3624992370605469
2025-03-20,COST,TSN-Attention Graph-Gated LSTM-GNN,895.4000244140625,901.749267578125,6.3492431640625
2025-03-20,INTC,TSN-Attention Graph-Gated LSTM-GNN,23.959997177124023,24.232961654663086,0.2729644775390625
2025-03-20,INTU,TSN-Attention Graph-Gated LSTM-GNN,600.4199829101562,602.7250366210938,2.3050537109375
2025-03-20,MSFT,TSN-Attention Graph-Gated LSTM-GNN,386.8399963378906,387.61273193359375,0.772735595703125
2025-03-20,QCOM,TSN-Attention Graph-Gated LSTM-GNN,157.9499969482422,158.2522430419922,0.30224609375
2025-03-20,SBUX,TSN-Attention Graph-Gated LSTM-GNN,99.27999877929688,98.94621276855469,-0.3337860107421875
2025-03-21,AAPL,TSN-Attention Graph-Gated LSTM-GNN,218.27000427246094,213.77914428710938,-4.4908599853515625
2025-03-21,ADBE,TSN-Attention Graph-Gated LSTM-GNN,387.260009765625,389.8624572753906,2.602447509765625
2025-03-21,AMD,TSN-Attention Graph-Gated LSTM-GNN,106.43999481201172,107.58595275878906,1.1459579467773438
2025-03-21,CMCSA,TSN-Attention Graph-Gated LSTM-GNN,34.44236373901367,34.23110580444336,-0.2112579345703125
2025-03-21,COST,TSN-Attention Graph-Gated LSTM-GNN,909.260009765625,893.246826171875,-16.01318359375
2025-03-21,INTC,TSN-Attention Graph-Gated LSTM-GNN,24.259998321533203,24.0750732421875,-0.18492507934570312
2025-03-21,INTU,TSN-Attention Graph-Gated LSTM-GNN,604.0399780273438,599.9932250976562,-4.0467529296875
2025-03-21,MSFT,TSN-Attention Graph-Gated LSTM-GNN,391.2600402832031,386.66534423828125,-4.594696044921875
2025-03-21,QCOM,TSN-Attention Graph-Gated LSTM-GNN,156.82000732421875,157.9721221923828,1.1521148681640625
2025-03-21,SBUX,TSN-Attention Graph-Gated LSTM-GNN,97.07000732421875,99.0515365600586,1.9815292358398438
2025-03-24,AAPL,TSN-Attention Graph-Gated LSTM-GNN,220.72998046875,217.97531127929688,-2.754669189453125
2025-03-24,ADBE,TSN-Attention Graph-Gated LSTM-GNN,394.4700012207031,387.5643005371094,-6.90570068359375
2025-03-24,AMD,TSN-Attention Graph-Gated LSTM-GNN,113.84999084472656,106.90655517578125,-6.9434356689453125
2025-03-24,CMCSA,TSN-Attention Graph-Gated LSTM-GNN,34.301780700683594,34.46565628051758,0.16387557983398438
2025-03-24,COST,TSN-Attention Graph-Gated LSTM-GNN,926.0399169921875,907.2020263671875,-18.837890625
2025-03-24,INTC,TSN-Attention Graph-Gated LSTM-GNN,24.21999740600586,24.376699447631836,0.15670204162597656
2025-03-24,INTU,TSN-Attention Graph-Gated LSTM-GNN,613.090087890625,603.568115234375,-9.52197265625
2025-03-24,MSFT,TSN-Attention Graph-Gated LSTM-GNN,393.08001708984375,391.1087951660156,-1.971221923828125
2025-03-24,QCOM,TSN-Attention Graph-Gated LSTM-GNN,160.0800018310547,156.85980224609375,-3.2201995849609375
2025-03-24,SBUX,TSN-Attention Graph-Gated LSTM-GNN,95.72000122070312,96.85704040527344,1.1370391845703125
2025-03-25,AAPL,TSN-Attention Graph-Gated LSTM-GNN,223.75,220.46241760253906,-3.2875823974609375
2025-03-25,ADBE,TSN-Attention Graph-Gated LSTM-GNN,403.6400146484375,394.8052062988281,-8.834808349609375
2025-03-25,AMD,TSN-Attention Graph-Gated LSTM-GNN,114.80999755859375,114.33145141601562,-0.478546142578125
2025-03-25,CMCSA,TSN-Attention Graph-Gated LSTM-GNN,34.62042999267578,34.323143005371094,-0.2972869873046875
2025-03-25,COST,TSN-Attention Graph-Gated LSTM-GNN,930.260009765625,924.1461181640625,-6.1138916015625
2025-03-25,INTC,TSN-Attention Graph-Gated LSTM-GNN,24.200000762939453,24.33247184753418,0.13247108459472656
2025-03-25,INTU,TSN-Attention Graph-Gated LSTM-GNN,618.719970703125,612.573974609375,-6.14599609375
2025-03-25,MSFT,TSN-Attention Graph-Gated LSTM-GNN,395.1600341796875,392.945068359375,-2.2149658203125
2025-03-25,QCOM,TSN-Attention Graph-Gated LSTM-GNN,160.14999389648438,160.1287841796875,-0.021209716796875
2025-03-25,SBUX,TSN-Attention Graph-Gated LSTM-GNN,95.87998962402344,95.51786804199219,-0.36212158203125
2025-03-26,AAPL,TSN-Attention Graph-Gated LSTM-GNN,221.52999877929688,223.72708129882812,2.19708251953125
2025-03-26,ADBE,TSN-Attention Graph-Gated LSTM-GNN,397.80999755859375,404.2590637207031,6.449066162109375
2025-03-26,AMD,TSN-Attention Graph-Gated LSTM-GNN,110.19000244140625,115.20781707763672,5.017814636230469
2025-03-26,CMCSA,TSN-Attention Graph-Gated LSTM-GNN,35.02342987060547,34.66402816772461,-0.3594017028808594
2025-03-26,COST,TSN-Attention Graph-Gated LSTM-GNN,929.75,929.9335327148438,0.18353271484375
2025-03-26,INTC,TSN-Attention Graph-Gated LSTM-GNN,23.420000076293945,24.31395721435547,0.8939571380615234
2025-03-26,INTU,TSN-Attention Graph-Gated LSTM-GNN,614.8599853515625,618.733642578125,3.8736572265625
2025-03-26,MSFT,TSN-Attention Graph-Gated LSTM-GNN,389.97003173828125,395.1920166015625,5.22198486328125
2025-03-26,QCOM,TSN-Attention Graph-Gated LSTM-GNN,158.3900146484375,160.28848266601562,1.898468017578125
2025-03-26,SBUX,TSN-Attention Graph-Gated LSTM-GNN,97.97000122070312,95.84867858886719,-2.1213226318359375
2025-03-27,AAPL,TSN-Attention Graph-Gated LSTM-GNN,223.85000610351562,221.514404296875,-2.335601806640625
2025-03-27,ADBE,TSN-Attention Graph-Gated LSTM-GNN,396.1499938964844,398.45245361328125,2.302459716796875
2025-03-27,AMD,TSN-Attention Graph-Gated LSTM-GNN,106.64999389648438,110.59383392333984,3.9438400268554688
2025-03-27,CMCSA,TSN-Attention Graph-Gated LSTM-GNN,35.02342987060547,35.06671905517578,0.0432891845703125
2025-03-27,COST,TSN-Attention Graph-Gated LSTM-GNN,938.75,929.4619140625,-9.2880859375
2025-03-27,INTC,TSN-Attention Graph-Gated LSTM-GNN,23.619998931884766,23.534805297851562,-0.08519363403320312
2025-03-27,INTU,TSN-Attention Graph-Gated LSTM-GNN,615.300048828125,614.86865234375,-0.431396484375
2025-03-27,MSFT,TSN-Attention Graph-Gated LSTM-GNN,390.5799865722656,390.008056640625,-0.571929931640625
2025-03-27,QCOM,TSN-Attention Graph-Gated LSTM-GNN,157.97000122070312,158.53358459472656,0.5635833740234375
2025-03-27,SBUX,TSN-Attention Graph-Gated LSTM-GNN,98.85000610351562,97.94274139404297,-0.9072647094726562
2025-03-28,AAPL,TSN-Attention Graph-Gated LSTM-GNN,217.90000915527344,223.98049926757812,6.0804901123046875
2025-03-28,ADBE,TSN-Attention Graph-Gated LSTM-GNN,385.7099914550781,396.7413024902344,11.03131103515625
2025-03-28,AMD,TSN-Attention Graph-Gated LSTM-GNN,103.22000122070312,106.93553924560547,3.7155380249023438
2025-03-28,CMCSA,TSN-Attention Graph-Gated LSTM-GNN,34.320526123046875,35.05074691772461,0.7302207946777344
2025-03-28,COST,TSN-Attention Graph-Gated LSTM-GNN,929.6599731445312,939.44580078125,9.78582763671875
2025-03-28,INTC,TSN-Attention Graph-Gated LSTM-GNN,22.709999084472656,23.693925857543945,0.9839267730712891
2025-03-28,INTU,TSN-Attention Graph-Gated LSTM-GNN,598.9199829101562,615.6514282226562,16.7314453125
2025-03-28,MSFT,TSN-Attention Graph-Gated LSTM-GNN,378.79998779296875,390.81219482421875,12.01220703125
2025-03-28,QCOM,TSN-Attention Graph-Gated LSTM-GNN,152.72000122070312,158.1475830078125,5.427581787109375
2025-03-28,SBUX,TSN-Attention Graph-Gated LSTM-GNN,97.7300033569336,98.89682006835938,1.1668167114257812
2025-03-31,AAPL,TSN-Attention Graph-Gated LSTM-GNN,222.13002014160156,218.03067016601562,-4.0993499755859375
2025-03-31,ADBE,TSN-Attention Graph-Gated LSTM-GNN,383.5299987792969,386.30426025390625,2.774261474609375
2025-03-31,AMD,TSN-Attention Graph-Gated LSTM-GNN,102.739990234375,103.50062561035156,0.7606353759765625
2025-03-31,CMCSA,TSN-Attention Graph-Gated LSTM-GNN,34.582942962646484,34.347442626953125,-0.23550033569335938
2025-03-31,COST,TSN-Attention Graph-Gated LSTM-GNN,945.780029296875,930.355224609375,-15.4248046875
2025-03-31,INTC,TSN-Attention Graph-Gated LSTM-GNN,22.709999084472656,22.783233642578125,0.07323455810546875
2025-03-31,INTU,TSN-Attention Graph-Gated LSTM-GNN,613.989990234375,599.2625732421875,-14.7274169921875
2025-03-31,MSFT,TSN-Attention Graph-Gated LSTM-GNN,375.3900146484375,379.0281982421875,3.63818359375
2025-03-31,QCOM,TSN-Attention Graph-Gated LSTM-GNN,153.61000061035156,152.89334106445312,-0.7166595458984375
2025-03-31,SBUX,TSN-Attention Graph-Gated LSTM-GNN,98.08999633789062,97.77701568603516,-0.31298065185546875
2025-04-01,AAPL,TSN-Attention Graph-Gated LSTM-GNN,223.19000244140625,222.2508544921875,-0.93914794921875
2025-04-01,ADBE,TSN-Attention Graph-Gated LSTM-GNN,383.20001220703125,384.1050720214844,0.905059814453125
2025-04-01,AMD,TSN-Attention Graph-Gated LSTM-GNN,102.77999114990234,103.0055923461914,0.2256011962890625
2025-04-01,CMCSA,TSN-Attention Graph-Gated LSTM-GNN,34.41424560546875,34.60854721069336,0.19430160522460938
2025-04-01,COST,TSN-Attention Graph-Gated LSTM-GNN,954.4000244140625,946.420166015625,-7.9798583984375
2025-04-01,INTC,TSN-Attention Graph-Gated LSTM-GNN,22.049999237060547,22.780040740966797,0.73004150390625
2025-04-01,INTU,TSN-Attention Graph-Gated LSTM-GNN,613.780029296875,614.291748046875,0.51171875
2025-04-01,MSFT,TSN-Attention Graph-Gated LSTM-GNN,382.19000244140625,375.5953369140625,-6.59466552734375
2025-04-01,QCOM,TSN-Attention Graph-Gated LSTM-GNN,153.0500030517578,153.7678680419922,0.717864990234375
2025-04-01,SBUX,TSN-Attention Graph-Gated LSTM-GNN,98.2300033569336,98.13396453857422,-0.096038818359375
2025-04-02,AAPL,TSN-Attention Graph-Gated LSTM-GNN,223.88998413085938,223.30615234375,-0.583831787109375
2025-04-02,ADBE,TSN-Attention Graph-Gated LSTM-GNN,385.7799987792969,383.774169921875,-2.005828857421875
2025-04-02,AMD,TSN-Attention Graph-Gated LSTM-GNN,102.95999145507812,103.03636169433594,0.0763702392578125
2025-04-02,CMCSA,TSN-Attention Graph-Gated LSTM-GNN,34.31114959716797,34.439022064208984,0.12787246704101562
2025-04-02,COST,TSN-Attention Graph-Gated LSTM-GNN,965.0800170898438,955.0029296875,-10.07708740234375
2025-04-02,INTC,TSN-Attention Graph-Gated LSTM-GNN,21.979999542236328,22.117982864379883,0.1379833221435547
2025-04-02,INTU,TSN-Attention Graph-Gated LSTM-GNN,620.9099731445312,614.0548706054688,-6.8551025390625
2025-04-02,MSFT,TSN-Attention Graph-Gated LSTM-GNN,382.1400146484375,382.38201904296875,0.24200439453125
2025-04-02,QCOM,TSN-Attention Graph-Gated LSTM-GNN,154.0800018310547,153.2000274658203,-0.879974365234375
2025-04-02,SBUX,TSN-Attention Graph-Gated LSTM-GNN,99.41000366210938,98.27275085449219,-1.1372528076171875
2025-04-03,AAPL,TSN-Attention Graph-Gated LSTM-GNN,203.19000244140625,224.01773071289062,20.827728271484375
2025-04-03,ADBE,TSN-Attention Graph-Gated LSTM-GNN,367.25,386.39697265625,19.14697265625
2025-04-03,AMD,TSN-Attention Graph-Gated LSTM-GNN,93.80000305175781,103.22627258300781,9.42626953125
2025-04-03,CMCSA,TSN-Attention Graph-Gated LSTM-GNN,33.4770393371582,34.337032318115234,0.8599929809570312
2025-04-03,COST,TSN-Attention Graph-Gated LSTM-GNN,967.0800170898438,965.7479248046875,-1.33209228515625
2025-04-03,INTC,TSN-Attention Graph-Gated LSTM-GNN,22.42999839782715,22.050586700439453,-0.3794116973876953
2025-04-03,INTU,TSN-Attention Graph-Gated LSTM-GNN,598.530029296875,621.2152099609375,22.6851806640625
2025-04-03,MSFT,TSN-Attention Graph-Gated LSTM-GNN,373.1099853515625,382.353759765625,9.2437744140625
2025-04-03,QCOM,TSN-Attention Graph-Gated LSTM-GNN,139.4199981689453,154.24176025390625,14.821762084960938
2025-04-03,SBUX,TSN-Attention Graph-Gated LSTM-GNN,88.26000213623047,99.45793151855469,11.197929382324219
2025-04-04,AAPL,TSN-Attention Graph-Gated LSTM-GNN,188.3800048828125,203.0341339111328,14.654129028320312
2025-04-04,ADBE,TSN-Attention Graph-Gated LSTM-GNN,349.0699768066406,366.968505859375,17.898529052734375
2025-04-04,AMD,TSN-Attention Graph-Gated LSTM-GNN,85.75999450683594,93.71410369873047,7.954109191894531
2025-04-04,CMCSA,TSN-Attention Graph-Gated LSTM-GNN,31.283973693847656,33.46905517578125,2.1850814819335938
2025-04-04,COST,TSN-Attention Graph-Gated LSTM-GNN,916.47998046875,966.1343994140625,49.6544189453125
2025-04-04,INTC,TSN-Attention Graph-Gated LSTM-GNN,19.850000381469727,22.410940170288086,2.5609397888183594
2025-04-04,INTU,TSN-Attention Graph-Gated LSTM-GNN,561.530029296875,598.0667724609375,36.5367431640625
2025-04-04,MSFT,TSN-Attention Graph-Gated LSTM-GNN,359.84002685546875,372.8191223144531,12.979095458984375
2025-04-04,QCOM,TSN-Attention Graph-Gated LSTM-GNN,127.46000671386719,139.26547241210938,11.805465698242188
2025-04-04,SBUX,TSN-Attention Graph-Gated LSTM-GNN,82.10000610351562,88.1951904296875,6.095184326171875
2025-04-07,AAPL,TSN-Attention Graph-Gated LSTM-GNN,181.4600067138672,188.22471618652344,6.76470947265625
2025-04-07,ADBE,TSN-Attention Graph-Gated LSTM-GNN,340.70001220703125,348.8012390136719,8.101226806640625
2025-04-07,AMD,TSN-Attention Graph-Gated LSTM-GNN,83.6399917602539,85.67586517333984,2.0358734130859375
2025-04-07,CMCSA,TSN-Attention Graph-Gated LSTM-GNN,31.368322372436523,31.27668571472168,-0.09163665771484375
2025-04-07,COST,TSN-Attention Graph-Gated LSTM-GNN,908.1300048828125,915.5445556640625,7.41455078125
2025-04-07,INTC,TSN-Attention Graph-Gated LSTM-GNN,19.56999969482422,19.831634521484375,0.26163482666015625
2025-04-07,INTU,TSN-Attention Graph-Gated LSTM-GNN,556.239990234375,561.0751953125,4.835205078125
2025-04-07,MSFT,TSN-Attention Graph-Gated LSTM-GNN,357.8599853515625,359.5535583496094,1.693572998046875
2025-04-07,QCOM,TSN-Attention Graph-Gated LSTM-GNN,129.72000122070312,127.30984497070312,-2.41015625
2025-04-07,SBUX,TSN-Attention Graph-Gated LSTM-GNN,80.0,82.0370864868164,2.0370864868164062
2025-04-08,AAPL,TSN-Attention Graph-Gated LSTM-GNN,172.4199981689453,181.2766571044922,8.856658935546875
2025-04-08,ADBE,TSN-Attention Graph-Gated LSTM-GNN,340.0,340.3517761230469,0.351776123046875
2025-04-08,AMD,TSN-Attention Graph-Gated LSTM-GNN,78.20999908447266,83.51876068115234,5.3087615966796875
2025-04-08,CMCSA,TSN-Attention Graph-Gated LSTM-GNN,30.77787971496582,31.357288360595703,0.5794086456298828
2025-04-08,COST,TSN-Attention Graph-Gated LSTM-GNN,908.75,907.0368041992188,-1.71319580078125
2025-04-08,INTC,TSN-Attention Graph-Gated LSTM-GNN,18.12999725341797,19.542112350463867,1.4121150970458984
2025-04-08,INTU,TSN-Attention Graph-Gated LSTM-GNN,544.0700073242188,555.6905517578125,11.62054443359375
2025-04-08,MSFT,TSN-Attention Graph-Gated LSTM-GNN,354.55999755859375,357.51385498046875,2.953857421875
2025-04-08,QCOM,TSN-Attention Graph-Gated LSTM-GNN,124.6600112915039,129.53338623046875,4.873374938964844
2025-04-08,SBUX,TSN-Attention Graph-Gated LSTM-GNN,79.69000244140625,79.92557525634766,0.23557281494140625
2025-04-09,AAPL,TSN-Attention Graph-Gated LSTM-GNN,198.85000610351562,172.2378692626953,-26.612136840820312
2025-04-09,ADBE,TSN-Attention Graph-Gated LSTM-GNN,364.6400146484375,339.656005859375,-24.9840087890625
2025-04-09,AMD,TSN-Attention Graph-Gated LSTM-GNN,96.83999633789062,78.08248138427734,-18.75751495361328
2025-04-09,CMCSA,TSN-Attention Graph-Gated LSTM-GNN,32.970947265625,30.766386032104492,-2.204561233520508
2025-04-09,COST,TSN-Attention Graph-Gated LSTM-GNN,965.1900024414062,907.6552734375,-57.53472900390625
2025-04-09,INTC,TSN-Attention Graph-Gated LSTM-GNN,21.53000259399414,18.100807189941406,-3.4291954040527344
2025-04-09,INTU,TSN-Attention Graph-Gated LSTM-GNN,596.47998046875,543.5181884765625,-52.9617919921875
2025-04-09,MSFT,TSN-Attention Graph-Gated LSTM-GNN,390.489990234375,354.2129211425781,-36.277069091796875
2025-04-09,QCOM,TSN-Attention Graph-Gated LSTM-GNN,143.58999633789062,124.47366333007812,-19.1163330078125
2025-04-09,SBUX,TSN-Attention Graph-Gated LSTM-GNN,88.68000793457031,79.61608123779297,-9.063926696777344
2025-04-10,AAPL,TSN-Attention Graph-Gated LSTM-GNN,190.42001342773438,198.67706298828125,8.257049560546875
2025-04-10,ADBE,TSN-Attention Graph-Gated LSTM-GNN,350.04998779296875,364.3331604003906,14.283172607421875
2025-04-10,AMD,TSN-Attention Graph-Gated LSTM-GNN,88.69999694824219,96.73153686523438,8.031539916992188
2025-04-10,CMCSA,TSN-Attention Graph-Gated LSTM-GNN,31.565135955810547,32.96046447753906,1.3953285217285156
2025-04-10,COST,TSN-Attention Graph-Gated LSTM-GNN,964.31005859375,964.1503295898438,-0.15972900390625
2025-04-10,INTC,TSN-Attention Graph-Gated LSTM-GNN,19.880001068115234,21.503475189208984,1.62347412109375
2025-04-10,INTU,TSN-Attention Graph-Gated LSTM-GNN,577.469970703125,595.956787109375,18.48681640625
2025-04-10,MSFT,TSN-Attention Graph-Gated LSTM-GNN,381.3500061035156,390.16241455078125,8.812408447265625
2025-04-10,QCOM,TSN-Attention Graph-Gated LSTM-GNN,134.39999389648438,143.41659545898438,9.0166015625
2025-04-10,SBUX,TSN-Attention Graph-Gated LSTM-GNN,84.5999984741211,88.61044311523438,4.010444641113281
2025-04-11,AAPL,TSN-Attention Graph-Gated LSTM-GNN,198.14999389648438,190.2715301513672,-7.8784637451171875
2025-04-11,ADBE,TSN-Attention Graph-Gated LSTM-GNN,352.469970703125,349.82000732421875,-2.64996337890625
2025-04-11,AMD,TSN-Attention Graph-Gated LSTM-GNN,93.39999389648438,88.61894989013672,-4.781044006347656
2025-04-11,CMCSA,TSN-Attention Graph-Gated LSTM-GNN,31.602622985839844,31.557714462280273,-0.04490852355957031
2025-04-11,COST,TSN-Attention Graph-Gated LSTM-GNN,963.409912109375,963.3893432617188,-0.02056884765625
2025-04-11,INTC,TSN-Attention Graph-Gated LSTM-GNN,19.739999771118164,19.86195182800293,0.12195205688476562
2025-04-11,INTU,TSN-Attention Graph-Gated LSTM-GNN,587.0399780273438,577.0205688476562,-10.0194091796875
2025-04-11,MSFT,TSN-Attention Graph-Gated LSTM-GNN,388.45001220703125,381.0687255859375,-7.38128662109375
2025-04-11,QCOM,TSN-Attention Graph-Gated LSTM-GNN,139.25,134.2565460205078,-4.9934539794921875
2025-04-11,SBUX,TSN-Attention Graph-Gated LSTM-GNN,85.43000793457031,84.54106140136719,-0.888946533203125
2025-04-14,AAPL,TSN-Attention Graph-Gated LSTM-GNN,202.52001953125,198.00103759765625,-4.51898193359375
2025-04-14,ADBE,TSN-Attention Graph-Gated LSTM-GNN,350.9100036621094,352.2483215332031,1.33831787109375
2025-04-14,AMD,TSN-Attention Graph-Gated LSTM-GNN,94.5,93.31591033935547,-1.1840896606445312
2025-04-14,CMCSA,TSN-Attention Graph-Gated LSTM-GNN,32.00562286376953,31.595117568969727,-0.4105052947998047
2025-04-14,COST,TSN-Attention Graph-Gated LSTM-GNN,979.320068359375,962.4846801757812,-16.83538818359375
2025-04-14,INTC,TSN-Attention Graph-Gated LSTM-GNN,20.309999465942383,19.72200584411621,-0.5879936218261719
2025-04-14,INTU,TSN-Attention Graph-Gated LSTM-GNN,593.5499877929688,586.5880126953125,-6.96197509765625
2025-04-14,MSFT,TSN-Attention Graph-Gated LSTM-GNN,387.80999755859375,388.1663818359375,0.35638427734375
2025-04-14,QCOM,TSN-Attention Graph-Gated LSTM-GNN,139.19000244140625,139.1054229736328,-0.0845794677734375
2025-04-14,SBUX,TSN-Attention Graph-Gated LSTM-GNN,85.48999786376953,85.37159729003906,-0.11840057373046875
2025-04-15,AAPL,TSN-Attention Graph-Gated LSTM-GNN,202.1400146484375,202.33970642089844,0.1996917724609375
2025-04-15,ADBE,TSN-Attention Graph-Gated LSTM-GNN,350.3800048828125,350.6086120605469,0.228607177734375
2025-04-15,AMD,TSN-Attention Graph-Gated LSTM-GNN,95.29000091552734,94.37535858154297,-0.914642333984375
2025-04-15,CMCSA,TSN-Attention Graph-Gated LSTM-GNN,32.239925384521484,31.994224548339844,-0.24570083618164062
2025-04-15,COST,TSN-Attention Graph-Gated LSTM-GNN,976.9200439453125,978.239990234375,1.3199462890625
2025-04-15,INTC,TSN-Attention Graph-Gated LSTM-GNN,19.85000228881836,20.28253746032715,0.43253517150878906
2025-04-15,INTU,TSN-Attention Graph-Gated LSTM-GNN,594.0800170898438,593.0029296875,-1.07708740234375
2025-04-15,MSFT,TSN-Attention Graph-Gated LSTM-GNN,385.73004150390625,387.465576171875,1.73553466796875
2025-04-15,QCOM,TSN-Attention Graph-Gated LSTM-GNN,138.60000610351562,139.0086669921875,0.408660888671875
2025-04-15,SBUX,TSN-Attention Graph-Gated LSTM-GNN,83.70999908447266,85.41983032226562,1.7098312377929688
2025-04-16,AAPL,TSN-Attention Graph-Gated LSTM-GNN,194.27000427246094,201.95980834960938,7.6898040771484375
2025-04-16,ADBE,TSN-Attention Graph-Gated LSTM-GNN,344.19000244140625,350.08258056640625,5.892578125
2025-04-16,AMD,TSN-Attention Graph-Gated LSTM-GNN,88.29000091552734,95.1650161743164,6.8750152587890625
2025-04-16,CMCSA,TSN-Attention Graph-Gated LSTM-GNN,31.44329833984375,32.22850799560547,0.7852096557617188
2025-04-16,COST,TSN-Attention Graph-Gated LSTM-GNN,967.75,975.8385009765625,8.0885009765625
2025-04-16,INTC,TSN-Attention Graph-Gated LSTM-GNN,19.23000144958496,19.82269287109375,0.5926914215087891
2025-04-16,INTU,TSN-Attention Graph-Gated LSTM-GNN,588.0800170898438,593.531005859375,5.45098876953125
2025-04-16,MSFT,TSN-Attention Graph-Gated LSTM-GNN,371.6099853515625,385.3846740722656,13.774688720703125
2025-04-16,QCOM,TSN-Attention Graph-Gated LSTM-GNN,135.74000549316406,138.41864013671875,2.6786346435546875
2025-04-16,SBUX,TSN-Attention Graph-Gated LSTM-GNN,80.76000213623047,83.64031982421875,2.8803176879882812
2025-04-17,AAPL,TSN-Attention Graph-Gated LSTM-GNN,196.97999572753906,194.05381774902344,-2.926177978515625
2025-04-17,ADBE,TSN-Attention Graph-Gated LSTM-GNN,348.79998779296875,343.7380065917969,-5.061981201171875
2025-04-17,AMD,TSN-Attention Graph-Gated LSTM-GNN,87.5,88.08557891845703,0.5855789184570312
2025-04-17,CMCSA,TSN-Attention Graph-Gated LSTM-GNN,31.874414443969727,31.425479888916016,-0.44893455505371094
2025-04-17,COST,TSN-Attention Graph-Gated LSTM-GNN,994.5,966.519287109375,-27.980712890625
2025-04-17,INTC,TSN-Attention Graph-Gated LSTM-GNN,18.93000030517578,19.188718795776367,0.25871849060058594
2025-04-17,INTU,TSN-Attention Graph-Gated LSTM-GNN,585.3800048828125,587.4428100585938,2.06280517578125
2025-04-17,MSFT,TSN-Attention Graph-Gated LSTM-GNN,367.780029296875,371.19805908203125,3.41802978515625
2025-04-17,QCOM,TSN-Attention Graph-Gated LSTM-GNN,136.66000366210938,135.50599670410156,-1.1540069580078125
2025-04-17,SBUX,TSN-Attention Graph-Gated LSTM-GNN,81.5,80.67425537109375,-0.82574462890625
2025-04-21,AAPL,TSN-Attention Graph-Gated LSTM-GNN,193.16000366210938,197.0654754638672,3.9054718017578125
2025-04-21,ADBE,TSN-Attention Graph-Gated LSTM-GNN,343.219970703125,349.2444763183594,6.024505615234375
2025-04-21,AMD,TSN-Attention Graph-Gated LSTM-GNN,85.55999755859375,87.71714782714844,2.1571502685546875
2025-04-21,CMCSA,TSN-Attention Graph-Gated LSTM-GNN,31.490158081054688,31.899580001831055,0.4094219207763672
2025-04-21,COST,TSN-Attention Graph-Gated LSTM-GNN,957.77001953125,994.618896484375,36.848876953125
2025-04-21,INTC,TSN-Attention Graph-Gated LSTM-GNN,18.84000015258789,18.995149612426758,0.1551494598388672
2025-04-21,INTU,TSN-Attention Graph-Gated LSTM-GNN,568.8400268554688,585.6126708984375,16.77264404296875
2025-04-21,MSFT,TSN-Attention Graph-Gated LSTM-GNN,359.1199951171875,367.9263916015625,8.806396484375
2025-04-21,QCOM,TSN-Attention Graph-Gated LSTM-GNN,136.13999938964844,136.79827880859375,0.6582794189453125
2025-04-21,SBUX,TSN-Attention Graph-Gated LSTM-GNN,80.68000793457031,81.54263305664062,0.8626251220703125
2025-04-22,AAPL,TSN-Attention Graph-Gated LSTM-GNN,199.74000549316406,192.90846252441406,-6.83154296875
2025-04-22,ADBE,TSN-Attention Graph-Gated LSTM-GNN,349.9100036621094,342.8153076171875,-7.094696044921875
2025-04-22,AMD,TSN-Attention Graph-Gated LSTM-GNN,86.26000213623047,85.3734359741211,-0.886566162109375
2025-04-22,CMCSA,TSN-Attention Graph-Gated LSTM-GNN,32.05248260498047,31.474857330322266,-0.5776252746582031
2025-04-22,COST,TSN-Attention Graph-Gated LSTM-GNN,979.22998046875,956.2603759765625,-22.9696044921875
2025-04-22,INTC,TSN-Attention Graph-Gated LSTM-GNN,19.510000228881836,18.804317474365234,-0.7056827545166016
2025-04-22,INTU,TSN-Attention Graph-Gated LSTM-GNN,583.5599975585938,568.0857543945312,-15.4742431640625
2025-04-22,MSFT,TSN-Attention Graph-Gated LSTM-GNN,366.82000732421875,358.6373291015625,-8.18267822265625
2025-04-22,QCOM,TSN-Attention Graph-Gated LSTM-GNN,138.74000549316406,135.8753662109375,-2.8646392822265625
2025-04-22,SBUX,TSN-Attention Graph-Gated LSTM-GNN,81.75,80.58199310302734,-1.1680068969726562
2025-04-23,AAPL,TSN-Attention Graph-Gated LSTM-GNN,204.60000610351562,199.4877471923828,-5.1122589111328125
2025-04-23,ADBE,TSN-Attention Graph-Gated LSTM-GNN,351.9599914550781,349.5096740722656,-2.4503173828125
2025-04-23,AMD,TSN-Attention Graph-Gated LSTM-GNN,90.38999938964844,86.07442474365234,-4.315574645996094
2025-04-23,CMCSA,TSN-Attention Graph-Gated LSTM-GNN,32.3055305480957,32.03707504272461,-0.26845550537109375
2025-04-23,COST,TSN-Attention Graph-Gated LSTM-GNN,975.8400268554688,977.706298828125,1.86627197265625
2025-04-23,INTC,TSN-Attention Graph-Gated LSTM-GNN,20.590002059936523,19.473976135253906,-1.1160259246826172
2025-04-23,INTU,TSN-Attention Graph-Gated LSTM-GNN,596.0499877929688,582.802490234375,-13.24749755859375
2025-04-23,MSFT,TSN-Attention Graph-Gated LSTM-GNN,374.3900146484375,366.3357849121094,-8.054229736328125
2025-04-23,QCOM,TSN-Attention Graph-Gated LSTM-GNN,140.46002197265625,138.47433471679688,-1.985687255859375
2025-04-23,SBUX,TSN-Attention Graph-Gated LSTM-GNN,82.80999755859375,81.65155792236328,-1.1584396362304688
2025-04-24,AAPL,TSN-Attention Graph-Gated LSTM-GNN,208.3699951171875,204.37710571289062,-3.992889404296875
2025-04-24,ADBE,TSN-Attention Graph-Gated LSTM-GNN,360.9100036621094,351.67828369140625,-9.231719970703125
2025-04-24,AMD,TSN-Attention Graph-Gated LSTM-GNN,94.4699935913086,90.25938415527344,-4.210609436035156
2025-04-24,CMCSA,TSN-Attention Graph-Gated LSTM-GNN,31.10590171813965,32.29665756225586,1.190755844116211
2025-04-24,COST,TSN-Attention Graph-Gated LSTM-GNN,975.47998046875,974.5068359375,-0.97314453125
2025-04-24,INTC,TSN-Attention Graph-Gated LSTM-GNN,21.489999771118164,20.56900405883789,-0.9209957122802734
2025-04-24,INTU,TSN-Attention Graph-Gated LSTM-GNN,614.8299560546875,595.380859375,-19.4490966796875
2025-04-24,MSFT,TSN-Attention Graph-Gated LSTM-GNN,387.29998779296875,373.960693359375,-13.33929443359375
2025-04-24,QCOM,TSN-Attention Graph-Gated LSTM-GNN,147.2100067138672,140.23439025878906,-6.975616455078125
2025-04-24,SBUX,TSN-Attention Graph-Gated LSTM-GNN,83.86000061035156,82.7269515991211,-1.1330490112304688
2025-04-25,AAPL,TSN-Attention Graph-Gated LSTM-GNN,209.28001403808594,208.3070068359375,-0.9730072021484375
2025-04-25,ADBE,TSN-Attention Graph-Gated LSTM-GNN,367.719970703125,361.13800048828125,-6.58197021484375
2025-04-25,AMD,TSN-Attention Graph-Gated LSTM-GNN,96.64999389648438,94.61241912841797,-2.0375747680664062
2025-04-25,CMCSA,TSN-Attention Graph-Gated LSTM-GNN,31.771318435668945,31.13352394104004,-0.6377944946289062
2025-04-25,COST,TSN-Attention Graph-Gated LSTM-GNN,977.159912109375,974.9407958984375,-2.2191162109375
2025-04-25,INTC,TSN-Attention Graph-Gated LSTM-GNN,20.049999237060547,21.558897018432617,1.5088977813720703
2025-04-25,INTU,TSN-Attention Graph-Gated LSTM-GNN,624.1200561523438,614.6343383789062,-9.4857177734375
2025-04-25,MSFT,TSN-Attention Graph-Gated LSTM-GNN,391.85003662109375,387.1574401855469,-4.692596435546875
2025-04-25,QCOM,TSN-Attention Graph-Gated LSTM-GNN,148.55999755859375,147.21322631835938,-1.346771240234375
2025-04-25,SBUX,TSN-Attention Graph-Gated LSTM-GNN,83.80999755859375,83.87043762207031,0.0604400634765625
2025-04-28,AAPL,TSN-Attention Graph-Gated LSTM-GNN,210.1400146484375,209.41244506835938,-0.727569580078125
2025-04-28,ADBE,TSN-Attention Graph-Gated LSTM-GNN,368.6199951171875,368.4734802246094,-0.146514892578125
2025-04-28,AMD,TSN-Attention Graph-Gated LSTM-GNN,96.3899917602539,96.97334289550781,0.5833511352539062
2025-04-28,CMCSA,TSN-Attention Graph-Gated LSTM-GNN,31.64948272705078,31.808420181274414,0.1589374542236328
2025-04-28,COST,TSN-Attention Graph-Gated LSTM-GNN,978.5399780273438,977.7846069335938,-0.75537109375
2025-04-28,INTC,TSN-Attention Graph-Gated LSTM-GNN,20.51000213623047,20.138134002685547,-0.3718681335449219
2025-04-28,INTU,TSN-Attention Graph-Gated LSTM-GNN,618.22998046875,624.4699096679688,6.23992919921875
2025-04-28,MSFT,TSN-Attention Graph-Gated LSTM-GNN,391.1600036621094,392.0888671875,0.928863525390625
2025-04-28,QCOM,TSN-Attention Graph-Gated LSTM-GNN,147.6199951171875,148.7572479248047,1.1372528076171875
2025-04-28,SBUX,TSN-Attention Graph-Gated LSTM-GNN,83.9000015258789,83.87452697753906,-0.02547454833984375
2025-04-29,AAPL,TSN-Attention Graph-Gated LSTM-GNN,211.21002197265625,209.91189575195312,-1.298126220703125
2025-04-29,ADBE,TSN-Attention Graph-Gated LSTM-GNN,370.9800109863281,368.3426208496094,-2.63739013671875
2025-04-29,AMD,TSN-Attention Graph-Gated LSTM-GNN,96.05999755859375,96.25000762939453,0.19001007080078125
2025-04-29,CMCSA,TSN-Attention Graph-Gated LSTM-GNN,31.808807373046875,31.640573501586914,-0.16823387145996094
2025-04-29,COST,TSN-Attention Graph-Gated LSTM-GNN,991.7000732421875,977.1512451171875,-14.548828125
2025-04-29,INTC,TSN-Attention Graph-Gated LSTM-GNN,20.34000015258789,20.486371994018555,0.14637184143066406
2025-04-29,INTU,TSN-Attention Graph-Gated LSTM-GNN,623.1500854492188,617.5432739257812,-5.6068115234375
2025-04-29,MSFT,TSN-Attention Graph-Gated LSTM-GNN,394.0400085449219,390.720703125,-3.319305419921875
2025-04-29,QCOM,TSN-Attention Graph-Gated LSTM-GNN,146.8800048828125,147.38528442382812,0.505279541015625
2025-04-29,SBUX,TSN-Attention Graph-Gated LSTM-GNN,84.8499984741211,83.81422424316406,-1.0357742309570312
2025-04-30,AAPL,TSN-Attention Graph-Gated LSTM-GNN,212.50001525878906,210.9803466796875,-1.5196685791015625
2025-04-30,ADBE,TSN-Attention Graph-Gated LSTM-GNN,374.9800109863281,370.6871337890625,-4.292877197265625
2025-04-30,AMD,TSN-Attention Graph-Gated LSTM-GNN,97.34999084472656,95.90983581542969,-1.440155029296875
2025-04-30,CMCSA,TSN-Attention Graph-Gated LSTM-GNN,32.05248260498047,31.79894256591797,-0.2535400390625
2025-04-30,COST,TSN-Attention Graph-Gated LSTM-GNN,994.5,990.300048828125,-4.199951171875
2025-04-30,INTC,TSN-Attention Graph-Gated LSTM-GNN,20.10000228881836,20.31368064880371,0.21367835998535156
2025-04-30,INTU,TSN-Attention Graph-Gated LSTM-GNN,627.469970703125,622.4586181640625,-5.0113525390625
2025-04-30,MSFT,TSN-Attention Graph-Gated LSTM-GNN,395.260009765625,393.5967102050781,-1.663299560546875
2025-04-30,QCOM,TSN-Attention Graph-Gated LSTM-GNN,148.4600067138672,146.64089965820312,-1.8191070556640625
2025-04-30,SBUX,TSN-Attention Graph-Gated LSTM-GNN,80.05000305175781,84.76322937011719,4.713226318359375
2025-05-01,AAPL,TSN-Attention Graph-Gated LSTM-GNN,213.32000732421875,212.1790771484375,-1.14093017578125
2025-05-01,ADBE,TSN-Attention Graph-Gated LSTM-GNN,374.6299743652344,374.3176574707031,-0.31231689453125
2025-05-01,AMD,TSN-Attention Graph-Gated LSTM-GNN,96.64999389648438,97.05856323242188,0.4085693359375
2025-05-01,CMCSA,TSN-Attention Graph-Gated LSTM-GNN,31.69634437561035,32.03077697753906,0.33443260192871094
2025-05-01,COST,TSN-Attention Graph-Gated LSTM-GNN,999.0399780273438,992.5947265625,-6.44525146484375
2025-05-01,INTC,TSN-Attention Graph-Gated LSTM-GNN,19.98000144958496,20.051406860351562,0.07140541076660156
2025-05-01,INTU,TSN-Attention Graph-Gated LSTM-GNN,623.1900024414062,626.5219116210938,3.3319091796875
2025-05-01,MSFT,TSN-Attention Graph-Gated LSTM-GNN,425.4000244140625,394.6405029296875,-30.759521484375
2025-05-01,QCOM,TSN-Attention Graph-Gated LSTM-GNN,135.2100067138672,148.11965942382812,12.909652709960938
2025-05-01,SBUX,TSN-Attention Graph-Gated LSTM-GNN,82.01000213623047,79.94123840332031,-2.0687637329101562
2025-05-02,AAPL,TSN-Attention Graph-Gated LSTM-GNN,205.35000610351562,213.0693359375,7.719329833984375
2025-05-02,ADBE,TSN-Attention Graph-Gated LSTM-GNN,380.8699645996094,374.1806640625,-6.689300537109375
2025-05-02,AMD,TSN-Attention Graph-Gated LSTM-GNN,98.80000305175781,96.47709655761719,-2.322906494140625
2025-05-02,CMCSA,TSN-Attention Graph-Gated LSTM-GNN,32.29615783691406,31.687776565551758,-0.6083812713623047
2025-05-02,COST,TSN-Attention Graph-Gated LSTM-GNN,1008.2999877929688,997.4310913085938,-10.868896484375
2025-05-02,INTC,TSN-Attention Graph-Gated LSTM-GNN,20.6200008392334,19.962190628051758,-0.6578102111816406
2025-05-02,INTU,TSN-Attention Graph-Gated LSTM-GNN,631.6800537109375,622.4400024414062,-9.24005126953125
2025-05-02,MSFT,TSN-Attention Graph-Gated LSTM-GNN,435.2799987792969,424.9027099609375,-10.377288818359375
2025-05-02,QCOM,TSN-Attention Graph-Gated LSTM-GNN,139.80999755859375,134.9799041748047,-4.8300933837890625
2025-05-02,SBUX,TSN-Attention Graph-Gated LSTM-GNN,84.69000244140625,81.93658447265625,-2.75341796875
2025-05-05,AAPL,TSN-Attention Graph-Gated LSTM-GNN,198.88999938964844,205.70144653320312,6.8114471435546875
2025-05-05,ADBE,TSN-Attention Graph-Gated LSTM-GNN,381.05999755859375,382.3800354003906,1.320037841796875
2025-05-05,AMD,TSN-Attention Graph-Gated LSTM-GNN,100.58999633789062,99.31157684326172,-1.2784194946289062
2025-05-05,CMCSA,TSN-Attention Graph-Gated LSTM-GNN,32.28678512573242,32.3537712097168,0.066986083984375
2025-05-05,COST,TSN-Attention Graph-Gated LSTM-GNN,1014.8900146484375,1010.7380981445312,-4.15191650390625
2025-05-05,INTC,TSN-Attention Graph-Gated LSTM-GNN,20.270000457763672,20.73992156982422,0.4699211120605469
2025-05-05,INTU,TSN-Attention Graph-Gated LSTM-GNN,632.1799926757812,632.690673828125,0.51068115234375
2025-05-05,MSFT,TSN-Attention Graph-Gated LSTM-GNN,436.1700134277344,435.99468994140625,-0.175323486328125
2025-05-05,QCOM,TSN-Attention Graph-Gated LSTM-GNN,139.44000244140625,140.18211364746094,0.7421112060546875
2025-05-05,SBUX,TSN-Attention Graph-Gated LSTM-GNN,81.66000366210938,84.84176635742188,3.1817626953125
2025-05-06,AAPL,TSN-Attention Graph-Gated LSTM-GNN,198.510009765625,198.5695037841797,0.0594940185546875
2025-05-06,ADBE,TSN-Attention Graph-Gated LSTM-GNN,382.9800109863281,380.394287109375,-2.585723876953125
2025-05-06,AMD,TSN-Attention Graph-Gated LSTM-GNN,98.6199951171875,100.2587661743164,1.6387710571289062
2025-05-06,CMCSA,TSN-Attention Graph-Gated LSTM-GNN,32.32427215576172,32.26222610473633,-0.062046051025390625
2025-05-06,COST,TSN-Attention Graph-Gated LSTM-GNN,1010.5,1012.99267578125,2.49267578125
2025-05-06,INTC,TSN-Attention Graph-Gated LSTM-GNN,19.940000534057617,20.20470428466797,0.26470375061035156
2025-05-06,INTU,TSN-Attention Graph-Gated LSTM-GNN,626.5499877929688,631.2335815429688,4.68359375
2025-05-06,MSFT,TSN-Attention Graph-Gated LSTM-GNN,433.30999755859375,435.56005859375,2.25006103515625
2025-05-06,QCOM,TSN-Attention Graph-Gated LSTM-GNN,139.89999389648438,139.08718872070312,-0.81280517578125
2025-05-06,SBUX,TSN-Attention Graph-Gated LSTM-GNN,82.77999877929688,81.54097747802734,-1.2390213012695312
2025-05-07,AAPL,TSN-Attention Graph-Gated LSTM-GNN,196.25,198.18817138671875,1.93817138671875
2025-05-07,ADBE,TSN-Attention Graph-Gated LSTM-GNN,384.9700012207031,382.3052062988281,-2.664794921875
2025-05-07,AMD,TSN-Attention Graph-Gated LSTM-GNN,100.36000061035156,98.28607940673828,-2.0739212036132812
2025-05-07,CMCSA,TSN-Attention Graph-Gated LSTM-GNN,32.230552673339844,32.29891586303711,0.06836318969726562
2025-05-07,COST,TSN-Attention Graph-Gated LSTM-GNN,1007.1500244140625,1008.6008911132812,1.45086669921875
2025-05-07,INTC,TSN-Attention Graph-Gated LSTM-GNN,20.309999465942383,19.873668670654297,-0.43633079528808594
2025-05-07,INTU,TSN-Attention Graph-Gated LSTM-GNN,641.1400146484375,625.602294921875,-15.5377197265625
2025-05-07,MSFT,TSN-Attention Graph-Gated LSTM-GNN,433.3499755859375,432.69842529296875,-0.65155029296875
2025-05-07,QCOM,TSN-Attention Graph-Gated LSTM-GNN,144.3000030517578,139.54518127441406,-4.75482177734375
2025-05-07,SBUX,TSN-Attention Graph-Gated LSTM-GNN,82.70999908447266,82.66040802001953,-0.049591064453125
2025-05-08,AAPL,TSN-Attention Graph-Gated LSTM-GNN,197.49002075195312,195.93040466308594,-1.5596160888671875
2025-05-08,ADBE,TSN-Attention Graph-Gated LSTM-GNN,383.989990234375,384.3070373535156,0.317047119140625
2025-05-08,AMD,TSN-Attention Graph-Gated LSTM-GNN,101.69998931884766,100.03596496582031,-1.6640243530273438
2025-05-08,CMCSA,TSN-Attention Graph-Gated LSTM-GNN,32.07122802734375,32.20682907104492,0.13560104370117188
2025-05-08,COST,TSN-Attention Graph-Gated LSTM-GNN,1007.7100219726562,1005.2709350585938,-2.4390869140625
2025-05-08,INTC,TSN-Attention Graph-Gated LSTM-GNN,21.000001907348633,20.249656677246094,-0.7503452301025391
2025-05-08,INTU,TSN-Attention Graph-Gated LSTM-GNN,656.0800170898438,640.1984252929688,-15.881591796875
2025-05-08,MSFT,TSN-Attention Graph-Gated LSTM-GNN,438.1700134277344,432.7417297363281,-5.42828369140625
2025-05-08,QCOM,TSN-Attention Graph-Gated LSTM-GNN,145.10000610351562,143.95118713378906,-1.1488189697265625
2025-05-08,SBUX,TSN-Attention Graph-Gated LSTM-GNN,82.19000244140625,82.59583282470703,0.40583038330078125
2025-05-09,AAPL,TSN-Attention Graph-Gated LSTM-GNN,198.52999877929688,197.2551727294922,-1.2748260498046875
2025-05-09,ADBE,TSN-Attention Graph-Gated LSTM-GNN,383.27996826171875,383.55657958984375,0.276611328125
2025-05-09,AMD,TSN-Attention Graph-Gated LSTM-GNN,102.8399887084961,101.56201171875,-1.2779769897460938
2025-05-09,CMCSA,TSN-Attention Graph-Gated LSTM-GNN,32.099342346191406,32.072776794433594,-0.0265655517578125
2025-05-09,COST,TSN-Attention Graph-Gated LSTM-GNN,1008.0900268554688,1006.1298828125,-1.96014404296875
2025-05-09,INTC,TSN-Attention Graph-Gated LSTM-GNN,21.420000076293945,21.004465103149414,-0.41553497314453125
2025-05-09,INTU,TSN-Attention Graph-Gated LSTM-GNN,653.8800048828125,655.361572265625,1.4815673828125
2025-05-09,MSFT,TSN-Attention Graph-Gated LSTM-GNN,438.73004150390625,437.68804931640625,-1.0419921875
2025-05-09,QCOM,TSN-Attention Graph-Gated LSTM-GNN,145.17999267578125,144.91497802734375,-0.2650146484375
2025-05-09,SBUX,TSN-Attention Graph-Gated LSTM-GNN,80.30000305175781,82.1485824584961,1.8485794067382812
2025-05-12,AAPL,TSN-Attention Graph-Gated LSTM-GNN,210.79000854492188,198.91085815429688,-11.879150390625
2025-05-12,ADBE,TSN-Attention Graph-Gated LSTM-GNN,395.94000244140625,384.5911865234375,-11.34881591796875
2025-05-12,AMD,TSN-Attention Graph-Gated LSTM-GNN,108.12000274658203,103.81842041015625,-4.301582336425781
2025-05-12,CMCSA,TSN-Attention Graph-Gated LSTM-GNN,32.539825439453125,32.21795654296875,-0.321868896484375
2025-05-12,COST,TSN-Attention Graph-Gated LSTM-GNN,1016.1500244140625,1009.1351318359375,-7.014892578125
2025-05-12,INTC,TSN-Attention Graph-Gated LSTM-GNN,22.18000030517578,21.69709014892578,-0.48291015625
2025-05-12,INTU,TSN-Attention Graph-Gated LSTM-GNN,662.2999877929688,654.6726684570312,-7.6273193359375
2025-05-12,MSFT,TSN-Attention Graph-Gated LSTM-GNN,449.2600402832031,439.3188171386719,-9.94122314453125
2025-05-12,QCOM,TSN-Attention Graph-Gated LSTM-GNN,152.1199951171875,146.02053833007812,-6.099456787109375
2025-05-12,SBUX,TSN-Attention Graph-Gated LSTM-GNN,85.66999816894531,80.61979675292969,-5.050201416015625
2025-05-13,AAPL,TSN-Attention Graph-Gated LSTM-GNN,212.92999267578125,210.76626586914062,-2.163726806640625
2025-05-13,ADBE,TSN-Attention Graph-Gated LSTM-GNN,397.39996337890625,396.1410827636719,-1.258880615234375
2025-05-13,AMD,TSN-Attention Graph-Gated LSTM-GNN,112.45999145507812,108.18539428710938,-4.27459716796875
2025-05-13,CMCSA,TSN-Attention Graph-Gated LSTM-GNN,32.60543441772461,32.5552978515625,-0.050136566162109375
2025-05-13,COST,TSN-Attention Graph-Gated LSTM-GNN,999.0300903320312,1015.9435424804688,16.9134521484375
2025-05-13,INTC,TSN-Attention Graph-Gated LSTM-GNN,22.559999465942383,22.20824432373047,-0.35175514221191406
2025-05-13,INTU,TSN-Attention Graph-Gated LSTM-GNN,656.7999877929688,662.2078247070312,5.4078369140625
2025-05-13,MSFT,TSN-Attention Graph-Gated LSTM-GNN,449.1400146484375,449.2050476074219,0.065032958984375
2025-05-13,QCOM,TSN-Attention Graph-Gated LSTM-GNN,151.33999633789062,152.12391662597656,0.7839202880859375
2025-05-13,SBUX,TSN-Attention Graph-Gated LSTM-GNN,86.87998962402344,85.68437957763672,-1.1956100463867188
2025-05-14,AAPL,TSN-Attention Graph-Gated LSTM-GNN,212.3300018310547,212.9060516357422,0.5760498046875
2025-05-14,ADBE,TSN-Attention Graph-Gated LSTM-GNN,399.469970703125,397.5940856933594,-1.875885009765625
2025-05-14,AMD,TSN-Attention Graph-Gated LSTM-GNN,117.7199935913086,112.523193359375,-5.196800231933594
2025-05-14,CMCSA,TSN-Attention Graph-Gated LSTM-GNN,32.38987731933594,32.62052536010742,0.23064804077148438
2025-05-14,COST,TSN-Attention Graph-Gated LSTM-GNN,991.5399780273438,998.8240356445312,7.2840576171875
2025-05-14,INTC,TSN-Attention Graph-Gated LSTM-GNN,21.520002365112305,22.587072372436523,1.0670700073242188
2025-05-14,INTU,TSN-Attention Graph-Gated LSTM-GNN,652.830078125,656.7074584960938,3.87738037109375
2025-05-14,MSFT,TSN-Attention Graph-Gated LSTM-GNN,452.94000244140625,449.0845642089844,-3.855438232421875
2025-05-14,QCOM,TSN-Attention Graph-Gated LSTM-GNN,152.97999572753906,151.34341430664062,-1.6365814208984375
2025-05-14,SBUX,TSN-Attention Graph-Gated LSTM-GNN,86.54000091552734,86.89424133300781,0.35424041748046875
2025-05-15,AAPL,TSN-Attention Graph-Gated LSTM-GNN,211.4499969482422,212.30674743652344,0.85675048828125
2025-05-15,ADBE,TSN-Attention Graph-Gated LSTM-GNN,404.69000244140625,399.6677551269531,-5.022247314453125
2025-05-15,AMD,TSN-Attention Graph-Gated LSTM-GNN,114.989990234375,117.78623962402344,2.7962493896484375
2025-05-15,CMCSA,TSN-Attention Graph-Gated LSTM-GNN,33.11152648925781,32.40625,-0.7052764892578125
2025-05-15,COST,TSN-Attention Graph-Gated LSTM-GNN,1010.469970703125,991.3363037109375,-19.1336669921875
2025-05-15,INTC,TSN-Attention Graph-Gated LSTM-GNN,21.549999237060547,21.549922943115234,-7.62939453125e-05
2025-05-15,INTU,TSN-Attention Graph-Gated LSTM-GNN,661.3099975585938,652.73828125,-8.57171630859375
2025-05-15,MSFT,TSN-Attention Graph-Gated LSTM-GNN,453.1300354003906,452.88433837890625,-0.245697021484375
2025-05-15,QCOM,TSN-Attention Graph-Gated LSTM-GNN,152.61000061035156,152.98458862304688,0.3745880126953125
2025-05-15,SBUX,TSN-Attention Graph-Gated LSTM-GNN,87.260009765625,86.55593872070312,-0.704071044921875
2025-05-16,AAPL,TSN-Attention Graph-Gated LSTM-GNN,211.25999450683594,211.26858520507812,0.0085906982421875
2025-05-16,ADBE,TSN-Attention Graph-Gated LSTM-GNN,417.1300048828125,404.2288818359375,-12.901123046875
2025-05-16,AMD,TSN-Attention Graph-Gated LSTM-GNN,117.16999816894531,114.82014465332031,-2.349853515625
2025-05-16,CMCSA,TSN-Attention Graph-Gated LSTM-GNN,33.252105712890625,33.113224029541016,-0.13888168334960938
2025-05-16,COST,TSN-Attention Graph-Gated LSTM-GNN,1025.8299560546875,1009.3698120117188,-16.46014404296875
2025-05-16,INTC,TSN-Attention Graph-Gated LSTM-GNN,21.660001754760742,21.5472412109375,-0.11276054382324219
2025-05-16,INTU,TSN-Attention Graph-Gated LSTM-GNN,670.280029296875,660.7659912109375,-9.5140380859375
2025-05-16,MSFT,TSN-Attention Graph-Gated LSTM-GNN,454.26995849609375,452.77044677734375,-1.49951171875
2025-05-16,QCOM,TSN-Attention Graph-Gated LSTM-GNN,152.5,152.43902587890625,-0.06097412109375
2025-05-16,SBUX,TSN-Attention Graph-Gated LSTM-GNN,85.56999969482422,87.23155212402344,1.6615524291992188
2025-05-19,AAPL,TSN-Attention Graph-Gated LSTM-GNN,208.77999877929688,211.94183349609375,3.161834716796875
2025-05-19,ADBE,TSN-Attention Graph-Gated LSTM-GNN,420.67999267578125,419.27093505859375,-1.4090576171875
2025-05-19,AMD,TSN-Attention Graph-Gated LSTM-GNN,114.739990234375,118.43899536132812,3.699005126953125
2025-05-19,CMCSA,TSN-Attention Graph-Gated LSTM-GNN,33.21461868286133,33.3987922668457,0.184173583984375
2025-05-19,COST,TSN-Attention Graph-Gated LSTM-GNN,1034.3399658203125,1027.853271484375,-6.4866943359375
2025-05-19,INTC,TSN-Attention Graph-Gated LSTM-GNN,21.3799991607666,22.012012481689453,0.6320133209228516
2025-05-19,INTU,TSN-Attention Graph-Gated LSTM-GNN,670.8599853515625,671.92578125,1.0657958984375
2025-05-19,MSFT,TSN-Attention Graph-Gated LSTM-GNN,458.8699951171875,455.39776611328125,-3.47222900390625
2025-05-19,QCOM,TSN-Attention Graph-Gated LSTM-GNN,153.70001220703125,153.59661865234375,-0.1033935546875
2025-05-19,SBUX,TSN-Attention Graph-Gated LSTM-GNN,84.61000061035156,86.04195404052734,1.4319534301757812
2025-05-20,AAPL,TSN-Attention Graph-Gated LSTM-GNN,206.86000061035156,208.636962890625,1.7769622802734375
2025-05-20,ADBE,TSN-Attention Graph-Gated LSTM-GNN,417.6099853515625,420.33428955078125,2.72430419921875
2025-05-20,AMD,TSN-Attention Graph-Gated LSTM-GNN,113.50999450683594,114.57376098632812,1.0637664794921875
2025-05-20,CMCSA,TSN-Attention Graph-Gated LSTM-GNN,33.35519790649414,33.20216751098633,-0.1530303955078125
2025-05-20,COST,TSN-Attention Graph-Gated LSTM-GNN,1036.8199462890625,1033.4522705078125,-3.36767578125
2025-05-20,INTC,TSN-Attention Graph-Gated LSTM-GNN,21.270000457763672,21.344120025634766,0.07411956787109375
2025-05-20,INTU,TSN-Attention Graph-Gated LSTM-GNN,671.1600341796875,670.42236328125,-0.7376708984375
2025-05-20,MSFT,TSN-Attention Graph-Gated LSTM-GNN,458.16998291015625,458.58477783203125,0.414794921875
2025-05-20,QCOM,TSN-Attention Graph-Gated LSTM-GNN,153.82000732421875,153.5519256591797,-0.2680816650390625
2025-05-20,SBUX,TSN-Attention Graph-Gated LSTM-GNN,85.58999633789062,84.57171630859375,-1.018280029296875
2025-05-21,AAPL,TSN-Attention Graph-Gated LSTM-GNN,202.08999633789062,206.71693420410156,4.6269378662109375
2025-05-21,ADBE,TSN-Attention Graph-Gated LSTM-GNN,414.0299987792969,417.26409912109375,3.234100341796875
2025-05-21,AMD,TSN-Attention Graph-Gated LSTM-GNN,112.05999755859375,113.344482421875,1.28448486328125
2025-05-21,CMCSA,TSN-Attention Graph-Gated LSTM-GNN,32.89596939086914,33.34217834472656,0.4462089538574219
2025-05-21,COST,TSN-Attention Graph-Gated LSTM-GNN,1025.300048828125,1035.93310546875,10.633056640625
2025-05-21,INTC,TSN-Attention Graph-Gated LSTM-GNN,20.69000244140625,21.233083724975586,0.5430812835693359
2025-05-21,INTU,TSN-Attention Graph-Gated LSTM-GNN,659.97998046875,670.7222290039062,10.74224853515625
2025-05-21,MSFT,TSN-Attention Graph-Gated LSTM-GNN,452.57000732421875,457.88427734375,5.31427001953125
2025-05-21,QCOM,TSN-Attention Graph-Gated LSTM-GNN,151.30999755859375,153.6713409423828,2.3613433837890625
2025-05-21,SBUX,TSN-Attention Graph-Gated LSTM-GNN,82.98001098632812,85.55074310302734,2.5707321166992188
2025-05-22,AAPL,TSN-Attention Graph-Gated LSTM-GNN,201.36000061035156,201.9488067626953,0.58880615234375
2025-05-22,ADBE,TSN-Attention Graph-Gated LSTM-GNN,414.33001708984375,413.68023681640625,-0.6497802734375
2025-05-22,AMD,TSN-Attention Graph-Gated LSTM-GNN,110.70999145507812,111.89677429199219,1.1867828369140625
2025-05-22,CMCSA,TSN-Attention Graph-Gated LSTM-GNN,32.41799545288086,32.88348388671875,0.4654884338378906
2025-05-22,COST,TSN-Attention Graph-Gated LSTM-GNN,1018.1299438476562,1024.41650390625,6.28656005859375
2025-05-22,INTC,TSN-Attention Graph-Gated LSTM-GNN,20.55000114440918,20.654626846313477,0.10462570190429688
2025-05-22,INTU,TSN-Attention Graph-Gated LSTM-GNN,666.070068359375,659.542724609375,-6.52734375
2025-05-22,MSFT,TSN-Attention Graph-Gated LSTM-GNN,454.8599853515625,452.283203125,-2.5767822265625
2025-05-22,QCOM,TSN-Attention Graph-Gated LSTM-GNN,147.3699951171875,151.16368103027344,3.7936859130859375
2025-05-22,SBUX,TSN-Attention Graph-Gated LSTM-GNN,83.97000122070312,82.94185638427734,-1.0281448364257812
2025-05-23,AAPL,TSN-Attention Graph-Gated LSTM-GNN,195.27000427246094,201.29054260253906,6.020538330078125
2025-05-23,ADBE,TSN-Attention Graph-Gated LSTM-GNN,407.69000244140625,414.2276916503906,6.537689208984375
2025-05-23,AMD,TSN-Attention Graph-Gated LSTM-GNN,110.30999755859375,110.76342010498047,0.45342254638671875
2025-05-23,CMCSA,TSN-Attention Graph-Gated LSTM-GNN,32.352386474609375,32.45934295654297,0.10695648193359375
2025-05-23,COST,TSN-Attention Graph-Gated LSTM-GNN,1008.5,1017.4884033203125,8.9884033203125
2025-05-23,INTC,TSN-Attention Graph-Gated LSTM-GNN,20.049999237060547,20.65077781677246,0.6007785797119141
2025-05-23,INTU,TSN-Attention Graph-Gated LSTM-GNN,720.1300048828125,665.8135986328125,-54.31640625
2025-05-23,MSFT,TSN-Attention Graph-Gated LSTM-GNN,450.17999267578125,454.6627197265625,4.48272705078125
2025-05-23,QCOM,TSN-Attention Graph-Gated LSTM-GNN,145.3800048828125,147.49317932128906,2.1131744384765625
2025-05-23,SBUX,TSN-Attention Graph-Gated LSTM-GNN,84.40000915527344,84.03656768798828,-0.36344146728515625
2025-05-27,AAPL,TSN-Attention Graph-Gated LSTM-GNN,200.21002197265625,195.89736938476562,-4.312652587890625
2025-05-27,ADBE,TSN-Attention Graph-Gated LSTM-GNN,413.0999755859375,409.64453125,-3.4554443359375
2025-05-27,AMD,TSN-Attention Graph-Gated LSTM-GNN,114.55998992919922,111.61311340332031,-2.9468765258789062
2025-05-27,CMCSA,TSN-Attention Graph-Gated LSTM-GNN,32.75539016723633,32.4468879699707,-0.308502197265625
2025-05-27,COST,TSN-Attention Graph-Gated LSTM-GNN,1017.7899780273438,1010.274658203125,-7.51531982421875
2025-05-27,INTC,TSN-Attention Graph-Gated LSTM-GNN,20.55000114440918,20.354116439819336,-0.19588470458984375
2025-05-27,INTU,TSN-Attention Graph-Gated LSTM-GNN,751.9600830078125,721.5994873046875,-30.360595703125
2025-05-27,MSFT,TSN-Attention Graph-Gated LSTM-GNN,460.69000244140625,451.2361755371094,-9.453826904296875
2025-05-27,QCOM,TSN-Attention Graph-Gated LSTM-GNN,148.6300048828125,146.41326904296875,-2.21673583984375
2025-05-27,SBUX,TSN-Attention Graph-Gated LSTM-GNN,87.010009765625,84.8189697265625,-2.1910400390625
2025-05-28,AAPL,TSN-Attention Graph-Gated LSTM-GNN,200.4199981689453,200.07559204101562,-0.3444061279296875
2025-05-28,ADBE,TSN-Attention Graph-Gated LSTM-GNN,412.2300109863281,412.7852783203125,0.555267333984375
2025-05-28,AMD,TSN-Attention Graph-Gated LSTM-GNN,112.86000061035156,114.42152404785156,1.5615234375
2025-05-28,CMCSA,TSN-Attention Graph-Gated LSTM-GNN,32.455482482910156,32.741756439208984,0.2862739562988281
2025-05-28,COST,TSN-Attention Graph-Gated LSTM-GNN,1013.1400756835938,1016.9105224609375,3.77044677734375
2025-05-28,INTC,TSN-Attention Graph-Gated LSTM-GNN,20.37000274658203,20.51763916015625,0.14763641357421875
2025-05-28,INTU,TSN-Attention Graph-Gated LSTM-GNN,754.449951171875,751.46533203125,-2.984619140625
2025-05-28,MSFT,TSN-Attention Graph-Gated LSTM-GNN,457.3599853515625,460.40203857421875,3.04205322265625
2025-05-28,QCOM,TSN-Attention Graph-Gated LSTM-GNN,147.60000610351562,148.4945068359375,0.894500732421875
2025-05-28,SBUX,TSN-Attention Graph-Gated LSTM-GNN,86.0,86.97245025634766,0.9724502563476562
2025-05-29,AAPL,TSN-Attention Graph-Gated LSTM-GNN,199.95001220703125,200.28860473632812,0.338592529296875
2025-05-29,ADBE,TSN-Attention Graph-Gated LSTM-GNN,413.3599853515625,411.95037841796875,-1.40960693359375
2025-05-29,AMD,TSN-Attention Graph-Gated LSTM-GNN,113.02999877929688,112.73773193359375,-0.292266845703125
2025-05-29,CMCSA,TSN-Attention Graph-Gated LSTM-GNN,32.12746047973633,32.4455451965332,0.318084716796875
2025-05-29,COST,TSN-Attention Graph-Gated LSTM-GNN,1008.739990234375,1012.26513671875,3.525146484375
2025-05-29,INTC,TSN-Attention Graph-Gated LSTM-GNN,20.25,20.343660354614258,0.09366035461425781
2025-05-29,INTU,TSN-Attention Graph-Gated LSTM-GNN,757.219970703125,753.955078125,-3.264892578125
2025-05-29,MSFT,TSN-Attention Graph-Gated LSTM-GNN,458.67999267578125,457.07293701171875,-1.6070556640625
2025-05-29,QCOM,TSN-Attention Graph-Gated LSTM-GNN,148.33999633789062,147.470703125,-0.869293212890625
2025-05-29,SBUX,TSN-Attention Graph-Gated LSTM-GNN,84.05000305175781,85.96582794189453,1.9158248901367188
2025-05-30,AAPL,TSN-Attention Graph-Gated LSTM-GNN,200.85000610351562,199.90374755859375,-0.946258544921875
2025-05-30,ADBE,TSN-Attention Graph-Gated LSTM-GNN,415.0899963378906,413.28436279296875,-1.805633544921875
2025-05-30,AMD,TSN-Attention Graph-Gated LSTM-GNN,110.72999572753906,113.1878662109375,2.4578704833984375
2025-05-30,CMCSA,TSN-Attention Graph-Gated LSTM-GNN,32.39925003051758,32.222320556640625,-0.17692947387695312
2025-05-30,COST,TSN-Attention Graph-Gated LSTM-GNN,1040.1800537109375,1008.0879516601562,-32.09210205078125
2025-05-30,INTC,TSN-Attention Graph-Gated LSTM-GNN,19.549999237060547,20.37769317626953,0.8276939392089844
2025-05-30,INTU,TSN-Attention Graph-Gated LSTM-GNN,753.469970703125,756.894287109375,3.42431640625
2025-05-30,MSFT,TSN-Attention Graph-Gated LSTM-GNN,460.3599853515625,458.4813232421875,-1.878662109375
2025-05-30,QCOM,TSN-Attention Graph-Gated LSTM-GNN,145.1999969482422,148.3931884765625,3.1931915283203125
2025-05-30,SBUX,TSN-Attention Graph-Gated LSTM-GNN,83.94999694824219,84.14694213867188,0.1969451904296875
