{
  "linear_metrics": {
    "MSE": 0.002439637202769518,
    "MAE": 0.038853924721479416,
    "RMSE": 0.049392683696773534,
    "Directional_Accuracy": 0.532
  },
  "lstm_metrics": {
    "MSE": 0.0009251811425201595,
    "MAE": 0.021643320098519325,
    "RMSE": 0.030416790470399066,
    "Directional_Accuracy": 0.568
  },
  "hybrid_metrics": {
    "MSE": 0.0009168646647594869,
    "MAE": 0.021474091336131096,
    "RMSE": 0.030279773195311204,
    "Directional_Accuracy": 0.572
  }
}